T1,T2,T3,T4,T5
2014,도랑,쉬,행정,차량
2013,저류지,도시,업무,사고
2015,식생,시설,조,도로
많,습지,조성,기관,운전자
2016,장치,리듬,제안,교통
남자,독특,당직근무,규정,신호
문제점,생수,수명,부서,속도
당직근무,전래,휴일,민원,보행자
리듬,복개,신체,해당,신호등
경비업체,물받이,주간,안전부,횡단보도
플레인,여파,밤,법,차선
문제,빗,넣,민원인,운행
호의호식,혐오,잠,채용,교차로
엘리트,확신,일주일,지방,진입
처먹,연못,악영향,처리,좌회전
밥상,저감,일요일,인사,위험
일수,체류,공원,부처,주행
전래,진짜,남녀,확인,사거리
2024,위상,토요일,담당자,직진
퇴물,부채,형성,수행,교통사고
정년,자연,관광객,절차,방향
컴,오래전,인구,공무원,위반
패거리,합판,관광,신청,우회전
먹이,용지,개발,발급,통행
악영향,모니터링,문화,개정,보행
대가리,세상,편성,관련,버스
차리,인공,단축,정보,구간
일주일,사업비,일수,법령,정차
수명,만끽,즐기,서류,단속
롤,급부상,아이,법률,횡단
