category_id,category_en,category_kr,n,pct
14,Other,기타,288,23.6
2,Frivolous / Emotional petitions,무분별한 청원,258,21.1
9,No opinion / Don't know,의견 없음·모름,153,12.5
1,Lack of effectiveness,실효성 부족,147,12
7,Personal / Selfish petitions,개인적 민원,74,6.1
12,Feasibility / Unrealistic proposals,실현 가능성 부족,48,3.9
3,Transparency / Feedback deficiency,투명성·피드백 부족,45,3.7
6,Readability / Communication issues,가독성·전달력 부족,44,3.6
8,Positive / Supportive,긍정적,35,2.9
11,Need for more participation / Awareness,참여·홍보 필요,34,2.8
13,Civil servant burden / Institutional constraints,공무원 부담·제도적 한계,29,2.4
4,Slow processing / Bureaucratic delays,처리 속도·관료적 지연,27,2.2
5,Need for filtering / Guidelines,필터링·가이드라인 필요,26,2.1
10,Mob mentality / Opinion manipulation,여론몰이·조작,14,1.1
