corrected_bodytext,id,title,date,area,branch,date_answered,date_implemented,date_to_answer,date_to_implement
제안 배경 참전 국가 유공자 장 세 경북 예천 유천면 송 지리 거주 세상 떠나 민원인 고인 사위 장인 마찬가지 공상 군경 급 국가 유공자 고인 국가 보훈처 차원 지원 고인 거주지 관할 경북 북부 보훈 지청 지원 요청 후 거주지 일산 출발 경북 예천군 농협 장례식장 도착 대통령 명의 근 조기 경상북도 지사 명의 근 조기 영정 태극기 지원 국가 유공자 사망 경우 유가족 있 금전 혜택 있 안내문 예천읍 무공 수훈자 회 직원 전달 가 국가 보훈처 감사 생각 장례 마치 후속 조치 취하 과정 가지 문제 발견 관련 제도 개선 필요 경험 토대 상기 제목 정책 제안 현황 문제점 장례 기간 예천군 무공 수훈자 협회 측 관계자 전달 안내문 가지 내용 안내 1 지방 자치 단체 예천군 지원금 경북 북부 보훈 청 안동 지원금 3 지방 자치 단체 배우자 위로 수당 월 2 경험 문제 내용 경북 북부 보훈 지청 안동 사위 민원인 상 차 오후 안내 신청서 기재 사항 기재 팩스 지원금 신청 사위 신청 자격 실무자 전화 오 유가족 당사자 장모 세 치매 증상 계시 입원 계시 글 모르 신청 자체 가능 유가족 신청서 작성 사위 자식 알리 대리 신청 경위 설명 전화 여직원 막무가내 자체 사위 지급 입금 내역 남 자녀 이유 지급 거부 형 행 지급 방식 국가 보훈처 갑 이상 이하 생각 들 얼마 유가족 사이 다툼 발생 리 가사 발생 사위 지급 내역 제시 지원금 사위 책임지 문제 보훈 지청 측 책임지 굴 경우 처음 대통령 명의 근 조기 지원 사위 신청 마땅하 문제 제기 비교 시 민원인 입장 이해 처사 사료 개선 필요 지방 자체 단체 배우자 위로 수당 월 예천군 경우 장례 마치 일산 복귀 날 고인 거주지 관할 경북 예천군 유천 군 면사무소 방문 아내 고인 사망 사실 알리 사망진단서 제출 후 사망 신고 후 고인 배우자 세 김고매 아내 다니 파주시 요양 병원 입원 관계 주민 등록 고양시 일산서구 주소지 두 사위 민원인 주소지 주민 등록 변경 신청 이유 유천면 사무소 직원 예천군 지원액 고양시 지원액 배우자 지급 위로 수당 많 있 고양시 주민 등록 옮기 방안 좋 부가 설명 주민 등록 변경 절차 마치 일산 복귀 수일 후 고양시 문의 결과 고양시 사건 당시 금정굴 사건 아프 기억 국가 유공자 사망 시 배우자 지급 위 수당 자체 참전 유공자 단체 여직원 설명 금정굴 사건 참전 국가 유공자 망인 위로 수당 고양시 국가 보훈처 전국 지자체 상대 현황 파악 조례 지정 지자체 현황 파악 지자체 협조 공문 발송 가능 동일 배우자 위 수당 지급 있 관련 규정 반영 예산 보훈처 예산 항목 반영 동일 지급 방안 중기 정책 과제 선정 제안,1463,1463:6.25 참전 국가유공자 사망시 지원제도 개선 방안 관련 정책제안,2020-01-29,국방/보훈/외교/통일,국가보훈처,2020-03-03,NA,34,NA
현재 발생 근원지 중국 우한 시 후베이 이외 음압 병실 격리 확진자 의심 환자 이상 잠복 가 환자 증상 수퍼 전파 접촉 심 대구 신천지 댜구 천지 수료 교육 참석자 번 신천지 신도 방문 청도 대남 벼원 장례식장 노인 정신 정동 근무 직원 가족 친구 지인 병동 입원 자 방문 가족 빛 간병 인력 직원 거족 중국 우 한시 호흡기 전염 발표 시 개월 중국 우한 시 중국 전역 입국자 전수 주 격리 정밀 검사 확진 검사 회 방역 수인 전염병 방역 방법 중국 입국자 가족 지장 동료 근접 접촉 국가 시설 주 격리 정밀 검사 후 부 생활비 지원 중국 경유 입 국가 전수 주 격리 확진 검사 동 선내 접촉 자원 주 구 지자체 수련원 격리 수용 확진 검사 격리 명령 비실핼자 강제 격리 구인 법령 발효 공중 보건 법 공무 집행 방해 법 적용 중국 여행자 접촉 후유증 상자 검사 거부 증상 고 은폐 시 처벌 호 흡기 전염 질환 인성 전염 수준 우로 관리 경제 조느 날아가 지금 중국 여행자 전수 강제 격리 수용 주 확진검서해야 환자 서멈 추 신천지 대구 센타 중국 여행 무증상 슈퍼전파자 존재 거 바이러스 수치 정도 검출 회 반복 검사 필요 번 환자 게아지매 아들 개월 전 중국 여행 경력 의심 대 구신 천지 센타 수료식 참석자 경기도 과천 센터 출석 중국 우한 신천지 센터 여행자 다수 포함 무증상 바이러스 전파 의심 국가 재난 상황 선포 월 중구 여행 경력자 전원 자진 신고 확진 검사 국가 지자체 지정 격리 시설 이용 강제 법령 길 시 이하 약 신천지 고천 대구 센타 이용자 자진 확진 검사소 출석 주 자진 격리 신고 법령 필요 언론 공표 필요,1992,1992:10 국가감염병 예방사법 경찰관제도긴급도입,2020-02-22,식품/보건/복지/가족,보건복지부,2020-03-18,NA,25,NA
코로나 예방 최악 시나리오 생각 관리 신경 쓰 시점 코로나 감염 높 점 증상 감염자 면역력 떨어지 재 증상 발현 있 면역력 시시각각 변하 코로나 확산 예방 관리 집중 시점 코로나 확진 환자 수 급증 인하 코로나 확진 환자 수 최악 시나리오 대비 코로나 환자 수용 치료 가능 병원 시설 병원 시스템 의사 간호사 감염 대비 감염 경우 병원 환자 치료 어떠하 병원 코로나 환자 수용 치료 가능 최대 리스트 기존 병원 제외 응급 상황 대비 의료 시설 보충 확대 대비 시설 운영 논의 준비 설정 시점 닥치 아수라장 우왕좌왕 상황 분석 아수라장 상황 막 지금 미래 다가오 환자 급증 대비 치료제 발열 증상 호흡 곤란 증상 가라앉히 치료제 연구 세계 논의 병원 의사 전문가 논의 필수 치료제 순위 정하 치료제 약 마스크 대란 사건 일어나 전 중국 우한 치료 죽 대비 치료제 개발 공구 약국 약 판매 곳 제약 회사 코로나 관련 약 위주 제조 대비 의료 시설 환자 몰리 의료 시설 가 환자 비상 응급 약 약국 정부 공급 있 치료제 마스크 마찬가지 대량 구비 중요 지금 예방 통제 신경 쓰 예산 소비 시점 지나 코로나 감염 예방 넘 관리 신경 쓰 감염 높 전염병 상황 판단 집중 전염병 특성 맞 배분 최소한 예방 통제 기본 진행 상황 기초 전염병 예방 손 마스크 사용 홍보 확진자 격리 과잉 격리 통제 국가 예산 쓰 돌아가 상황 지금 확진자 접촉 격리 확진자 다녀가 곳 폐쇄 통제 병원 시설 관리 치료제 대비 모르 최악 시나리오 준비 예산 관리 집중 사 살 죽 죽 나라 다수 효율 생각 면역력 약하 걸리 사망 확률 높 환자 생각 소방관 불나 건물 들어가 사 확률 적 보이 가 길 멀 살아가 확률 높 보이 있 구하 마리 토끼 욕심 냉정 소방관 사 있 구하 국가 경제 좋 현실 예산 곳 번 소모 거 코로나 유행 국가 예산 코로나 쓰 생각 코로나 종식 코로나 인하 쓰 국가 예산 감소 인 필수 소모 예산 충당 생각 코로나 국가 걸 문제 코로나 감염 높 질병 관리 예방 집중 예산 쓰 효율 코로나 감염 높 질병 예방 관리 신경 쓰 예산 관리 투자 질병 유행 기본 먹 살 쓰 살 필요 아프 많 수록 신경 쓰 먹거리 환경 먹 코로나 유행 정신 코로나 집중 국민 불안 뛰 선동 나라 중심 이성 안정 코로나 유행 기본 나라 돌아가 필요 있 잊 소 잃 외양간 고치 격 데 코로나 막 나라 돌아가 구멍 이유 국가 위기 상태 혼란 기본 필수 잊 코로나 대응 살리 코로나 막 피해 가 뿐 죽 산사람 살 나라 돌아가 데 필요 망각 코로나 정신 팔리 정작 중요 망치,2536,2536:코로나 예방보다 최악의시나리오까지 생각해 관리에 신경써야할 시점인 것 같습니다.,2020-02-27,노동/환경,환경부,2020-04-10,NA,43,NA
코로나 예방 최악 시나리오 생각 관리 신경 쓰 시점 코로나 감염 높 점 증상 감염자 면역력 떨어지 재 증상 발현 있 면역력 시시각각 변하 코로나 확산 예방 관리 집중 시점 코로나 확진 환자 수 급증 인하 코로나 확진 환자 수 최악 시나리오 대비 코로나 환자 수용 치료 가능 병원 시설 병원 시스템 의사 간호사 감염 대비 감염 경우 병원 환자 치료 어떠하 병원 코로나 환자 수용 치료 가능 최대 리스트 기존 병원 제외 응급 상황 대비 의료 시설 보충 확대 대비 시설 운영 논의 준비 설정 시점 닥치 아수라장 우왕좌왕 상황 분석 아수라장 상황 막 지금 미래 다가오 환자 급증 대비 치료제 발열 증상 호흡 곤란 증상 가라앉히 치료제 연구 세계 논의 병원 의사 전문가 논의 필수 치료제 순위 정하 치료제 약 마스크 대란 사건 일어나 전 중국 우한 치료 죽 대비 치료제 개발 공구 약국 약 판매 곳 제약 회사 코로나 관련 약 위주 제조 대비 의료 시설 환자 몰리 의료 시설 가 환자 비상 응급 약 약국 정부 공급 있 치료제 마스크 마찬가지 대량 구비 중요 지금 예방 통제 신경 쓰 예산 소비 시점 지나 코로나 감염 예방 넘 관리 신경 쓰 감염 높 전염병 상황 판단 집중 전염병 특성 맞 배분 최소한 예방 통제 기본 진행 상황 기초 전염병 예방 손 마스크 사용 홍보 확진자 격리 과잉 격리 통제 국가 예산 쓰 돌아가 상황 지금 확진자 접촉 격리 확진자 다녀가 곳 폐쇄 통제 병원 시설 관리 치료제 대비 모르 최악 시나리오 준비 예산 관리 집중 사 살 죽 죽 나라 다수 효율 생각 면역력 약하 걸리 사망 확률 높 환자 생각 소방관 불나 건물 들어가 사 확률 적 보이 가 길 멀 살아가 확률 높 보이 있 구하 마리 토끼 욕심 냉정 소방관 사 있 구하 국가 경제 좋 현실 예산 곳 번 소모 거 코로나 유행 국가 예산 코로나 쓰 생각 코로나 종식 코로나 인하 쓰 국가 예산 감소 인 필수 소모 예산 충당 생각 코로나 국가 걸 문제 코로나 감염 높 질병 관리 예방 집중 예산 쓰 효율 코로나 감염 높 질병 예방 관리 신경 쓰 예산 관리 투자 질병 유행 기본 먹 살 쓰 살 필요 아프 많 수록 신경 쓰 먹거리 환경 먹 코로나 유행 정신 코로나 집중 국민 불안 뛰 선동 나라 중심 이성 안정 코로나 유행 기본 나라 돌아가 필요 있 잊 소 잃 외양간 고치 격 데 코로나 막 나라 돌아가 구멍 이유 국가 위기 상태 혼란 기본 필수 잊 코로나 대응 살리 코로나 막 피해 가 뿐 죽 산사람 살 나라 돌아가 데 필요 망각 코로나 정신 팔리 정작 중요 망치,2537,2537:코로나 예방보다 최악의시나리오까지 생각해 관리에 신경써야할 시점인 것 같습니다.,2020-02-27,산업/방송/통신/과학,산업통상자원부,2020-04-08,NA,41,NA
많 가이드 겪 고충 알리 곳 필리핀 보라카이 초 일하 작년 임금 가이드 책임 문제 배상 경우 대비 명목 회사 묶 돈 해고 통보 임금 체불 마지막 부당 해고 당하 사장 한국인 회사 필리핀 소속 이유 대한민국 도움 여행업 소비자 노동자 불리 보라카이 경우 평균 박 일정 지불 가 식사 호텔 비행기 포함 가이드 피 명목 달러 가이드 지급 추가 이상 쓰 오 못하 평가 만큼 서비스 여행사 랜드 사 가이드 회사 지급 가이드 가이드 피 회사 돌려주 추가 손님 일인 적 달러 많 달러 금액 회사 납부 회사 금액 차등 있 후 여행 만족 고객 가이드 책임 가이드 수입 구조 손 이용 서비스 해양 스포츠 관람 이용 금액 부풀리 마진 남기 먹 회사 랜드 사 지정 샾 물건 팔 남기 먹 회사 일정 비율 나누 고정 급여 회사 적 손 푼 쓰 많 달러 금액 가이드 떠안 돈 쓰 손 신경 쓰 강요 고객 불만 가지 가이드 쉬 날 정하 쉬 회사 규모 쉬 성수기 달 성수기 달 정도 쉬 새벽 아프 손 있 가 긴장 놓 아침 오 새벽 가 손 서비스 제공 필요 잠 자 직업 어리 가이드 많 보이 어리 가이드 대부분 광 광학 쪽 대학교 실습 명목 나오 학생 가이드 선택 극 소수 잠 자 밥 챙기 먹 회사 갈구 실적 쇼핑 옵션 서비스 직 손 치이 돈 벌 살아남 가이드 월수입 평균 정도 부분 돈 좋아하 좋아하 선택지 이유 있 벌 분 있 문제 여행사 가이드 운영 기본 가이드 피 달러 가이드 달러 추가 선택 옵션 쇼핑 회 사 다르 있 랜드 사 가져가 모르 랜드 살 손님 여행사 사 오 거 알 리스크 가이드 안 회사 이윤 추구 가이드 이윤 남 고객 번 걸치 돈 지불 만족 만 서비스 있 거 마지막 손 만족 인하 잘못 만족 랜드 사 상위 여행사 모두 투어 하나투어 노랑 풍선 컴 플레인 들어가 손쓰 겨를 랜드 사 가이드 교체 인하 배상 달러 을 임금 차압 당하 마지막 건 핑계 해고 통보 개인 생각 퇴직금 주 당시 코로나 번지 시작 상황 인하 가이드 줄이 랜드 사 폭정 생각 여행사 가이드 운영 서비스 질 가격 인하 있,4750,4750:여행사가 가이드를 직접 운영해야 합니다.,2020-04-25,교육/문화/체육/관광,문화체육관광부,2020-06-16,NA,52,NA
코로나 예방 국민 행동 지침 다음 사회 거리 두 마스크 착용 기침 예절 손 질병관리본부 방역 대책 적극 협조 국 질병관리본부 적극 방역 대책 세계 방역 모범 국가 전염병 예방 관하 선진국 교과서 쓰 정도 적극 모범 대책 일부 몰지각 국민 책임 행동 인하 국지 산발 경로 확인 전염 상황 지속 실정 본 제안자 상기 국민 행동 지침 덧붙이 가지 추가 행동 지침 제안 효과 구강 세척 적극 활용 관하 내용 본 제안자 미생물학 자 명예퇴직 자 구강 세척 제 제조 회사 상관 밝히 구강 세척 적극 활용 구강 세척 정부 개발 감염 위험군 배포 지 다음 주장 바 진단 키트 개발 방역 대책 말미암 한국 세계 안전 코로나 국가 전파력 완벽 역학 차단 이루어지 적극 진단 감염자 관리 부족 느낌 지우 2 이유 바이러스 증상 감염자 증상 발현 초기 전파력 가지 사실 근거 개 바이러스 개 비강 구강 점막 세포 결합 세포 안 들어가 마리 증식 이웃 세포 감염 순식간 마리 증식 과정 대화 기침 재채기 공기 발산 밀폐 공간 많 감염 알리 따라서 내 바이러스 수 줄이 세포 감염 수 확산 줄이 마스크 손 사회 거리 두 방법 중요 인정 부족 생각 따라서 감염자 접촉 위험 집단 집단 전파 중간 단계 내 바이러스 수 적극 줄이 방법 구강 세척 이루어지 제안 주장 바 기존 시중 시판 구강 세척 근거 권 기존 구강 세척 효과 구강 세척 각종 호흡기 바이러스 비강 구강 점막 세포 부착 방해 세척 효과 나름 있 추정 제안자 코로나 예방 국민 행동 지침 구강 세척 추가 주장 바 구강 세척 문헌 근거 본 제안자 논문 제시 관련 참조 문헌 조사 제안 구강 세척 질병관리본부 개발 위험군 사용 고려 바라,7071,7071:코로나19 예방 행동 지침에서 추가 사항,2020-06-26,식품/보건/복지/가족,질병관리청,2020-08-13,NA,48,NA
현황 국가 지방 자치 단체 장 방 작업 내용 항 호의 사항 포함 경우 관계 행정 기관 장 협의 재선 충 병 신규 발생지 중요 발생 방제 필요 경우 방제 후 통보 있 문제점 국회 회 법제사 법 차 회의록 환경부 수정 의견 받아들이 항 호 호 단서 관계 행정 기관 장 협의 심의 국회 회 법제사 법 차 회의록 페이지 수석 전문 위원 남궁석 안 조 소나무재선충 병 방제 확산 방지 반출 금지 구역 지정 공고하 경우 산지 일시 사용 허가 신고 의제 자연공원 생태 보전 핵심 구역 멸종 위기 동식물 서식 곳 방제 작업 작업 개설 토지 형질 변경 수반 경우 사전 협의 필요 환경부 수정 의견 검토 필요 판단 페이지 산림청장 신원섭 아까 전문 위원 말씀 대로 사상자 보상 문제 토지 형질 변경 문제 문제 기재부 환경부 얘기 협의 이견 상태 페이지 수석 전문 위원 남궁석 소나무재선충 병 방제 특별법 관련 기획 재정부 환경부 간 이견 부분 이견 부분 의견 제시 의견 제시 산림청 받아들이 받아들이 대로 수정 내용 조 사상 보상 부분 삭제 부분 있 조 항 호 호 위원장 이상민 서면 위원 배포 농림부 장관 드리 내용 알 수석 전문 위원 남궁석 배포 설명 드리 배포 조 항 호 호 토지 형질 변경 수반 경우 조항 추가 문제 해결 소위 넘기 의결 문제 위원장 이상민 위원 말씀 알 내용 홍일표 위원 이병석 위원 말씀 서영 교 위원 합의 소위 넘기 거 위원장 이상민 서면 배포 수석 전문 위원 남궁석 위원장 이상민 장관 드리 항 유보 나머지 의결 이상 질의 위원 계시 의결 위원장 이상민 배포 말씀 항 항 보류 홍일표 위원 보류 위원장 이상민 보류 배포 위원장 이상민 보류 문안 드리 다음 의결 뜻 페이지 김도읍 위원 예 재선 충 병 배포 위원장 이상민 수정 대로 의결 홍일표 위원 그러 위원장 이상민 항 법률안 수석 전문 위원 수정 배포 안대 수정 나머지 부분 원안 가결 이의 위원 있 가결 선포 사 유림 소유자 동의 입 목 벌채 산지 일시 사용 문화재 보호 구역 개발제한구역 허가 신고 관계 행정 기관 장 협의 불법 벌채 산지 일시 사용 문화재 구역 훼손 개발 제한 구역 훼손 시 군 공무원 유림 소유자 동의 협의 불법 벌채 산지 일시 사용 문화재 구역 훼손 개발 제한 구역 훼손 범죄자 사 유림 소유자 동의 채 국가 지방 자치 단체 장 사 유림 벌채 산지 일시 사용 문화재 구역 훼손 개발 제한 구역 훼손 재물 손괴 죄 행하,7525,"7525:소재법 제16조의3 제2항 개정, 제3항 신설",2020-07-09,국토/교통/농림/해양,산림청,2020-08-07,NA,29,NA
간병 코로나 곁 머물 개월 처음 모르 전염병 모두 곡간 자물쇠 채우 집 안 팎 단속 빠쁜 일상 보내 코로나 환자 지나 영업점 패쇄 경제 전염병 무서움 모두 얼 아무것 지금 영업장 소독 마치 영업 가 조심 조심 문화 손 씻기 마스크 쓰 일상 경제 서로서로 조심 코로나 존재 일상 조심 살 국립재활원 오 과도 대응 고개 병원 전원 오 환자 달 동안 병원 생활 들어오 전 코로나 검사 요하 병원 코로나 검사 있 여쭈 병원 전원 코로나 의심 증세 전하 코로나 검사 선별 진료소 가 곳 엄마 응급 들어가 수술 병원 코로나 검사 검사 전 계시 분 병 원서 검사 여쭈 여쭈 병원 의심 증세 발열 호흡 이상 등 증세 보이 전원 코로나 검사지 필요 고개 고령 환자 급여 선별 진료소 노출 질병관리본부 연락 취하 과잉 검사 권고 내리 병원 의심 증세 보이 한 코로나 검사 실시 거 일반 병원 당장 퇴원 선별 진료소 환자 달 입원 병원 싫 우여곡절 끝 관할 보건소 도움 코로나 검사 국립 재활원 오 원하 환자 보호자 발 혈 호흡기 이상 전원 필요 코로나 검사 건강 보험 혜택 포함 거 질병 과잉 검사 권고 환자 병원 전문 간병 분 한하 실시 병원 돌아다니 분 병원 병원 곳 의사 소견 발열 기침 호흡기 질환 코로나 검사 요하 데 들이 간병인 코로나 검사 환자 간병 분 환자 들어오 병원 환자 개선 필요 이제 차별 코로나 검사 서로 조심 재활 병원 인지 좋 낙상 노출 환자 경제 어쩌 공동 간병인 쓰 일일 간병인 쓰 환자 환자 가족 일인 면회 시스템 구축 입원 첫날 병원 시스템 환자 병원 도착 도착 난관 어머니 병실 올라오 입원 상담 환자 이것저것 불편 어쩌 업무 상황 입원 첫날 퇴원 낙상 위험 간병 분 들어오 있 시스템 혼자 차 빼 나가 침대 낙상 우려 자리 비우 퇴원 입원 날 분 들어오 있 시스템 환자 혼자 침대 눕히 짐 가지 내려가 시간 낙상 위험 침대 위 환자 두 대학 병원 무색하 순간 병원 환자 곳 코로나 과잉 대응 환자 가족 울 인지 좋 분 현대인 삶 속 간병 쓰 간병 비 달 최소 정도 이름 자 전화번호 알 이 넘기 간병 들어오 인지 상태 좋 상주 간병 쓰 환자 보호자 가족 병실 면회 허락 어떠하 환자 인지 좋 간병인 좋 싫 있 좋 돈 주 쓰 보호자 맘 좋 분 환자 상태 환자 가족 관리 들어가 나오 시스 탬 방치 현실 요즘 조심 배려 상주 간병 병원 상주 병원 관계자 인지 환자 가족 상주 간병 쓰 보호자 인 목걸이 걸 인 병실 면회 시스템 열 많 병원 운영 읽 감사,8711,8711:국립재활원 코로나 대응지침,2020-08-12,식품/보건/복지/가족,보건복지부,2020-09-23,NA,42,NA
코로나 인하 여행업 전 위기 맞 분기 분기 출입국 수 집계 해외 여행 자유 이전 년대 돌아가 상황 있 정도 여행업 국외 국내 불문 대 위기 처하 상황 이러하 여행업 관련 위기 과거 차례 대표 살펴보 외환 위기 인하 환율 실업 인하 경제 위기 홍콩 시작 사스 금융 위기 중동 호흡기 증후군 불리우 메르스 외 국지 아이슬란드 화산 폭발 인 유럽 시장 초토 사례 있 이러하 사례 최소 개월 최장 개월 만 정리 여행 수요 살아나 여행업 타격 국지 제한 수준 이루어지 코로나 사태 전 세계 대상 특별 여행 주의보 발령 전 세계 주요 관광지 입국 금지 조치 전 세계 여객 항공 노선 감소 폐지 세계 대상 귀국 후 주 자가 격리 조치 사상 초유 사태 불러오 재앙 상황 있 문화 관광부 서울시 관계 부처 전 다양 지원책 여행 업계 지원 대략 주요 내용 다음 문화관광부 서울시 주관 여행업 대상 특별 융자 고용 유지 지원금 서울 여행업 위기 극복 프로젝트 상공인 생존 자금 지원책 들여다보 사업주 입장 크 도움 위기 상황 희망 고문 버티기 기업 변화 타이밍 놓치 상황 초래 위험 느끼 있 지원책 문제점 정리 여행업 대상 특별 융자 금리 싸 관광 진흥 개발 기금 신용 보증 운영 자금 특별 융자 경우 기준 금리 차감 금리 대출 가능 중간 신용 보증 재단 보증료 붙 함정 있 이러하 내용 융자 심사 마무리 단계 공지 정작 융자 보증료 포함 연 금리 대출 대출 상품 비 예상 크 차이 느끼 점 있 고용 유지 지원금 고용 유지 지원금 사업주 인건비 부담 줄이 취지 있 정책 대 위기 속 정리 해고 막 장기 경영 부실 초래 있 정책 사업주 입장 직원 알 제도 두 정리 해고 직원 사기 악영향 뿐 많 인원 인원 해고 경우 지원금 수준 정리 해고 재무 건전 확보 있 기회 잃 장담 현재 고용 유지 지원금 끝나 이후 개월 간 정리 해고 유예 기간 끝나 대로 여행업 관련 실업자 발생 전망 여행업 대상 고용 유지 지원금 개월 늘어나 경우 사태 개월 연장 지금 고용 유지 지원금 실업 증가 개월 유예 정도 의미 가지 뿐 여행업 위기 극복 프로젝트 지원금 개 여행업 지원 제도 자금 인건비 임차료 운 비 광고 홍보 마케팅 비용 지출 사업주 입장 필요 운영비 지원 당장 마케팅 객 상황 마케팅 비 지출 예산 낭비 지나 상공인 생존 자금 상공인 생존 자금 영세 여행 업자 회 걸치 지원 제도 대표자 개인 통장 지급 점 실효 정책 있 비용 달 적 금액 인하 고용 유지 지원금 지원 대상 포함 사업주 생계 유지 도움 비용 있 정부 시행 정책 여행사 법인 존속 고용 유지 초점 맞추 중요 포인트 정작 사업주 실질 도움 지원책 투 잡 여행업 사활 걸 몰두 사업주 입장 사업주 생계 더불 사업장 유지 실질 지원 이루어지 정책 실효 거두 채 예산 낭비 끝나 있,8963,8963:코로나로 어려움을 겪는 국외여행업 사업자를 위한 실질적인 지원을 요청합니다.,2020-08-19,교육/문화/체육/관광,문화체육관광부,2020-10-16,NA,58,NA
법률 호 가축 전염병 예방법 조 살처분 명령 항 시장 군수 구청장 농림 축산 식품부 령 정하 종 가축 전염병 퍼지 막 필요 인정 농림 축산 식품부 령 정하 바 가축 전염병 걸리 걸리 만 역학 조사 정밀 검사 결과 임상 증상 가축 소유자 가축 살처분 명 우역 우폐역 구제역 돼지 열병 아프리카 돼지 열병 병원 조류 인플루엔자 걸리 걸리 만 역학 조사 정밀 검사 결과 임상 증상 가축 가축 전염병 특정 매개체 경우 가축 전염병 특정 매개체 역학 조사 결과 가축 전염병 특정 매개체 가축 접촉 접촉 의심 경우 농림 축산 식품부 령 정하 경우 한정 에 가축 가축 전염병 특정 매개체 장소 중심 가축 전염병 퍼지 퍼지 우려 가축 소유자 지체 살처분 명 있 위 법률 명시 대로 나라 살처분 농림 축산 식품부 이하 농림부 령 진행 예방 살처분 경우 가축 방역 심의회 열 해당 협의 후 이루어지 알리 법률 호 가축 전염병 예방법 조 가축 방역 심의회 항 가축 방역 관련 주요 정책 심의 농림 축산 식품부 장관 소속 중앙 가축 방역 심의회 두 시 도지사 특별 자치 시장 소속 지방 가축 방역 심의회 두 중앙 가축 방역 심의회 지방 가축 방역 심의회 다음 호의 사항 심의 1 가축 전염병 예방 관리 대책 수립 시행 2 가축 전염병 관하 조사 연구 3 가축 전염병 긴급 방역 대책 수립 시행 4 가축 방역 관계 기관 협조 대책 후략 정리 전염병 발생 시 농림부 일반 살처분 명령 뒤 자체 심의회 열 다음 상황 대응 돌입 구체 예방 살처분 현황 살펴보 농림부 에이아이 구제역 방역 보완 방안 발표 예방 살처분 원칙 확립 아프리카 돼지 열병 경우 긴급 행동 지침 발병 농장 주위 반경 살처분 원칙 범위 고정 값 살처분 명령 항 의거 임의 조정 있 다음 최근 사례 충남 아산 병원 발생 시 발생 농장 주위 살처분 결정 인천 강화 아프리카 돼지 열병 확산 시 강화군 내 돼지 살처분 결정 경기 연천 아프리카 돼지 열병 확산 시 연천군 내 돼지 살처분 결정 질병 확산 심각하 상황 감안 원칙 비하 엄청나 규모 설 나라 예방 살처분 과도 효율 이루어지 앞서 사례 있 예방 살처분 시행 범위 단위 단위 설정 축산 농가 간 역학 관계 무시 채 직선 거리 행정 구역 범위 지정 과학 근거 주먹구구식 처리 뿐 살처분 결정 주민 반발 발생 시 설득 만 구실 아이러니 살처분 명령 항 기술 예방 살처분 기준 위법 축산 농가 주민 경제 심적 고통 호소 동물 단체 주장 느끼 언론 공개 바 인하 살처분 마리 예방 살처분 건수 마리 가운데 항원 검출 개체 마리 살처분 가축 죽 현행 방식 효율 거리 멀 사실 대변 상황 달라지 대응 기준 고민 살처분 범위 설정 분별 살처분 규모 확장 경제 손실 환경 파괴 예정 순서 동물 침해,9478,"9478:예방적 살처분 시행범위, 과학적으로 설정해야",2020-09-02,국토/교통/농림/해양,농림축산식품부,2020-09-25,NA,23,NA
현황 벌채 산지 전용 산지 일시 사용 토사 채취 신고 심사 사업 계획 작성 방법 규정 문제점 신고 실질 구체 심사 대상 형식 심사 대상 실질 요건 보완 보정 요구 이후 법원 판례 법원 선 누 판결 법원 선 누 판결 법원 선 다 판결 법원 선 고 두 판결 법원 선 고 두 판결 법원 선 고 두 판결 법원 선 고 두 판결 가 나오 이러하 법원 판례 나오 이유 신고 형식 심사 대상 형식 사업 계획 제출 대상 불구하 법규 명기 공무원 신고 실질 심사 구체 사업 계획 요구 행위 반복 쟁 송 해결 법원 행정 소송 제기 법률 신고 법규 형식 심사 대상 형식 사업 계획 제출 대상 명기 필요 행정 소송 제기 최근 법원 판결 변하 이제 법규 명시 필요 행정 소송 막 법규 개정 필요 이유 지방 법원 행정 소송 끝나 경우 판례 등록 위 법원 판례 외 필요 지방 법원 행정소송 행정심판 이의신청 많 일부 시 군 벌채 활엽수 반출 땔감 사용 계획 구체 사업 계획 제출 보완 요구 작성 구체 알리 요청 사업자 구체 입 목 처리 제출 공무원 입 목 처리 당사자 공무원 구체 처리 알리 회 보완 요구 후 반려 경우 많 고의 구체 사업 계획 요구 행정 소송 심판 제기 비용 벌금 내 비용 차이 행정 소송 심판 제기 불법 벌금 내 자처 산 주 임업 전국 많 문제 조사 신고 있 행위 공무원 고의 신고 처리 상기 구체 사업 계획 보완 요구 보완 요구 설명 공무원 많 대법원 산지 전용 신고 산지 일시 사용 신고 수리 시장 군수 어떠하 재량 법원 선 고 두 판결 춘천지방법원 강릉 지원 선 구합 판결 춘천지방법원 강릉 지원 선 구합 판결 참조 판례 있 공무원 무시 구체 사업 계획서 보완 요구 재량 행사,10037,10037:산림관련법 신고제도 중 심사 및 사업계획 작성 방법 명시 제안,2020-09-28,국토/교통/농림/해양,산림청,2020-10-28,NA,30,NA
한국수자원공사 입사 이래 경비 근무 살 남성 노인 일자리 처음 들어오 세 퇴직 경찰 분 갑 상전 행세 억압 탄압 폭정 폭언 기타 등등 상관 행세 명령 행세 힘들 신경 정신과 다니 근무 형편 입사 이래 드나들 경비실 앉 차단기 올리 내리 코로나 관공서 공기 마스크 착용 확인 발열 체크 용무 확인 담당자 확인 개인 용무 담당자 나오 만나 거 제한 출입 허용 노인 일자리 들어오 퇴직 경찰 마스크 착용 확인 발열 체크 용무 확인 출입 가능 아침 교대 시간 차단기 올리 채 있슴 처음 입사 이래 입사 처음 경찰 출신 나이 많 현장 대리인 조장 지나 왕따 나이 많 이유 상전 명령 자 휴가 년차 기타 등등 이유 대체 근무자 자신 마스크 착용 확인 발열 체크 용무 확인 강조 기재 손 싸인 근로계약서 사내 밴드 명분 돈 뜯어내 국민 청원 올리 역적 모의 여론 몰이 합리 근무 바라 근로계약서 쓰 근무 지경 꼴 아저씨 원 만큼 돈 주 데 가 꺼 근무 모양 바라 있 교회 다니 뿌리 대로 거두 사기 떨어지 퇴사 가만있 차례 얘기 뻔하 레퍼토리 상관없 얘기 필요 크 소리 모욕 행위 기본 근무 지경 지적 상관없 얘기 필요 크 소리 모욕 행위 기본 통화 녹음 사진 동영상 증거 수집 가지 거 나라 신고 기관 피해자 보호 시스템 생각 들 가해자 보호 회사 수자원공사 청와대 인권 세터 등등 신고 숨기 덮 미 봉합 해결 거 현재 근무복 모자 어깨 견장 명찰 차 나오 근무 노인 일자리 들어오 퇴직 경찰 모자 넥타 그러 남 정복 지 질 간섭 남 흠집 내 깎아내리 상처 주 경찰 출신 차 뒤 바라 보령시 비싸 아파트 살 둥 시대 나이 도 넘 지방 공무원 자랑 차 사 자랑 연금 나오 자랑 자기 자식 자신 자랑 자화자찬 숨 연금 나오 자 거 자식 귀하 남 자식 귀하 거 재물 빽 모르 어머니 귀하 아들 아침 교대 시간 분 휴가 년차 이유 대체 근무자 신동주 이태임 김영수 신민수 씨 아침 들어오 직원 외부 업체 모르 직원 전원 출근 시 출 현황 기재 마스크 착용 확인 발열 체크 담당자 연락 출입 메뉴얼 보이 직원 이제 들어오 외부 업체 넘 퇴근 가르치 모두 밖 근무 서 노인 일자리 들어오 경찰 출신 아저씨 나이 먹 어른 따위 경찰 맞 정도 근무 자만심 권력 재물 과시욕 이상 식당 청소 등의 여사 통화 녹음 친절 감시 통제 사생활 인권 침해 교대 후 근무 모 세면 머리 감 가 간섭 참견 공산주의,10446,10446:관공서&공기업등의 노인일자리로.정년연장.정규직화의 부작용&페해,2020-10-09,식품/보건/복지/가족,보건복지부,2020-11-23,NA,45,NA
안녕 이비인후과 전문의 차 개원의 작년 많 수의 호흡기 질환 환자 세금 내 성실 사업자 올해 가 유행 내년 세금 내 생각 거 이상 매출 증발 먹 사 있 가지 생각 나누 제안 이비인후과 소아 청소년과 내과 오 환자 줄 이유 코로나 공포 질리 환자 호흡기 증상 조금 보건소 선별 진료소 향하 다 급 마스크 쓰 다니 결국 호흡기 과 담당 호흡기 질환 환자 감소 상황 정부 호흡기 전단 클리닉 만드 자체 실현 아이디어 생각 결과 저조 참여율 증거 지자체 호흡기 전담 클리닉 신청 공문 검색 인천 건 부산 건 하남시 군데 보이 문제점 짚 개방 형 클리닉 기존 보건소 장소 기존 호흡기 질환 전문의 돌아가 출장 나오 방식 인 의원 운영 가능 옵션 하루 병원 단골 떨어지 개방 클리닉 많 돈 벌 오 이상 보상 가 엄두 나 사회 나서 리 의사 협회 호흡기 전문 들 호흡기 과 많 호흡기 전문 과 적극 밀 병원 협회 코로나 환자 옵션 기피 결국 검사 보건소 치료 국립 병원 전담 거 내년 의사 나오 보건소 인력 부족 터 설상가상 의료 기관 형 클리닉 있 매머드 급 복합 건물 다그 환자 검사 전문 호흡기 전담 클리닉 건물 관리 업체 말리 분 만 전화 오 거 임대인 말리 있 강행 소송 들어오 있 떨어지 건물 가치 물어내 건물 인지도 접근 최악 망치 있 옵션 의료 기관 공조 시설 분리 동선 분리 복합 건물 가능 층 단독 쓰 있 병원 급 가능 병원 급 환자 먹 살 정형외과 신경외과 수술 많 과 돌아가 먹 사 있 데 바보 병원장 층 환자 내 의원 급 층 통째 쓰 업소 동선 공조 공유 부동산 구매 옵션 있 자금력 개소 개소 지원 시설비 장비 구입비 쓰 씨젠 전화 추출 기 바이오라드 등 의료 장비 물어보 고급 옵션 최소 들 갖 의료 기관 호흡기 전담 클리닉 권장 검체 검사 있 검사 법규 진단 검사 의학과 의사 고용 최소 월 검체 채취 추출 임상병리사 최소 월 가 지원 비용 인건비 사용 현실 이상 호흡기 전담 클리닉 시작 삐걱거리 진행 바퀴 빠지 마차 보이 호흡기 전담 클리닉 개소 설치 지원 돈 쓰 보이,10503,10503:호흡기전담클리닉 제안,2020-10-20,식품/보건/복지/가족,보건복지부,2021-08-26,NA,310,NA
어제 화 나 제거 무례 점 사과 드리 글 남기 졸리 시간 눈 뜨 노력 글 남기 어제 상담원 통화 내용 등교 부분 받아들이 오늘 낮 경기도 교육청 상담원 통호 내용 지구 결정 작년 출석 알 수 늘어나 전망 결정 부분 이야기 서 엄마 화 풀리 장관 하루 새 변종 바이러스 여기저기 나오 어쩌 인생 교육 중요 중시 동 물고 유일 점 지금 동물 새끼 살리 건강 생명 고 직결 돨 있 변종 코로나 극성 부리 시작 기사 능력 있 장관 상처 잠 주무시 충격 ㅓ 터 사과 드리 무례 발언 사고 드리 용서 장관 머리 아프 출석 필요 엄마 코로나 시국 안전 중요 엄마 상반 상황 결정 생각 해보 가지 조심 말씀 드리 예전 티비 친구 교실 수업 장애 가지 친구 원격 인터넷 수업 친구 수업 원격 인터넷 수업 친구 얼굴 화상 카메라 창 칠판 뜨 공간 원격 원격 공존 티비 프로그램 출석 친구 교실 떨어지 앉 수업 인터넷 수업 원하 친구 영상 통화 화면 보이 거 백종원 요리 프로그램 인터넷 수업 친구 공평 형평 날짜 나뉘 입장 바꾸 진행 장관 남 이번 문제 생각 세상 세기 자연 회의 세상 독단 결정 명령 내리 시대 문호 돠 생각 번 장관 이야기 시어머니 며느리 신혼부부 지내 시어머니 부모 아이 부모 집 많 교사 학생 체벌 난리 나 교사 세상 이번 생각 이번 결정 저희으 목 소라 내포 화 나 인터넷 온라인 수업 작년 출석 인정 부분 부탁 드리 부분 엄마 인생 학부모 돠 크 거 바라 코로나 안정 시국 새끼 애기 친구 나라 교육 아가 크 아가 코로나 인하 건강 목숨 희생 간곡하 부탁드리 거 나라 장관 입 나오 있 나 제안 생각 온라인 학교 방통 대도 사이버 대학교 코로나 안전 교육 있 요 생성 교사 선택 원하 수업 거 학년 학년 선생 수 질 장관 교사 분 고 협의 이루 유튜브 교육방송 선생 활용 방법 생각 들 학생 그러 살리 코로나 교실 죽 싫 고등학생 마스크 쓰 등원 시간 친구 고 간식 까먹 마스크 무용지물 장관 교실 주 계시 등등 학생 의견 들 제거 바라 바 올해 초등학교 등원 인터넷 원격 수업 출석 인정 나아가 크 아가 사랑 마음 크 아가 코로나 살리 거 사 간 거 내리 교육 인하 코로너피해 부턱 드리 바 전염병 생 뿐 국민 걸리 있 문제 조심 말씀 드리 거 글 이번 처음 남기 어제으 충격 인생 번 충격,13990,13990:어젠 많이 화가 났어서 혹시라도 무례했던 점이 있다면 사과 드립니다,2021-02-05,교육/문화/체육/관광,교육부,2021-03-18,NA,41,NA
인허가 신고 의제 처리 규정 두 개별 법 많 개별 법 정하 의제 처리 순서 방법 규정 법률 법원 판결 의제 처리 순서 방법 적법 여부 따지 인허가 신고 의제 처리 규정 두 이유 국민 불편 해소 각각 인허가 신고서 일괄 제출 처리 각각 인허가 신고서 개별 제출 처리 있 국민 선택 있 행정청 오인 의제 있 인허가 신고 일괄 제출 개별 법 인허가 신고 거부 행정청 많 인하 반려 취소 불 허가 취소 행정 소송 끊이 대법 법원 일괄 처리 조건 의제 규정 두 개별 법 인허가 신고 목적 사업 이행 있 이유 행정청 패소 행정청 법원 판례 있 판례 이해 서 인허가 신고서 일괄 제출 경우 반려 허가 거부처분 반복 인하 국민 행정 소송 제기 불편 이어지 따라서 민원 처리 법 인허가 신고 의제 처리 순서 방법 명시 필요 행정 소송 제기 국민 불편 해소 있 나아가 행정 신뢰도 높이 있 법률 호 개정 광업 법 조 부칙 항 의하 채광 계획 인가 의하 산림 형질 변경 허가 단 산림법 법률 호 개정 전 산림 훼손 허가 의제 개정 광업 법 시행 후 채광 계획 인가 적용 개정 광업 법 시행 전 채광 계획 인가 채광 시행 산림 형질 변경 필요 경우 별도 산림 형질 변경 허가 법원 선 고 두 판결 건축 법 조 항 건축 허가 경우 산지 전용 허가 농지 전용 허가 도로점용허가 도로 연결 허 하천 점용 허가 의제 바 건축 법 이 허가 의제 제도 두 취지 목적 사업 원활 수행 인 허가 의제 사항 포함 건축 허가 관할 행정청 창구 단일 행정 절차 비용 시간 절감 국민 권익 보호 법원 선 고 두 전원 합의체 판결 구 지원 특별법 조 항 본문 조 항 항 내용 형식 취지 비추 구 지원 특별법 조 의하 사업 시행 승인 경우 법 조 항 규정 사업 관련 인허가 의제 사항 관하 관계 행정 기관 장 일괄 사전 협의 거치 요건 사업 시행 승인 후 인허가 의제 사항 관하 관계 행정 기관 장 협의 거치 그때 해당 인허가 의제 타당하 법원 선 고 두 판결 건축 허가 인하 의제 별도 인 허가 건축 허가 신청 당시 사전 사유 건축 허가 자체 불허 서울고등법원 선 누 판결,14601,14601:“개별법에서 인허가신고등을 받은 것으로 보는 의제 처리 규정을 둔 인허가신고등에 대하여는 민원인의 선택에 의해 개별법에 따라 필요한 인허가신고등을 각각 따로 받을 수 있다”고 산지관리법에 명시 제안,2021-03-05,국토/교통/농림/해양,산림청,2021-05-14,NA,70,NA
실태 개정 시행 도로 교통 법 만 세 이상 운전자 정기 적성 검사 경과 이전 인지 선별 검사 교통안전 교 육 필수 경찰청 도로교통공단 시 군 치매 안심 센터 치매 선별 검사 실시 후 결과 발급 교통안전 교육 기관 제출 홍 보 안내 문 점 시군 치매 안심 센터 치매 검사 단계 치매 선별 검사 실시 선별 검사 결과 정상 경우 결과 발급 가능 인지 저하 의심 경우 예약 의하 진단 검사 실시 후 정상 경우 결과 발급 가능 저하 경우 신경 정신과 의사 원천 의사 소견서 발급 불가 선별 검사 진단 검사 결과 정상 경우 결과 발급 가능 사전 정상 인지 인지 인지 저하 의사 소견서 발급 경우 신경 정신과 방문 불편 관련 병의원 소 견서 발급 치매 검사 실시 문제점 발생 르신 많 민원 야기 소견서 발급 비용 급여 항목 병의원 다르 발급 비용 검사 포함 최대 정도 소요 세 이상 어르신 비용 부담 과도 발생 신경 정신과 운전 면허 갱신 목적 소견서 발급 경우 발생 발급 운전면허 가능 여부 관련 소견 기재 경우 다수 현행 건강 보험 체계 병의원 검사 실시 요양 급여 인정 요양 급여 인정 검사 보건소 선별 검사 결과 제시 시 검사 진단 감별 검사 실시 전국 치매 안심 센터 문제점 의견 조사 협력 방안 협의 최선 대안 나오 있 조치 바,15359,15359:75세이상 고령운전자 운전면허 정기적성 검사 갱신시 치매선별검사 문제점 및 개선제안,2021-04-02,행정/자치/안전,경찰청,2021-04-22,NA,20,NA
실태 개정 시행 도로 교통 법 만 세 이상 운전자 정기 적성 검사 경과 이전 인지 선별 검사 교통안전 교 육 필수 경찰청 도로교통공단 시 군 치매 안심 센터 치매 선별 검사 실시 후 결과 발급 교통안전 교육 기관 제출 홍 보 안내 문 점 시군 치매 안심 센터 치매 검사 단계 치매 선별 검사 실시 선별 검사 결과 정상 경우 결과 발급 가능 인지 저하 의심 경우 예약 의하 진단 검사 실시 후 정상 경우 결과 발급 가능 저하 경우 신경 정신과 의사 원천 의사 소견서 발급 불가 선별 검사 진단 검사 결과 정상 경우 결과 발급 가능 사전 정상 인지 인지 인지 저하 의사 소견서 발급 경우 신경 정신과 방문 불편 관련 병의원 소 견서 발급 치매 검사 실시 문제점 발생 르신 많 민원 야기 소견서 발급 비용 급여 항목 병의원 다르 발급 비용 검사 포함 최대 정도 소요 세 이상 어르신 비용 부담 과도 발생 신경 정신과 운전 면허 갱신 목적 소견서 발급 경우 발생 발급 운전면허 가능 여부 관련 소견 기재 경우 다수 현행 건강 보험 체계 병의원 검사 실시 요양 급여 인정 요양 급여 인정 검사 보건소 선별 검사 결과 제시 시 검사 진단 감별 검사 실시 전국 치매 안심 센터 문제점 의견 조사 협력 방안 협의 최선 대안 나오 있 조치 바,15360,15360:75세이상 고령운전자 운전면허 정기적성 검사 갱신시 치매선별검사 문제점 및 개선제안,2021-04-02,식품/보건/복지/가족,보건복지부,2021-04-27,NA,25,NA
코로나 확산 사망 우리나라 사망 확진 자가 늘어나 동안 코골이 코 보급 확진 자 줄어들 코 코골이 식약청 보급 종식 약속 코로나 퇴치 홍보 보급 신고 식약청 고발 판매 금지 확진 자 늘어나 공정 거래 위원회 허위 제재 심의 데 과태료 부가 과학 근거 사용 허위 공지 뉴스 보도 기사 허위 기사 사용 코로나 확산 질병 관리 청 만 코로나 예방 홍보 보급 공정 거래 위원회 재제 보급 코로나 확산 코로나 세계 확산 예방 허락 예방 힘들 코 발명가 전 전하 감기 독감 바이러스 세균 박테리아 수많 박사 연구 역사 연구 감기 독감 비염 호흡기 질환 세계 최초 예방 치료 제도 혼 자 호흡기 질환 예방 치료 기구 발명 전 생산 코 고리 보급 사용자 효과 좋 지난달 코 고리 사용자 사용 효과 사실 확인서 데이터 집계 코로나 감염자 모두 호흡기 질환 치료 요즘 젊 관공서 공무원 이기 생각 효과 과학 근거 발표 사용 방해 코로나 확산 국민 생활,15401,15401:코로나감염 취약 지구 선정하여 코로나 종식하도록 코바기를 1000명에게  기증합니다,2021-04-14,식품의약품,식품의약품안전처,2021-08-06,NA,114,NA
코로나 방 현대 의학 박사 국립 의료 원 예방 불가 발표 천하 종합 코골이 코 발명가 보급 예방 치료 발표 의료 기기 법 코골이 코 허가 공산 품 보급 코로나 확산 면역학 협회 회장 서울대 의학박사 양심선언 백신 예방 발표 방사선 초 세균 바이러스 박멸 오명 돈 코로나 중앙 임상 위원장 서울의대 교수 오전 국립 중앙 의료원 신축 이전 예정 용지 중앙 예방 접종 센터 열리 간담회 인구 백신 맞 집단 면역 달성 밝히 면역학 협회 회장 백신 예방 불가 발표 오 교수 코로나 인플루엔자 독감 바이러스 토착 코로나 살아가 만큼 바이러스 근절 대신 중증 환자 피해 최소 중점 두 강조 집단 면역 백신 접종 체내 항체 보유 인구 수준 넘어서 상황 면역 가지 많 감염 전파 차단 환자 수 늘 빛 광 코로나 예방 치료 의료 비용 절감 전북 핵 의학과 연구진 발표 식약청 과학 근거 필요 간 발명가 기원 빛 광 자연 방사선 음이온 감마선 나 노선 호흡기 질환 감기 독감 비염 사스 신종 플루 메르스 코로나 예방 치료 식약청 허가 공산 품 공기 정화 보급 코로나 종식 의료 기기 감시 과 고발 방송 효과 효과 법 재제 코로나 확산 의료 기기 등록 허위 방송 보급 방해 국민 효과 불신 코로나 확산 식약청 생 방 법 해결 허가 있 미루 코로나 예방 코로나 호흡기 질환 종식 코 보급 대통령 발명가 면담 개 기관 회담 가지 결정 종식 있 질병 관리 청 코 고리 코 보급 반대 적 반대 이유 기관 보건소 비강 장기 호 의료 기기 등록 자체 항균 탈취 작용 성적서 제출 코골이 코 보급 반대 코로나 예방 치료 확산 중앙 방역 대책 본부 답변 처리 결과 답변 내용 민원 처리 결과 아래 안내 귀하 민원 내용 코로나 19 예방 근접 방사선 조사 기구 코 사용 제안 관하 내용 판단 귀하 제안 감사 드리 제안 내용 과학 객관 입증 필요 생각 질병 관리청 보건 복지 부 식품 의약품 안전처 관련 부처 간 협업 참 있 질병 관리 청 특정 제품 사용 독려 홍보 수행 이해 바라 코로나 관련 귀하 관심 감사 드리 정부 코로나 종 식 국민 하루 일상 돌아가 있 최선 노력 감사 끝 발명가 종식 문제 해결 방법 자 회담 해결 가 천하 종합 호흡기 질환 연구 발명가 기원 코골이 코 보급 호흡기 질환 해결사 식약청 의료 기기 정책 담당 질병 관리청 방역 정책 담당 라 보건복지부 방역 대책 담당 마 원자력 위원회 생활 방사선 관리 담당 자 회담 현재 방역 지침 바꾸 해결 있 코바 기 착용 호흡기 질환 예방 치료 있 현재 방역 코로나 예방 치료 현재 방역 완화 국민 생활 활성 코 착용 코로나 종식 있 호흡기 질병 예방 치료 있,16095,16095:국립 의료원 코로나19 예방 불가 발표  대안은  천하종합 대표 주최 5개 기관  회담으로 코로나 종식한다,2021-05-04,식품/보건/복지/가족,질병관리청,2021-07-15,NA,72,NA
코로나 팬데믹 종식 고하 바이러스 감염 인류 구하 예방 상식 올바르 정확 방역 대책 코로나 바이러스 특성 코로나 바이러스 크기 머리카락 굵기 정도 스파이크 단백질 핵산 싸 작 덩어리 도 움직이 뿐 외부 노출 시 멍터구리 작 단백질 덩어리 바이러스 인체 감염 야기 감염 과정 경우 살펴보 손 묻히 눈 점막 코 점막 도달 눈 비비 코후비기 코털 대화 감염자 입 분출 눈 점막 날 들어오 침투 이후 혈관 속 들어오 피 흐름 전신 순환 속 분 회 순환 주 호흡 기관 폐 체세포 뚫 들어오 숙주 삼 세포 핵 이용 자신 폭발 증식 과정 발병 시작 인체 감염 역학 구도 보이 경우 감염 발생 전부 과언 기타 경우 수혈 성 관계 보건 당국 의료 바이러스 놈 이동 움직이 가스 연기 연상 착각 부르 일으키 애매모호 표현 보균자 밀접 접촉 인하 눈 코 입 숨 쉬 음식 섭취 다양 과정 감염 발생 이해 당황 발표 계속 바이러스 공포 위험 인자 인식 인하 예방 방역 적 혼란 어려움 야기 방역 활동 전개 바이러스 특성 통제 힘 위험 인자 간주 필요 이상 엄청나 노력 혈세 낭비 방역 필요 이상 지나치 출혈 감행 실정 예방 방역 효과 극대 바이러스 특성 꾀 뚫 예방 지식 지혜 센스 발휘 방역 완결 있 사료 결론 지금 부실 예방 수칙 기본 올바르 수정 더하 정확 방역 지침 메뉴얼 정립 방역 전반 신속 개혁 필요 강조 바 코로나 철통 방어 예방 상식 손 조심 눈 조심 대면 대화 시 바이러스 상대 눈 속 순간 침투 조심 감염 발생 대부분 깜깜이 감염 보이 요인 손 조심 손 손 청결 유지 특별 주의 관심 가지 중요 행동 지침 들 오염 손 눈 비비 코후비기 코털 뽑기 금지 나아가 본능 철저 주의 행동 습관 몸 배이 스스로 훈련 무장 코로나 집단 면역 완성 가능 눈 조심 손 눈 비비 물론 대면 대화 시 마스크 미 착용 감염자 입 방출 바이러스 눈 속 침투 감염 특별 주의 기울이 생활 고글 착용 필요 생활 고글 필요 장소 식사 대화 예배 종교 활동 시 노래방 크럽 유흥 주점 스포츠 경기 관람 시 필요 장비 예방 효과 보이 위 번 번 가지 감염 경우의 수 관하 한 전부 과언 기타 경우 들 감염 혈액 수혈 성관계 들 있 조심 피하 있 이해 주의 마스크 착용 환경 사용 방법 마스크 착용 지금 팬 더 믹 시대 바이러스 방출 최대한 줄이 방역 중요 일부 계절 외부 활동 코 궂 가리 코 호흡 바이러스 방출 감염 위 가지 호흡기 바이러스 대처 철통 방어 예방 상식 이상 임상 체험 완성 예방 방역 끝판 정답 강조 바 위 내용 이해 실천 코로나 호흡기 바이러스 감염 개인 사회 완벽 방어 있,16364,"16364:● 사회적거리두기 절대 필요치 않는 ""코로나19 철통방어 예방상식 """,2021-05-09,교육/문화/체육/관광,교육부,2021-12-31,NA,236,NA
헌법 재판소 공공 기관 정보 공개 관하 법률 제정 이전 정부 보유 정보 이해 관계 자 공개 요구 있 권리 알권리 인정 이러하 알권리 표현 자유 포함 기본 선언 헌재 헌마 판례 집 참조 문제 관련 정보 접근 문제 내용 알 내용 알 의견 표현 알권리 표현 자유 표리 일체 관계 정보 공개 청구 알권리 내용 그리하 알권리 헌법 조 의하 보장 밖 국민 주권 주의 헌법 조 인간 존엄 가치 헌법 조 인간 생활 권리 헌법 조 항 오 관련 있 공공 기관 보유 관리 정보 원칙 국민 공개 정보 공개 법 조 항 알권리 헌법 조 항 의하 한계 뿐 헌법 조 항 규정 바 국가 안전 보장 질서 유지 공공복리 필요 경우 본질 내용 침해 법률 제한 있 헌재 헌바 판례 집 상 헌재 헌바 판례 집 상 공공 기관 청구 정보 증거 법원 제출 법원 사본 청구인 교부 송달 결과 청구인 정보 공개 셈 우회 방법 법 예정 방법 법 의하 공개 법원 정보 공개 법 조 행정심판 항 정보 공개 관련 공공 기관 결정 이란 법 조 이의신청 항 정보 공개 관련 공공 기관 공개 결정 부분 공개 결정 해당 행정 정부 민원 회신 종전 정보 공개 여부 결정 통지 정보 공개 청구 외 통지 존재 진정 질의 허위 정보 공개 법 조 반복 청구 처리 항 해당 위법 종결 처리 거 법 조 행정심판 항 정보 공개 청구 후 경과 정보 공개 결정 해당 행정 정부 민원 회신 경우 법 조 행정심판 항 항 행정 심판 청구 합리 경우 법 조 행정소송 항 행정 소송 청구 합리 경우 법 조 이의신청 항 이의신청 합리 경우 표현 자유 표리 일체 관계 국민 기본 알권리 정보 공개 청구 침해 뿐 헌법 조 국민 주권 주의 헌법 조 인간 존엄 가치 헌법 조 인간 생활 권리 헌법 조 항 위배 헌재 헌바 판례 집 상 헌재 헌바 판례 집 상 참조 따라서 위 정보 공개 법 조 반복 청구 처리 항 해당 정보 공개 청구 청구 기관 입장 직원 비리 부정부패 켕기 정보 공개 청구 건 종전 정보 공개 여부 결정 통지 정보 공개 청구 외 통지 존재 진정 질의 허위 정보 공개 법 조 반복 청구 처리 항 해당 허 위로 공문서 작성 내부 결재 악의 위법 종결 처리 경우 헌법 국민 알 권리 보장 마련 정보 공개 제도 자체 의미 만드 뿐 국민 우롱,17740,"17740:종전에 정보공개여부결정통지 or 정보공개청구외통지(부존재, 진정ㆍ질의 등) 없이 허위로 정보공개법 제11조의2(반복청구) 위법하게 종결처리 방지 시스템화 국민제안",2021-07-01,행정/자치/안전,행정안전부,2021-08-11,NA,41,NA
보건 당국 엉터리 예방 방역 대책 실태 이율배반 예방책 의료진 고글 안면 가리개 착용 눈 바이러스 감염 부인 눈 보호 행위 사회 거리 두기 관광 서비스업 유흥업 소 상공업 말살 무식 자비 범죄 행위 손 이하 정답 손 청결 이유 진실 설명 어처구니없 예방 수칙 이유 알 집단 면역 가능 백신 효과 이상 마스크 착용 이하 정답 시간 불문 인류 착용 필요충분조건 현실 가능 5 백신 접종 국민 혈세 가 가 부작용 고통 주 의료 장사 행위 코로나 검사 검체 행위 더위 순서 기다리 국민 개 고생 의료진 확충 엄청나 세금 낭비 경제 손실 실 외 바닥 허공 소독약 살포 행위 바이러스 특성 모르 무지 무모 혈세 낭비 행위 방호 복 표현 방지 복 표기 병원 방 진 청결 유지 위생복 환자 감염 예방 차원 보건 당국 엉터리 예방 방역 대책 멈추 백신 접종 약 장사 사회 거리 두 관광 유흥 음식점 소 상공업 말살 범죄 행위 코로나 철통 방어 예방 상식 이상 임상 체험 역학 조사 확인 보건 의학 진실 손 조심 오염 손 눈 비비 코후비기 절대 금지 손 중요 손 청결 이유 이해 집단 면역 완성 국민 이상 감염 탈출 가능 이유 모르 멍청하 감염 눈 조심 마스크 미 착용자 근거리 이내 맞대면 대 면 대화 시 눈 속 침투 조심 보안 경 스포츠 고글 타입 필요 오염 소 눈 비비 조심 마스크 착용 이유 입 방출 주변 오염 행위 차단 목적 대면 대화 시 시속 날아오 상대 눈 속 침투 예방 차원 깜깜이 감염 일부 국민 모두 철저 동참 시 효과 확실 호흡 기관 보온 중요 겨울철 미세 먼지 위험 시기 코 내리 입 가리 충분하 위 가지 실천 코로나 바이러스 인간 침투 불가 철벽 방어 완성 있슴 예방 끝판왕 기타 주의 사항 보균자 성관계 절대 금지 고발 현존 세상 보건 의료 인류 이름 고발 바이러스 발견 선진 유럽 의료 세기 초 천연두 백신 우연 발견 이후 감격 도취 백신 연구 개발 감기약 콧물 항히스타민제 해열제 진통제 개발 몰두 호흡기 바이러스 감염 통로 역학 구도 관하 여 관심 지 채 약 장사 병 장사 주도 인간 가지 놀 돈벌이 열중 실정 분통 터지 노릇 감기 만병 근원 의료 앞장서 주장 만고 진리 만약 인간 감기 독감 해방 지금 질병 이상 사라지 부인 만고 진리 세상 벌어지 코로나 광란 현대 의학 빚어내 코미디 슬프 고도 뼈아프 역사 순간 겪 지나 순간 진행 지금 코로나 비극 바이러스 감염 역학 해답 풀어내 생각 나무 인격 일관 바이러스 무지몽매 끈질기 기 현대 보건 의료 몽니 인류 안기 크나크 재앙 선물 열 저자 마스크 착용 손 사회 거리 두 국민 생활 서민 경제 말살 데 보건 당국 방역 행정 대책 속 불안 불안 심정 자신 백신 차례 맞이 백성 번민 지켜보 외치 바 순간 코로나 광란 대응 부실 짝 예방 방역 대책 백신 약장 사 몰두 오 세계 보건 당국 의료 땅 백성 지구상 인류 고발 바 인간 처음 바이러스 발견 이후 지나 감기 독감 코로나 호흡기 바이러스 대처 부실 지금 지구 보건 당국 예방 방역 대책 인류 존재 이래 최악 실수 오판 기록 결론 호흡기 바이러스 인체 침,18905,"18905:엉터리 예방,방역대책(백신접종,거리두기 등)은 당장 멈추어야 합니다!",2021-08-03,식품/보건/복지/가족,보건복지부,2021-08-18,NA,15,NA
코로나 바이러스 감염 통로 감염 역학 구도 관하 연구 결과 눈 눈 수 많 혈관 피하 점막 세포 내 표출 도달 상태 바이러스 결막 상피 세포 도달 시 혀괄 침투 용이하 이내 맞 대면 대화 시 지접 침투 시속 재채기 시속 바이러스 오염 손 눈 비비 코 바이러스 오염 손 코후비기 이상 검지 한마디 코 털 코 호흡 흡입 감염 무시 정도 희박하 체험 결과 확인 적 양 비 흡입 있 콧속 항바이러스 물질 라이소자임 존재 콧털 통로 방어 기전 우세 함 입 입 안 물 음식 섭취 인하 입안 내 상피 세포 바이러스 머무르 침투 여유 발생 섭취 후 위 도달 시 대부분 호흡기 세균 바이러스 강하 위산 무력 역학 구도 보이 인간 가축 소 닭 오리 입 감염 무시 정도 바이러스 감염 하 구도 있 안전 확인 보건 당국 엉터리 예방 방역 대책 실태 이율배반 예방책 의료진 고글 안면 가리개 착용 눈 바이러스 감염 부인 눈 보호 행위 사회 거리 두기 관광 서비스업 유흥업 소 상공업 말살 무식 자비 범죄 행위 손 이하 정답 손 청결 이유 진실 설명 어처구니없 예방 수칙 이유 알 집단 면역 가능 백신 효과 이상 마스크 착용 이하 정답 시간 불문 인류 착용 필요충분조건 현실 가능 5 백신 접종 국민 혈세 가 가 부작용 고통 주 의료 장사 행위 코로나 검사 검체 행위 더위 순서 기다리 국민 개 고생 의료진 확충 엄청나 세금 낭비 경제 손실 실 외 바닥 허공 소독약 살포 행위 바이러스 특성 모르 무지 무모 혈세 낭비 행위 방호 복 표현 방지 복 표기 병원 방 진 청결 유지 위생복 환자 감염 예방 차원 보건 당국 엉터리 예방 방역 대책 멈추 백신 접종 약 장사 사회 거리 두 관광 유흥 음식점 소 상공업 말살 범죄 행위 코로나 철통 방어 예방 상식 이상 임상 체험 역학 조사 확인 보건 의학 진실 손 조심 오염 손 눈 비비 코후비기 절대 금지 손 중요 손 청결 이유 이해 집단 면역 완성 국민 이상 감염 탈출 가능 이유 모르 멍청하 감염 눈 조심 마스크 미 착용자 근거리 이내 맞대면 대 면 대화 시 눈 속 침투 조심 보안 경 스포츠 고글 타입 필요 오염 소 눈 비비 조심 마스크 착용 이유 입 방출 주변 오염 행위 차단 목적 대면 대화 시 시속 날아오 상대 눈 속 침투 예방 차원 깜깜이 감염 일부 국민 모두 철저 동참 시 효과 확실 호흡 기관 보온 중요 겨울철 미세 먼지 위험 시기 코 내리 입 가리 충분하 위 가지 실천 코로나 바이러스 인간 침투 불가 철벽 방어 완성 있슴 예방 끝판왕 기타 주의 사항 보균자 성관계 절대 금지 고발 현존 세상 보건 의료 인류 이름 고발 바이러스 발견 선진 유럽 의료 세기 초 천연두 백신 우연 발견 이후 감격 도취 백신 연구 개발 감기약 콧물 항히스타민제 해열제 진통제 개발 몰두 호흡기 바이러스 감염 통로 역학 구도 관하 여 관심 지 채 약 장사 병 장사 주도 인간 가지 놀 돈벌이 열중 실정 분통 터지 노릇 감기 만병 근원 의료 앞장서 주장 만고 진리 만약 인간 감기 독감 해방 지금 질병 이상 사라지 부인 만고 진리 세상 벌어지 코로나 광란 현대 의학 빚어내 코미디 슬프 고도 뼈아프 역사 순간 겪 지나,19032,"19032:엉터리 예방,방역대책(백신접종,거리두기 등)은 당장 멈추어야 합니다!",2021-08-12,식품/보건/복지/가족,질병관리청,2022-03-21,NA,221,NA
공익사업 토지 취득 보상 관하 법률 이하 토지 보상 법 조 항 의제 결 확정 경우 이의재결 민사소송법 상 확정 판결 재결서 정보 집행력 판결 정 본 동일 효력 가지 의제 규정 바 재판서 형평 원칙 비추 중앙토지수용위원회 헌법 조 항 보장 국민 재산 토지 원시 취득 강제 취득 토지 보상 법 조 항 재결서 정 본 전자 정부 법 조 항 행정 업무 효율 운영 관하 규정 조 조 항 의무 전자 문서 작성 재판서 준하 매장 위 변조 방지 조치 의무 있 법원 재판 예규 호 재판서 양식 관하 예규 조 항 재판서 의무 법원 전산 시스템 의하 생성 전자 파일 사용 작성 강행 규정 재판 예규 호 재판서 정보 작성 관하 예규 위 변조 조작 방지 조치 재판 사무 시스템 의하 재판서 정보 등 출력 경우 의무 매장 차원 바코드 복사 방지 마크 음성 생성 바코드 표시 진본 투명 공정 신뢰 보장 헌법 조 항 재판 전심 절차 행정심판 있 행정심판 절차 법률 정하 사법 절차 준용 규정 위 토지 보상 법 토지 수용 관하 재결 헌법 조 항 사법 절차 준용 특별행정심판 민사 소송법 확정 판결 의제 헌법 조 항 재판 전심 절차 행정심판 있 행정심판 절차 법률 정하 사법 절차 준용 규정 입법자 행정 심판 절차 종 절차 규정 정식 재판 기회 배제 행정심판 필요 전심 절차 규정 절차 사법 절차 준용 헌법 조 항 나아가 재판 청구 보장 헌법 조 위반 사법 절차 특징 지우 요소 판단 기관 독립 공정 대 심리 구조 당사자 절차 권리 보장 들 있 위 헌법 조항 행정 심판 사법 절차 준용 요구 위 사법 절차 요소 갖추 필요 사법 절차 본질 요소 구비 용 요구 위반 헌법 재판소 선 헌바 이의신청 절차 위법 수용재결 중앙토지수용위원회 행하 분쟁 해결 절차 실질 행정 심판 성질 갖 법 특별 규정 경우 제외 행정 심판 법 적용 법원 선 누 판결 이의재결 당하 이의 신청 사건 중앙 토지 수용 위원회 종국 판단 원칙 주 사법 성격 가지 법원 선 헌바 거 범죄 돈 목적 사회 통념 토지 수용 재결 정의 공문서 조작 토지 수용 재결서 공문서 조작 가능 배제 공문서 조작 범죄 대상 토지 수용 재결서 공문서 예외 현재 토지 수용 재결서 공문서 위 변조 조작 방지 조치 위 사법 절차 준용 특별행정심판 토지 수용 제도 토지 수용 재결서 민사소송법 상 확정 판결 토지 수용 재결서 정보 집행력 있 판결 정 본 동일 효력 가지 민사 소송법 재판서 준하 형평 보장 위 변조 조작 가능 도 필수 충분조건 민사 소송법 재판서 형평 보장 있 민사 소송법 재판서 준하 토지 보상 법 조 항 토지 수용 재결서 본성 투명 공정 신뢰 보장 위 변조 조작 방지 조치 의무 중앙토지수용위원회 거부 토지 수용 재결서 헌법 사법 절차 민주 투명 반 신뢰 공정 반 결성 진본 자인 다르 켕기 중앙토지수용위원회 자인 다르 거부 거부 문재인 대통령 강조 약속 공정 나라 거부 국민 재산 보장 거부,19276,19276:민사소송법상 확정판결 정본과 동일한 효력 토지수용 재결서 출력물에 대하여 재판서에 준하여 매장마다 2차원 바코드 또는 복사방지용마크 또는 음성생성용바코드 표시의무 국민제안,2021-08-17,국토/교통/농림/해양,국토교통부,2021-09-16,NA,30,NA
헌법 재판소 공공 기관 정보 공개 관하 법률 제정 이전 정부 보유 정보 이해 관계 자 공개 요구 있 권리 알권리 인정 이러하 알권리 표현 자유 포함 기본 선언 헌재 헌마 판례 집 참조 문제 관련 정보 접근 문제 내용 알 내용 알 의견 표현 알권리 표현 자유 표리 일체 관계 정보 공개 청구 알권리 내용 그리하 알권리 헌법 조 의하 보장 밖 국민 주권 주의 헌법 조 인간 존엄 가치 헌법 조 인간 생활 권리 헌법 조 항 오 관련 있 공공 기관 보유 관리 정보 원칙 국민 공개 정보 공개 법 조 항 알권리 헌법 조 항 의하 한계 뿐 헌법 조 항 규정 바 국가 안전 보장 질서 유지 공공복리 필요 경우 본질 내용 침해 법률 제한 있 헌재 헌바 판례 집 상 헌재 헌바 판례 집 상 공공 기관 청구 정보 증거 법원 제출 법원 사본 청구인 교부 송달 결과 청구인 정보 공개 셈 우회 방법 법 예정 방법 법 의하 공개 법원 두 현재 정보 공개 시스템 공무원 창구 정보부 존재 사유 가지 공공 기관 청구 정보 생산 접수 경우 정보 취합 가공 경우 공공 기관 기록물 관리 관하 법률 보존 연한 경과 폐기 경우 정보 특정 포괄 청구 경우 필수 선택 입력 정보 존재 결정 통지 처리 정보 공개 시스템 공무원 창구 정보부 존재 사유 가지 필수 선택 입력 화면 그대로 청구인 정보 공개 시스템 로그인 확인 정보 공개 시스템 정보부 존재 결정 통지 화면 표시 바 정보 존재 사유 가지 청구인 정보 존재 결정 통지 화면 확인 확인 정보 공개 시스템 공무원 창구 정보부 존재 사유 가지 필수 입력 사항 캡처 화면 별도 정보 공개 청구 정보 공개 법 조 반복 청구 처리 항 해당 반복 청구 허위 종결 처리 청구인 알권리 침해 더아 악 위 허위 의하 종결 처리 건 정보 공개 법 이의신청 행정심판 행정 소송 제기 있 불복 조항 정보 공개 시스템 공무원 창구 정보부 존재 사유 가지 공공 기관 청구 정보 생산 접수 경우 정보 취합 가공 경우 공공 기관 기록물 관리 관하 법률 보존 연한 경과 폐기 경우 정보 특정 포괄 청구 경우 필수 선택 입력 정보 존재 결정 통지 처리 화면 청구인 정보 공개 시스템 로그인 확인 정보 공개 시스템 정보부 존재 결정 통지 화면 표시 국민 기본 알 권리 침해 정보 공개 제도 입법 목적 입법 취지 위반 뿐 국민 우롱 행위 다르 정보 공개 시스템 공무원 창구 정보부 존재 사유 가지 입력 사항 확인 청구인 별도 정보 공개 청구 자체 필요 행정력 낭비 행정 불신 자초 국민 피곤 관 중심 행정 처리 대표 사례,19283,19283:정보공개시스템 공무원창구 정보부존재사유 4가지 중 하나 필수 입력사항 화면 그대로 청구인 확인 정보공개시스템 정보부존재통지화면 표시 국민제안,2021-08-17,행정/자치/안전,행정안전부,2021-09-09,NA,23,NA
급보 보건 예방 의학 바이러스 발견 후 지나 동안 호흡기 바이러스 인체 감염 관하 핵심 중요 눈 코 입 관련 감염 역학 구도 파헤치 글 연구 실험 분석 손 놓 채 인간 바이러스 감염 방치 감기약 백신 장사 병 장사 몰두 까닭 인간 감기 독감 합병증 발병 수많 질병 고통 속 병원 치료 전전긍긍 경제 손실 시간 인생 낭비 불안 불안 삶 현상 일상 인간 감염 진실 상상 채 살아오 진실 평생 바이러스 감염 각종 질병 고통 벗어나 저자 알 바이러스 감염 진실 알리 청와대 국민 청원 빌 대통령 국민 알리 바 보건 당국 부실 엉터리 예방 방역 벗어나 바라 인류 역사 국민 청원 마스크 코 가리 코로나 바이러스 감염 예방 생각 어불성설 소 코로나 바이러스 부분 눈 침투 감염 눈 방치 채 오염 손 눈 비비 코후비기 코털 거리 두 마스크 착용 코로나 예방 난리 감염 진실 알 소 보건 당국 예방 방역 대책 동네 개 지경 보건 당국 국민 마스크 쓰 멍 터 구리 만들 코로나 철통 방어 예방 상식 인간 모두 안전 있 본인 이상 탐구 임상 체험 호흡기 바이러스 감염 실질 경험 망라 철통 방어 예방 상식 완성 세상 밝히 바 밑 자 코로나 감기 바이러스 종류 가지 독감 표적 고생 고생 평생 살아가 보건 당국 의료 계속 예방 방역 발 대책 무지몽매 보건 당국 의료 눈 감염 무지 많 의문 남 이유 코로나 환자 병동 근무 의료진 눈 보호 고글 안면 가리개 착용 눈 바이러스 감염 부인 이율배반 이중 잣대 아니하 만약 보건 의료 눈 감염 인정 미필적 고의 의하 살인 행위 있 예방 진실 감추 백신 접종 강행 행위 국민 불안 고통 주 혈세 낭비 사기 기만 행위 거리 두 관광 서비스 산업 소 상공 경제 말살 자비 행정 중대 심각하 범죄 행위 번 강조 의료 진실 눈 피하 각성 바라 덕망 언론 지식인 정치인 의료 엉터리 논리 휘둘리 문제 의식 갖 진실 장 들어오 바라 코로나 철통 방어 예방 상식 대 포인트 예방 끝판왕 오염 손 눈 조심 눈 비비 코 조심 코후비기 코 털 손소독 이유 필요 집단 면역 형성 백신 접종 필요 마스크 미 착용자 대면 대화 시 눈 속 침투 시속 조심 생활 고글 필요 생활 고글 필요 환경 마스크 채 대면 대화 순간 식사 대화 예배 종교 활동 노래방 크럽 댄스 에어로빅 강좌 스포츠 경기 관람 응원 시 등등 기타 보균자 성 접촉 금지 정도 알 실천 예방 끝 있 코로나 호흡기 바이러스 몸 안 침투 감염 불가 코로나 바이러스 감염 통로 감염 역학 구도 관하 이상 체험 연구 결과 눈 눈 수 많 혈관 피하 점막 세포 내 표출 도달 상태 바이러스 결막 상피 세포 도달 시 이후 세포 조직 침투 혈 침투 용이하 이내 맞 대면 대화 시 비 말 침투 시속 재채기 시속 바이러스 오염 손 눈 비비 코 바이러스 오염 손 코후비기 이상 검지 한마디 코 털 코호,19568,"19568:엉터리 예방,방역대책(백신접종,거리두기 등)은 당장 멈추어야 합니다!",2021-08-20,식품/보건/복지/가족,질병관리청,2022-03-21,NA,213,NA
헌법 재판소 공공 기관 정보 공개 관하 법률 제정 이전 정부 보유 정보 이해 관계 자 공개 요구 있 권리 알권리 인정 이러하 알권리 표현 자유 포함 기본 선언 헌재 헌마 판례 집 참조 문제 관련 정보 접근 문제 내용 알 내용 알 의견 표현 알권리 표현 자유 표리 일체 관계 정보 공개 청구 알권리 내용 그리하 알권리 헌법 조 의하 보장 밖 국민 주권 주의 헌법 조 인간 존엄 가치 헌법 조 인간 생활 권리 헌법 조 항 오 관련 있 공공 기관 보유 관리 정보 원칙 국민 공개 정보 공개 법 조 항 알권리 헌법 조 항 의하 한계 뿐 헌법 조 항 규정 바 국가 안전 보장 질서 유지 공공복리 필요 경우 본질 내용 침해 법률 제한 있 헌재 헌바 판례 집 상 헌재 헌바 판례 집 상 공공 기관 청구 정보 증거 법원 제출 법원 사본 청구인 교부 송달 결과 청구인 정보 공개 셈 우회 방법 법 예정 방법 법 의하 공개 법원 정보 공개 법 조 반복 청구 처리 공공 기관 조 조 항 항 정보 공개 청구 다음 호의 해당 경우 정보 공개 청구 대상 정보 성격 종전 청구 내용 유사 관련 종전 청구 동일 답변 사정 종합 고려 해당 청구 종결 처리 있 경우 종결 처리 사실 청구인 알리 정보 공개 청구 정보 공개 여부 결정 통지 자 정당하 사유 해당 정보 공개 청구 경우 정보 공개 청구 조 항 민원 처리 청구 경우 정보 공개 법 조 행정심판 항 정보 공개 관련 공공 기관 결정 이란 법 조 이의신청 항 정보 공개 관련 공공 기관 공개 결정 부분 공개 결정 합리 바 종전 정보 공개 여부 결정 통지 정보 공개 청구 외 통지 존재 진정 질의 허위 정보 공개 법 조 반복 청구 처리 항 해당 위법 종결 처리 거 법 조 행정심판 항 항 행정 심판 청구 합리 경우 법 조 행정소송 항 행정 소송 청구 합리 경우 표현 자유 표리 일체 관계 국민 기본 알권리 정보 공개 청구 침해 뿐 헌법 조 국민 주권 주의 헌법 조 인간 존엄 가치 헌법 조 인간 생활 권리 헌법 조 항 위배 헌재 헌바 판례 집 상 헌재 헌바 판례 집 상 참조 경우 청구인 정보 공개 관련 공공 기관 결정 불복 있 정보 공개 청구 후 경과 정보 공개 결정 정보 공개 법 조 이의신청 조 행정심판 조 행정 소송 불복 있 형평 원칙 위배 위 정보 공개 법 조 반복 청구 처리 항 해당 정보 공개 청구 청구 기관 입장 직원 비리 부정부패 켕기 정보 공개 청구 건 종전 정보 공개 여부 결정 통지 정보 공개 청구 외 통지 존재 진정 질의 허위 정보 공개 법 조 반복 청구 처리 항 해당 허 위로 공문서 작성 결제 악의 위법 종결 처리 경우 헌법 국민 알 권리 보장 마련 정보 공개 제도 자체 의미 만드 국민 우롱 공개 신청 제안 국민신문고 누리집 홈페이지 타인 제안 내용 처리 결과 열람 있 주십 바라,19966,"19966:종전에 정보공개여부결정통지 or 정보공개청구외통지(부존재, 진정ㆍ질의 등) 없이 허위로 정보공개법 제11조의2(반복청구) 위법하게 종결처리건에 대하여 정보공개법에 이의신청ㆍ행정심판ㆍ행정소송 가능조항 신설",2021-09-03,행정/자치/안전,행정안전부,2021-10-07,NA,34,NA
사진 첨부 소량 만들 금속 검출기 넣 기계 스트링 치즈 늘리 손 늘리 기계 넣 곳 중 기업 기업 필요 규모 평 미만 가 공실 평 검출기 놔두 자리 치즈 다 치즈 스트링 치즈 지금 아퍼서 만들 스트링치즈 먹 치즈 손 늘리 먹 치즈 시루 천 깔 위 스텐 드 압착 뚜껑 누르 옮기 금속 나오 데 식약처 인증 과 식품 가공 치즈 자연 치즈 금속 검출기 설치 앞 기업 중소기업 생산 공평 소비자 금속 검출 수제 힘 과정 미만 만드 스트링 치즈 들 유청 빠지 도 커드 나오 수입품 치즈 칼 독일 깔 자르 도마 서 자르 금속 검출 나오 식품 증원 시설 투자 중 고 가격 놔두 자리 치즈 만들 소량 판매 배 배꼽 크 앞 후 금속 검출기 소규모 행정 축산 안전 정책 식품 안전 정책 분리 데 식약처 도 인증 축산물 인증 식품 인증 분리 이번 인증 심사 식품 나오 분 축산 나오 분 전문 떨어지 경험 부족 식약청 사후 평가 설명 말귀 오희려 유 가공 대표 교육 시키 심사 다그 알 심사 선생 규모 금속 검출기 치즈 썹 식약처 표시 인증 과 동안 협의 자연 치즈 금속 검출기 필요 벼룩 간 빼먹 벌 투자 금속 검출기 업체 도와주 행정 소규모 자연 치즈 모르 식품 랑 축산 과 선생 우기 증거 대 기업 위주 규모 유 가공 육 가공 업체 통합 시키 편안 소비자 소규모 업체 영세 업체 기업 중소기업 수율 나오 원유 가지 가지 치즈 만들 자연 치즈 소규모 분리 금속 검출기 필요 건들 끝 파 헤치 재발 식약처 처장 탁상 행정 썹 명분 남용 식약처 인증 교육 단속 소상 공위 업 말살 시키 작정 식품 증원 직원 수준 높 교육 시키 교육 시키 축산 나오 식품 나오 분류 심사 이번 서울 지원 대전 지원 무대보 우기 강제 명령 데 수사관 식품 증원 식약처 감시 기업 위주 행정 소규모 대규모 분리 인증 원 이관 규모 말살 시키 앞 지켜보 축산물 가공업 유형 분류 이번 법 일부 개정 축산물 육 가공 축산물 법 육 가공업 유 가공 유가 공업 알 가공 알 가공업 명시 확인 후 이번 유효 검사 공정 유형 식품 다르 변경,20123,20123:소규모 유가공 자연치즈에 앞으로 금속 검출기를 설치를 하라고 하는데 금속을 다루는 일이 소규모에는 없습니다,2021-09-12,식품의약품,식품의약품안전처,2021-09-17,NA,5,NA
헌법 재판소 공공 기관 정보 공개 관하 법률 제정 이전 정부 보유 정보 이해 관계 자 공개 요구 있 권리 알권리 인정 이러하 알권리 표현 자유 포함 기본 선언 헌재 헌마 판례 집 참조 문제 관련 정보 접근 문제 내용 알 내용 알 의견 표현 알권리 표현 자유 표리 일체 관계 정보 공개 청구 알권리 내용 그리하 알권리 헌법 조 의하 보장 밖 국민 주권 주의 헌법 조 인간 존엄 가치 헌법 조 인간 생활 권리 헌법 조 항 오 관련 있 공공 기관 보유 관리 정보 원칙 국민 공개 정보 공개 법 조 항 알권리 헌법 조 항 의하 한계 뿐 헌법 조 항 규정 바 국가 안전 보장 질서 유지 공공복리 필요 경우 본질 내용 침해 법률 제한 있 헌재 헌바 판례 집 상 헌재 헌바 판례 집 상 공공 기관 청구 정보 증거 법원 제출 법원 사본 청구인 교부 송달 결과 청구인 정보 공개 셈 우회 방법 법 예정 방법 법 의하 공개 법원 두 현재 정보 공개 시스템 공무원 창구 정보부 존재 사유 가지 공공 기관 청구 정보 생산 접수 경우 정보 취합 가공 경우 공공 기관 기록물 관리 관하 법률 보존 연한 경과 폐기 경우 정보 특정 포괄 청구 경우 필수 선택 입력 정보 존재 결정 통지 처리 정보 공개 시스템 공무원 창구 정보부 존재 사유 가지 필수 선택 입력 화면 그대로 청구인 정보 공개 시스템 로그인 확인 정보 공개 시스템 정보부 존재 결정 통지 화면 표시 바 정보 존재 사유 가지 청구인 정보 존재 결정 통지 화면 확인 확인 정보 공개 시스템 공무원 창구 정보부 존재 사유 가지 필수 입력 사항 캡처 화면 별도 정보 공개 청구 정보 공개 법 조 반복 청구 처리 항 해당 반복 청구 허위 종결 처리 청구인 알권리 침해 더아 악 위 허위 의하 종결 처리 건 정보 공개 법 이의신청 행정심판 행정 소송 제기 있 불복 조항 정보 공개 시스템 공무원 창구 정보부 존재 사유 가지 공공 기관 청구 정보 생산 접수 경우 정보 취합 가공 경우 공공 기관 기록물 관리 관하 법률 보존 연한 경과 폐기 경우 정보 특정 포괄 청구 경우 필수 선택 입력 정보 존재 결정 통지 처리 화면 청구인 정보 공개 시스템 로그인 확인 정보 공개 시스템 정보부 존재 결정 통지 화면 표시 국민 기본 알 권리 침해 정보 공개 제도 입법 목적 입법 취지 위반 뿐 국민 우롱 행위 다르 정보 공개 시스템 공무원 창구 정보부 존재 사유 가지 입력 사항 확인 청구인 별도 정보 공개 청구 자체 필요 행정력 낭비 행정 불신 자초 국민 피곤 관 중심 행정 처리 대표 사례,20141,20141:정보공개시스템 공무원창구 정보부존재사유 4가지 중 하나 필수 입력사항 화면 그대로 청구인 확인 정보공개시스템 정보부존재통지화면 표시 국민제안,2021-09-11,행정/자치/안전,행정안전부,2021-10-12,NA,31,NA
헌법 재판소 공공 기관 정보 공개 관하 법률 제정 이전 정부 보유 정보 이해 관계 자 공개 요구 있 권리 알권리 인정 이러하 알권리 표현 자유 포함 기본 선언 헌재 헌마 판례 집 참조 문제 관련 정보 접근 문제 내용 알 내용 알 의견 표현 알권리 표현 자유 표리 일체 관계 정보 공개 청구 알권리 내용 그리하 알권리 헌법 조 의하 보장 밖 국민 주권 주의 헌법 조 인간 존엄 가치 헌법 조 인간 생활 권리 헌법 조 항 오 관련 있 공공 기관 보유 관리 정보 원칙 국민 공개 정보 공개 법 조 항 알권리 헌법 조 항 의하 한계 뿐 헌법 조 항 규정 바 국가 안전 보장 질서 유지 공공복리 필요 경우 본질 내용 침해 법률 제한 있 헌재 헌바 판례 집 상 헌재 헌바 판례 집 상 공공 기관 청구 정보 증거 법원 제출 법원 사본 청구인 교부 송달 결과 청구인 정보 공개 셈 우회 방법 법 예정 방법 법 의하 공개 법원 두 현재 정보 공개 시스템 공무원 창구 정보부 존재 사유 가지 공공 기관 청구 정보 생산 접수 경우 정보 취합 가공 경우 공공 기관 기록물 관리 관하 법률 보존 연한 경과 폐기 경우 정보 특정 포괄 청구 경우 필수 선택 입력 정보 존재 결정 통지 처리 정보 공개 시스템 공무원 창구 정보부 존재 사유 가지 필수 선택 입력 화면 그대로 청구인 정보 공개 시스템 로그인 확인 정보 공개 시스템 정보부 존재 결정 통지 화면 표시 바 정보 존재 사유 가지 청구인 정보 존재 결정 통지 화면 확인 확인 정보 공개 시스템 공무원 창구 정보부 존재 사유 가지 필수 입력 사항 캡처 화면 별도 정보 공개 청구 정보 공개 법 조 반복 청구 처리 항 해당 반복 청구 허위 종결 처리 청구인 알권리 침해 더아 악 위 허위 의하 종결 처리 건 정보 공개 법 이의신청 행정심판 행정 소송 제기 있 불복 조항 정보 공개 시스템 공무원 창구 정보부 존재 사유 가지 필수 선택 입력 정보 존재 결정 통지 처리 화면 청구인 정보 공개 시스템 로그인 확인 정보 공개 시스템 정보부 존재 결정 통지 화면 표시 국민 기본 알 권리 침해 정보 공개 제도 입법 목적 입법 취지 위반 뿐 국민 우롱 행위 다르 정보 공개 시스템 공무원 창구 정보부 존재 사유 가지 입력 사항 확인 청구인 별도 정보 공개 청구 자체 필요 행정력 낭비 행정 불신 자초 국민 피곤 관 중심 행정 처리 대표 사례 행정 안전부 정보 공개 시스템 공무원 창구 내부 작성 관리 정보부 존재 가지 사유 정보 공개 법령 규정 사유 내용 포괄 부분 있 위 내용 청구인 통지 적절하 판단 공공 기관 청구인 요구 설명 란 존재 결정 사유 청구인 알 구체 작성 통지 채택 답변 정보 공개 시스템 공무원 창구 정보부 존재 사유 가지 필수 입력 화면 청구인 통지 답변 자체 정보 공개 법 입법 목적 취지 위배 청구인 요구 설명 란 기재 존재 결정 사유 청구 기관 기재 글자 정보 공개 법 조 항 정보 공개 시스템 처리 가능 유명무실 이유 채택 어불성설 소극 행정 관 중심 행정 처리,20598,20598:정보공개시스템 공무원창구 정보부존재사유 4가지 중 하나 필수 입력사항 화면 그대로 청구인 확인 정보공개시스템 정보부존재통지화면 표시 국민제안,2021-10-14,행정/자치/안전,행정안전부,2021-11-12,NA,29,NA
헌법 재판소 공공 기관 정보 공개 관하 법률 제정 이전 정부 보유 정보 이해 관계 자 공개 요구 있 권리 알권리 인정 이러하 알권리 표현 자유 포함 기본 선언 헌재 헌마 판례 집 참조 문제 관련 정보 접근 문제 내용 알 내용 알 의견 표현 알권리 표현 자유 표리 일체 관계 정보 공개 청구 알권리 내용 그리하 알권리 헌법 조 의하 보장 밖 국민 주권 주의 헌법 조 인간 존엄 가치 헌법 조 인간 생활 권리 헌법 조 항 오 관련 있 공공 기관 보유 관리 정보 원칙 국민 공개 정보 공개 법 조 항 알권리 헌법 조 항 의하 한계 뿐 헌법 조 항 규정 바 국가 안전 보장 질서 유지 공공복리 필요 경우 본질 내용 침해 법률 제한 있 헌재 헌바 판례 집 상 헌재 헌바 판례 집 상 공공 기관 청구 정보 증거 법원 제출 법원 사본 청구인 교부 송달 결과 청구인 정보 공개 셈 우회 방법 법 예정 방법 법 의하 공개 법원 정보 공개 법 조 반복 청구 처리 공공 기관 조 조 항 항 정보 공개 청구 다음 호의 해당 경우 정보 공개 청구 대상 정보 성격 종전 청구 내용 유사 관련 종전 청구 동일 답변 사정 종합 고려 해당 청구 종결 처리 있 경우 종결 처리 사실 청구인 알리 정보 공개 청구 정보 공개 여부 결정 통지 자 정당하 사유 해당 정보 공개 청구 경우 정보 공개 청구 조 항 민원 처리 청구 경우 정보 공개 법 조 행정심판 항 정보 공개 관련 공공 기관 결정 이란 법 조 이의신청 항 정보 공개 관련 공공 기관 공개 결정 부분 공개 결정 합리 바 종전 정보 공개 여부 결정 통지 정보 공개 청구 외 통지 존재 진정 질의 허위 정보 공개 법 조 반복 청구 처리 항 해당 위법 종결 처리 건 정보 공개 법 조 이의신청 항 이의 신청 합리 정보 공개 법 조 행정심판 항 항 행정 심판 청구 합리 경우 정보 공개 법 조 행정소송 항 행정 소송 청구 합리 경우 표현 자유 표리 일체 관계 국민 기본 알권리 정보 공개 청구 침해 뿐 헌법 조 국민 주권 주의 헌법 조 인간 존엄 가치 헌법 조 인간 생활 권리 헌법 조 항 위배 헌재 헌바 판례 집 상 헌재 헌바 판례 집 상 참조 경우 청구인 정보 공개 관련 공공 기관 결정 불복 있 정보 공개 청구 후 경과 정보 공개 결정 정보 공개 법 조 이의신청 조 행정심판 조 행정 소송 불복 있 형평 원칙 위배 위 정보 공개 법 조 반복 청구 처리 항 해당 정보 공개 청구 청구 기관 입장 직원 비리 부정부패 켕기 정보 공개 청구 건 종전 정보 공개 여부 결정 통지 정보 공개 청구 외 통지 존재 진정 질의 허위 정보 공개 법 조 반복 청구 처리 항 해당 허 위로 공문서 작성 결제 악의 위법 종결 처리 경우 헌법 국민 알 권리 보장 마련 정보 공개 제도 자체 의미 만드 국민 우롱,21374,"21374:종전에 정보공개여부결정통지 or 정보공개청구외통지(부존재, 진정ㆍ질의 등) 없이 허위로 정보공개법 제11조의2(반복청구) 해당한다 위법하게 종결처리건 같은법 제18조(이의신청)에 따라 불복 가능조항 신설 제안",2021-11-07,행정/자치/안전,행정안전부,2021-12-08,NA,31,NA
일본 유람선 갇히 죽 대한민국 요양 병원 대책 조기 발견 격리 코로나 전담 병원 돌봄 인력 확충 코로나 바다 위 코호트 격리 동일 집단 격리 집단 사망 일본 유람선 사망 대한민국 요양 병원 사태 후속 대책 마련 시급하 전문가 코로나 의심 환자 조기 발견 분리 코로나 전담 병원 중증 오 상 환자 돌보 있 돌봄 인력 확충 단기 대책 있 입 모으 서울 구로구 요양 병원 잠복기 환자 조기 분리 코로나 집단 발발 병원 코로나 확진자 코로나 검사 음성 판정 미열 증상 남 번 검사 결과 기다리 주말 사이 병실 있 환자 보호자 간병인 집단 확진 판정 중앙 방역 대책 본부 지침 상 코호트 격리 인 실 원칙 요양 병원 지침 거 사실 가능 전국 부분 요양 병원 인 실 적 코로나 확진 환자 분리 코로나 잠복기 환자 음성 환자 모이 김 재동 대구시 시민 건강 국장 서울신문 통화 지나 대구 경북 정신병원 요양 병원 피해 크 거 밀접 접촉 코호트 격리 뒤늦 양성 판정 환자 음성 환자 교차 감염 시키 교훈 삼 차 유행 코호트 격리 대구 경북 나머지 지자체 요양 병원 집단 보호 시설 코호트 격리 시설 지정 현재 곳 요양 병원 코호트 격리 병원 지정 김 국장 코호트 격리 근본 대책 코로나 확진자 코로나 전담 병원 이송 밀접 접촉 환자 인 실 격리 가능 시설 갖추 병원 옮기 교차 감염 막 조언 정부 코로나 전담 병원 이송 중증 오 상 환자 돌보 간호 인력 확충 숙제 남 요양 병원 입원 중증 오 상 환자 시간 수발 들 있 간병 인력 필요 욕창 발생 시간 몸 똥오줌 밥 떠먹이 천 미 이대목동병원 호흡기 내과 교수 코로나 전담 병원 요양 병원 환자 거 가능 코로나 환자 일반 환자 배 간호 인력 필요 코로나 걸리 요양 병원 환자 배 인력 들어가 지적 코로나 전담 병원 요양 병원 환자 재깍 속사정 코로나 전담 병원 중증 환자 간호 인력 부족 파견 간호사 근무 상황 코로나 상황 병원 정식 직원 간병인 격리 병동 안 들어가 거 힘들 병원 기존 간호 인력 간병 업무 떠맡 상황 중증 환자 많 간호 진 피로 배가 코호트 격리 지정 주 만 풀려나 경험 서울 요양 병원 원장 정부 코로나19 확진 판정 중증 오 상 환자 돌보 있 역량 갖추 공공 요양 병원 만들 운영 지적 전국 개 공공 요양 병원 가운데 개 민간 위탁 운영 민간 병원 감염병 대응 역량 차이 상황 천 교수 근본 대책 코로나 확진자 수 줄이 정부 사회 거리 두 단계 격상 코로나 전 수 검사 실시 깜깜이 환자 줄이 신종 코로나바이러스 감염증 코로나 집단 감염 발생 코호트 격리 동일 집단 격리 경기 부천시 한 요양 병원 서 대 확진자 잇따르 숨지 상태 악화 중증 환자 병상 옮기 집중 치료 상황 병상 배정 드러나 부천시 부천 요양 병원 이날 확진자 확인 잇따르 숨지 요양 병원 지나 코로나 확진자 나오 이틀 뒤 코호트 격리 사망자 대 대 여성 확진자 사망 뒤 대 확진자 목숨 잃 병원 관계자 격리 중 상태 악화 병원 이송 요청 병상 확보 와중 돌아가 설명 위 기사 작년 기사 아래 기가 올해 기사 병상 구하 확진자 숨지 코호트 격리 요양 병원 비극,21969,21969:일본 유람선처럼 갇혀 죽는 대한민국 요양병원 코호트격리 문제 및 해결방안,2021-12-07,식품/보건/복지/가족,보건복지부,2022-01-17,NA,41,NA
후유증 탈모 고열 탈진 흉 통 불면증 환각 코로나 발가락 지남력 장애 인지 기능 저하 호흡 곤란 근육통 몸살 빈맥 오심 구토 부정맥 탈모 회복 나타나 두피 외 눈썹 부위 나타나 있 고열 감염 나타나 고열 회복 후 계속 설사 감염 나타나 증상 회복 후 발생 있 바이러스 주지 바 처음 감염 호흡기 들어오 허파 잠복 세력 키우 면역 약하 장기 점령 몸 전체 퍼지 일정 기간 지나 세력 키우 몸 밖 배출 조사 후유증 시달리 부분 호흡 흉 통 호소 사례 많 폐렴 사망자 많 치료 폐렴 치료 생사 좌우 의료인 설명 바이러스 침입 장시간 잠복 폐 후유증 치유 수소 가스 흡입 방안 제안 수소 가스 이용 코로나 완치자 후유증 치유 방안 타당성 세포 재생 과정 필연 발생 활성산소 종 증가 막 활성 산소 종 과도 활동 억제 역할 항산화 항산화 물질 인체 발생 카탈라제 퍼옥시레 독신 글루타치 오 스트레스 관리 항산화 식품 보충 소화 흡수 유효 성분 혈류 타 체내 곳곳 옮기 효과 나타내 있 과정 소화 흡수 능력 차이 인하 유효 성분 체내 특정 부분 도달 있 대사 기능 저하 환자 효과 그동안 마시 수소 물 이용 수소 치료 기관 위장 흐르 내리 가 코 흡입 수소 코 목 기관 폐 이어지 관 내 외부 스며들 눈 뇌 들어가 항산화 기능 우주 작 원소 수소 피부 뼈 근육 장기 혈관 투과 세포 스며들 뇌 중요 기관 외부 침입자 점검 관문 정하 물질 외 통과 분자 작 수소 체내 곳 프리 패스 통과 항산화 기능 면역 작용 구급차 분자 수소 가스기 설치 서두르 순도 분자 수소 가스 의료 분야 뇌경색 심근 경색 응급 치료 중요 역할 뇌경색 심근 경색 뇌 심장 혈관 막히 혈액 공급 차단 세포 산소 영양분 공급 조직 괴사 병 시급 다투 응급 상황 일반 산호 호흡기 사용 산소 결핍 일으키 조직 산소 공급 이번 대량 활성산소 발생 구급 살인 행위 꼴 뇌경색 치료 뇌 온도 낮추 세포 파괴 속도 늦추 처치 더불 과도 생성 활성산소 제거 중요 일본 의과대 오오타 시게오 교수 일시 심 정지 상태 수소 흡입 뇌 세포 미치 영향 관하 논문 수소 가스 흡입 위력 발표 일본 구급 시스템 분자 수소 흡입 장치 도입 응급 환자 수소 가스 흡입 실시 구급차 분자 수소 흡입 장치 도입 검토 필요,22050,22050:코로나 감염자 완치판정후 후유증을 호소. 수소가스호흡기로 치유방안 제안합니다,2021-12-03,식품/보건/복지/가족,질병관리청,2022-02-17,NA,76,NA
의료진 코로나 예방 방역 책 소견 의료진 착용 복장 각종 장비 중요 장비 눈 바이러스 보호 고글 다음 검체 작업 일반 대중 앞 활동 시 착용 안면 가리개 중요 장비 있 의료진 눈 보호 예방 소홀 의료진 감염 속출 의료 대란 사태 번지 의료 모르 리 의야 의사 눈 바이러스 감염 부정 의견 강조 일반인 눈 대한 감염 예방 관하 무시 엉터리 예방 방역 대책 몰두 변이 무장 다가오 코로나 늪 빠지 미필적 고의 의하 살인 행위 의료진 방호 복 반도체 공장 방진 작업복 성질 유사 작업자 행동 인하 실내 공간 먼지 세균 번지 부작용 방지 용도 의복 의료진 방호 복 방진 복 표기 올바르 표현 코로나 감기 독감 호흡기 바이러스 인체 침투 직전 관련 바이러스 침투 감염 물리 메카니즘 감염 역학 구도 바이러스 감염 물리 메카니즘 바이러스 최초 점막 상피 세포 뚫 인체 침투 들 침투 과정 관하 탐구 침투 진행 순간 형태 침투 통로 장소 환경 밝히 연구 최초 바이러스 감염 원인 밝히 감염증 연구 기본 호흡기 바이러스 감염병 기초 역학 접근 밝히 호흡기 바이러스 기본 연구 과제 감염 역학 구도 호흡기 바이러스 인체 감염 최초 발생 상황 주변 환경 감염자 상태 감염증 증세 정도 탐구 중요 기초 의학 오 현대 의학 위 기술 가지 바이러스 인체 감염 발생 처음 순간 연구 중요 기초 의학 접근 필수 감염증 연구 지나 넘 시간 동안 조금 구체 연구 노력 인류 공헌 바 뿐 관심 나머지 결과 예방 방역 올바르 방침 물론 인간 일상 생활 예방 상식 밝혀내 채 치료약 병원 치료 몰두 약장 사 병원 장사 주도 결과 일반 독감 배 강하 증식 가지 코로나 펜데믹 악몽 맞 깜깜이 감염 퍼즐 속 갇히 허둥대 예상 뛰 넘 최악 상태 급변 가운데 급조 백신 양산 반 강제 접종 인하 희생 가지 부작용 문제점 발생 뿐 방역 가지 헛점 보이 갈피 우왕 좌 왕 가운데 계속 코로나 변이 역습 지나 번 사스 메르스 사태 독감 짧 전쟁 다르 최악 장기 방역 대란 사태 빠지 치 앞 상황 지금 현실 의학 책임 의학 직무 유기 책임 인류 단죄 피하 오 현대 의료 지금 상황 책임 인류 앞 진정 있 고백 물론 인류 감기 독감 호흡기 바이러스 공격 발생 감염 사과 합병증 인하 환자 발생 더불 치료 과정 고통 경제 손실 야기 책임 자유 본인 호소 바 지구 국가 보건 당국 늦 전 본인 이상 연구 임상 체험 밝히 코로나 철통 방어 예방 상식 적극 관심 신속 실행 지금 코로나 아 규환 혼돈 인류 구하 코로나 펜데믹 단박 종식 있 바라 바 우리나라 방역 사태 관하 우선 청소년 백신 패스 항의 끊 작금 현실 김 선생 코로나 철통 방어 예방 상식 안정 방역 꼬이 실타래 풀어내 신 수 확신 바 수도 내 대학생 이하 청소년 학생 대상 코로나 철통 방어 예방 상식 밝히 기본 메뉴얼 예방 상식 실천 장소 환경 보안 경 착용 철저 실행 감행 달 정도 단기간 확연하 코로나,22745,"22745:부당한 ""백신 패스"" 완전 해결을 위한 신의 한 수= 코로나19 철통방어 예방상식",2022-01-04,식품/보건/복지/가족,질병관리청,2022-01-21,NA,17,NA
정부 코로나 발병 증가 위 중증 낮 감기 일상 관리 체계 들어가 상공인 고통 외면 나라 미래 아동 준비 있 초등학교 이하 아동 코로나 접종 맞 가을 세 이상 접종 시행 계획 이하 아이 기약 이하 아이 유치원 어린이집 다니 위 중증 환자 노약자 기저 질환자 포함 영유아 경우 접종 코로나 감염 피해 크 가족 생활 일상 관리 시 접종 아이 크 위험 노출 있 선별 진료 검사 시 어른 검사 인하 교차 감염 우려 아이 코 점막 약하 관계 항원 검사 시 많 고통 호소 코 점막 헑 코피 나 상황 날 심하 5 어른 일상 관리 아이 관리 필요 상황 보이 무료 검사 보건소 찾 불편 일상 관리 가 과도기 일반 병원 검사 문의 많 가능 보건소 진료 돌리 추세 검사 의무 해제 문제 증가 그러 항원 검사 검사 아동 병원 찾 힘 상황,24217,24217:아동들의 코로나 검사에 대한 제안,2022-03-08,식품/보건/복지/가족,질병관리청,2022-04-15,NA,38,NA
정부 코로나 발병 증가 위 중증 낮 감기 일상 관리 체계 들어가 상공인 고통 외면 나라 미래 아동 준비 있 초등학교 이하 아동 코로나 접종 맞 가을 세 이상 접종 시행 계획 이하 아이 기약 이하 아이 유치원 어린이집 다니 위 중증 환자 노약자 기저 질환자 포함 영유아 경우 접종 코로나 감염 피해 크 가족 생활 일상 관리 시 접종 아이 크 위험 노출 있 선별 진료 검사 시 어른 검사 인하 교차 감염 우려 아이 코 점막 약하 관계 항원 검사 시 많 고통 호소 코 점막 헑 코피 나 상황 날 심하 5 어른 일상 관리 아이 관리 필요 상황 보이 무료 검사 보건소 찾 불편 일상 관리 가 과도기 일반 병원 검사 문의 많 가능 보건소 진료 돌리 추세 검사 의무 해제 문제 증가 그러 항원 검사 검사 아동 병원 찾 힘 상황,24218,24218:아동들의 코로나 검사에 대한 제안,2022-03-08,식품/보건/복지/가족,보건복지부,2022-06-17,NA,101,NA
일일 코로나 확진자 수 육박 세계 최고 수준 일일 사망자 수 뉴스 누적 감염자 수 수준 국민 넘 상황 뉴스 보도 일일 확진자 증가 보도 황당하 코로나 초기 방역 방역 세계 칭찬 칭송 자부심 이제 일일 감염자 세계 최고 수준 믿기 정도 차 차 차 백신 접종 강조 강조 국민 가 차 접종 완료 가 차 접종 완료 가 차 접종 완료 넘 인구 감염 발생 있 지 납득 객관 납득 있 해석 상식 백신 예방 목적 감염 방어 막 치 알 이제 백신 방어 역할 본연 기능 수행 사실 입증 그러 백신 정의 달라지 백신 접종 감염 중증 악화 막 설 가설 정말 백신 부작용 많 피해 국민 호소 탄식 대다수 국민 건강 불가피하 희생 감수 백신 맞 정답 국민 진정 코로나 치료제 나타나 외국 수입 팍스 드 라게브리오 뉴스 소개 인 치료 팍스 로비 들 수준 보도 치료 효과 치료제 임상 상 상 상 성공 진행 검증 약 화이자 팍스 로비 들 코로나 감염자 임상 상 성인 임상 증상 발현 후 이내 복용 시 입원 사망 위험 낮 이내 복용 감소 부작용 위 약 대비 낮 말라리아 치료제 료 임상 상 완료 전 세계 말라리아 발생 국가 치료제 사용 국내 신풍 제약 피라맥스 코로나 치료제 사용 승인 어떠하 알 피라맥스 국내 약 유일 코로나 치료제 임상 상 국내 진행 해외 개국 임상 상 진행 알려지 피라맥스 유일 오 제약 시판 치료약 피라맥스 경우 성분 추가 낯 주 과정 수반 약물 창출 시중 판매 약 치료 사용 치료 효과 기존 말라리아 치료 효과 추가 코로나 치료 효과 추가 뿐 약 포장지 효과 효능 코로나 치료제 글자 인쇄 전 정부 긴급 사용 승인 백신 치료제 개발 지원 천명 성과 있 그동안 피라맥스 알 많 국민 관계 의학 전문가 긴급 승인 나 기대 정부 외면 방치 이유 납득 부작용 언급 지나가 개 소 상식 말라리아 치료제 세계 사용 치료제 치료 효과 임상 상 거치 신약 입증 말라리아 걸리 걸리 감기 걸리 코로나 걸리 걸리 피라맥스 복용 위중하 부작용 소아 복용 가능 약 코로나 치료 효과 임상 상 검증 입증 이유 결과 왜곡 곡해 기사 네이버 포탈 검색 피라맥스 복용 후기 올라오 본인 이러하 어처구니 상황 자초 보건 당국 정부 유감 금하 길,24573,"24573:국민의 건강을 염려하는 민초 국민으로 ""코로나19 차료제로 '피라맥스'의 긴급사용승인을 강력히 요청""합니다.",2022-03-24,식품의약품,식품의약품안전처,2022-05-09,NA,46,NA
공원 해수욕장 어린이 모이 곳 반려동물 산책 반려견 배설 배설물 치우 모래 묻히 병균 생기 모래 인하 질병 크 아픔 주 제한 봄 여름 가을 겨울 사시사철 주야 시간대 가리 견주 데리 나오 인하 많 배설물 모래 묻히 알 뉴스 찾아보 개 고양이 일부 기생충 질환 매개 개 고양이 질병 근원 모기 의하 매개 개 심장 사상충 흔하 감염 경우 결절 내부 생기 종양 걸리 있 개 배설물 전파 분 선 충 어린이 장염 유발 배설물 옮 개회충 설사 일으키 뿐 소장 부화 유충 장 점막 침투 혈액 안구 들어가 시각 장애 원인 있 톡소플라마증 은 고양이 옮 있 원충 질환 고양이 배설물 만지 감염 털 호흡기 들어가 전파 감염 임파선 발열 증상 임신 경우 유산 일으키 건국대 의대 미생물학 교실 박경희 교수 개 사슴 설치류 기생 진드기 의하 매개 열성 질환 라임병 감염 사례 최근 보고 라임병 피부 홍반 나타나 감기 걸리 듯 열 나 두통 근육통 생기 국민일보 민 태원 기자 기사 내용 발췌,26611,"26611:해수욕장 및 공원, 반려동물 출입제한 구역 선정",2022-06-17,행정/자치/안전,사하구,2022-10-26,NA,131,NA
산림청 년대 지금 최대 예산 청 쓸데없 데 저지래 환경부 개국 바꾸 환경부 산림 관리 전문가 전문가 관리 통제 타 꺼지 불 송이 숲 만드 작 초목 제거 바람 길 들 대형 산불 산림청 대 예산 낭비 환경부 개 국 전문가 지도 관리 계획 예산 집행 밤 나무 심 산 자라 나무 베 급경사 산 정상부 가리 부여 산사태 홍수 키우 주범 비 오 당하 최 병 성 리포트 황 정석 산사태 정상 산 발생 지나 포항 죽장면 산사태 사과나무 학살 산꼭대기 벌어지 산사태 대부분 벌목 후 어리 나무 심 곳 임도 인위 산지 훼손 곳 발생 산림 나무 홍수 산사태 막 크 작 나무 바닥 풀 비 오 토양 붙들 땅 속 빗물 흡수 나무 울창하 숲 집중 호우 시 물 일시 저장 천연 저수지 벌목 어리 나무 심 숲 중요 홍수 예방 기능 약화 빗물 머금 능력 상실 벌목 노출 연약하 토양 집중 호우 유실 산사태 시작 문제 밤나무 자체 산지 경사도 표고 안전 기준 산사태 대비책 산림 나무 베 밤나무 심 데 부여 청양 이뤄지 밤나무 농사 형태 산지 훼손 나무 심 종류 나무 산사태 취약 곳 지질 사진 연약하 황토 주 이루 가을 땅 떨어지 밤 수확 밤나무 아래 풀 자라 산사태 끝나 급 경사지 밤나무 심 산림 무너지 아래 농경지 덮치 황 정석 밤나무 산지 무너지 내리 토사 논 덮치 논농사 피해 발생 황 정석 농경지 피해 심각하 문제 밤나무 아래 마을 흘러내리 토사 마을 덮치 가옥 파손 주민 안전 위협 밤 나무 밭 산사태 무너지 마을 덮치 황 정석 고추 건조기 산사태 떠밀리 뒹굴 사진 위쪽 중장비 마을 덮치 토사 정리 모습 보이 황 정석 급 경사지 흘러내리 토사 도로 덮치 현장 곳곳 있 지나가 차량 매몰 대형 사고 발생 있 밤 나무 심 산림 붉 토사 도로 덮치 모습 중장비 토사 치우 상태 지나가 차량 보이 황 정석 밤나무 산지 흘러내리 토사 아래 있 도로 농경지 덮치 황정 숲 중요 역할 홍수 가뭄 막 나무 울창하 숲 많 빗물 저장 가물 물 마르 많 비 홍수 발생 나무 사라지 상황 급변 숲 나무 비 오 빗물 일시 하류 쓸리 내려가 하류 몰리 내려오 빗물 하천 수위 급상승 제방 넘치 흐르 주택 침수 농경지 물 잠기 대홍수 발생 동안 농민 밤나무 수종 갱신 신청 조건 허가 나 급경사 밤나무 농사 산사태 취약 거 산림청 지자체 모르 산림 나무 사라지 홍수 유출 량 급증 하천 수위 급상승 주변 침수 홍수 피해 발생 황 정석 흘러내리 빗물 마을 덮치 주변 농경지 침수 황 정석 이번 홍수 피해 크 발생 부여군 은산면 거전리 경우 대부분 숲 밤나무 밭 수종 갱신 확인 있 밀려오 토사 농경지 덮치 황 정석 하천 제방 넘 넘치 흐르 빗물 고구마 밭 물 잠기 황 정석 기후 위기 대응 산림 관리 필요 지구 온난 기후 위기 심각하 지나 여름 최장 장마 기간 기록 이번 기록 폭우 올해 문제 그치 지구 온난 예상 폭우 일상 재해 재난 안전 국가 기후 위기 대비 산지,28634,"28634:산림청 왜이래 진짜  1960—70 년대부터지금 까지     최대 예산청 이고 쓸데없으니 온데 저지래함 , 환경부 1 개국으로 바꿔  환경부산림 관리전문가   전문가  관리 통제 받아야  .",2022-08-22,행정/자치/안전,행정안전부,2022-09-08,NA,17,NA
현황 귀 법제처 본인 국민 제안서 부분 채택 후 행정 기본법 하위 법령 법제 업무 운영 규정 법령 체계 포함 후 만 글 실질 법률 위임 관계 국민 알 적법 보장 법 시행령 확인 문제점 법령 체계 중앙 행정 기관 법제 업무 관련 훈령 법제 업무 운영 규정 시행 훈령 부재 문제 행정 기본법 하위 법령 법제 업무 운영 규정 하위 자치 법규 존재 뿐 산업 통상 자원부 훈령 호 경찰청 훈령 호 중앙 행정 기관 법제 업무 관하 훈령 행정 규칙 행정 기본법 법제 업무 운영 규정 하위 법령 체계 부재 문제 각각 훈령 내 규정 내용 천차만별 법무부 감사원 경우 법 업무 관련 훈령 부재 문제 법무부 감사원 경우 부처 기관 지정 채택 여부 판단 있 법제처 담당자 본건 부처 기관 처리 바라 행정 기본법 하위 법령 법제 업무 운용 규정 하위 행정 규칙 법무부 예규 호 경우 조 목적 법제 업무 운영 규정 규정 법령 해석 업무 관하 하위 법령 체계 부재 문제 법제처 소관 법제 업무 운영 규정 시행 관련 훈령 행정 규칙 부재 문제 행정 기본법 하위 법령 법제 업무 운영 규정 조 항 법령 입안 시 기준 마련 보완 발전 의무 조 항 알 법령 정비 기준 행정 규칙 입안 심사 기준 마련 허용 허용 규정 기준 개 행정 규칙 준하 행정 기본법 법령 체계 부재 문제 행정 기본법 하위 법령 법제 업무 운영 규정 하위 자치 법규 경우 조례 규정 내용 천차만별 인천광역시 강화 군 규칙 호 조 항 규정 해석 상 문의 경우 기획 예산 과장 협조 법제 업무 운영 규정 조 법령 소관 상급 기관 장 법제처 법령 해석 기관 법령 해석 요청 가 규정 뿐 지방 자치 단체 자체 처리 천차만별 문제 본인 원 제안서 처리 기관 정보 법제처 법제처 기획 조정관 법령 데이터 혁신 팀 처리 기관 접수 번호 접수 처리 예정일 담당자 연락처 강 신길 답변 내용 내용 답변 처리 결과 답변 내용 평소 법제처 깊 관심 애정 가지 감사 드리 귀하 국민신문고 법제처 신청 국민 제안 신청 번호 다음 답변 드리 귀하 법제처 국가법령정보센터 제공 행정 기본법 법령 체계 상하위 법 행정 기본법 시행령 외 행정 기본법 위임 관계 법제 업무 운영 규정 표기 제안 이해 국가법령정보센터 법령 체계 상하위 법 간 위임 관계 있 제공 행정 기본법 법제 업무 운영 규정 동법 시행 규칙 위임 관계 확인 제안 바 법령 체계 표기 조치 시행 예정 법령 체계 표기 행정 기본법 위임 행정 규칙 처분 이의 신청 심사 관하 서식 시행 법령 체계 표기 조치 법령 체계 법령 간 위임 관계 나타내 법령 법령 입안 심사 기준 알 법령 정비 기준 행정 규칙 입안 심사 기준 법령 체계 표기 점 양해 부탁 드리 의견 주 감사 드리 행정 기본법 위임 관계 법령 추가 설명 필요 경우 법제처 행정 법제 혁신 추진단 주 주무관 문의 외 답변 내용 추가 설명 필요 경우 법제처 법령 데이터 혁신 팀 강신 길 주무관 문의 알리 감사 끝 만족도 평가 가능 일자 첨부 파일 채택 여부 채택 만족도 평가 하기 실시 결과 내용 실시 기관 부서 법제처 기획 조정관 법령 데이터 혁신 팀 실시 예정일 실시 연락처 강 신길 과 제명 행정 기본법 법령 체계 처분 이의 신청 심사 관하 서식 법령 체계 추가 실시 결과 실,28942,"28942:※""국가법령정보센터"" 내 ""행정기본법(법제업무운영규정 포함)"" 하위 행정규칙 등 추가로 ""법령체계도"" 정비 2차 제안 및 법제 업무에 관한 ""표준안"" 제정, 보급, 권고권 행사 제안의 件 _ 2022.9.3.",2022-09-03,법제/사법,법제처,2022-11-03,2022-11-03,61,61
극단 일 국방 이재명 정신 이재명 대표 한미일 군사 훈련 재개 두 극단 일 국방 윤석열 정부 맹비난 친일 해방 지 데 대체 시대착오 죽 창가 타령 이재명 조국 해방 지 창가 타령 이해 가 박근령 이사장 지적 해방 전 친일 해방 후 친일 개념 다르 지금 친일파 최고 애국자 이재명 대표 일본 무장 허용 거 주장 이재명 일본 무장 허용 이유 대일본 제국 성 한반도 전체 중국 본토 점령 국 동북아시아 전체 통일 노무 노무 딩 좋 이재명 변희재 박근혜 마찬가지 국민 일본 증오 선동 한반도 자위대 주둔 상관없 생각 독도 섬 가지 선동 섬 일본 주 자존심 상하 독도 대일본 제국 성 넘기 독도 크 북한 땅 만주 고토 되찾 있 데 거 모르 박근혜 대통령 지소 미아 체결 이재명 인간 독도 핑계 대 지소 미아 반대 조갑제 변희재 조갑제 변희재 대표 조갑제닷컴 변희재 카페 이재명 대표 망언 비판 논평 내 조갑제 대표 정상 반응 보이 반면 변희재 대표 이재명 발언 시대착오 판타지 소설 비판 이재명 이재명 거부 미국 이재명 압박 한미일 군사 훈련 재개 이끌 핑계 이재명 다행 윤석열 만세 부르 문재인 이재명 위험 왜곡 축소 모습 보이 변희재 문재인 이재명 죽 창가 타령 거 인식 문재인 이재명 위험 놈 윤석열 대통령 다행 하나님 감사 인식 자각 듯 보이 변희재 이재명 대통령 미국 버티 적화통일 선동 미국 한국 버리 있 사실 모르 이재명 대통령 미국 위시 동맹국 한국 버리 한국 끝장 나 변희재 문재인 이재명 위험 상당 부분 왜곡 축소 윤석열 대통령 비난 열 올리 조갑제 대표 정상 스탠스 취하 대조 조갑제 컨텐츠 이준석 비호 찬양 빼 은근 경청 내용 많 변희재 인간 시 폭 문재인 이재명 똥꼬 빨 좌파 빨갱이 신 나 터지 작자 좌우 양쪽 까이 동네 북 신세 변희재 일부 공감 만 내용 문재인 이재명 위험 왜곡 축소 오류 범하 시 폭 욱일기 발작 놈 많 욱일기 전범기 예전 대일본 제국 성 쓰 대일본 제국 전통 문양 정작 진짜 전범 기인 인공기 오성 홍기 한반도기 소리 윤서인 화백 점 정확 짚 끝 이재명 마디 이재명 대표 조갑제 대표 지적 대로 마디 사실 정치 생명 끝나 조갑제 변희재 대표 지적 낡 종족 주의 사고 방식 버리 변희재 가 먹히 북괴 김 씨 일가 택하 대남 적화 통일 전략 시 폭 정확 짚 친일 나쁘 거 친북 친일파 좌파 좌파 친일파 친일파 열린우리당 사실 잊,30743,"30743:극단적 친일 국방? 이재명, 제정신인가?",2022-11-28,국방/보훈/외교/통일,외교부,2023-01-11,NA,44,NA
할로윈 데이 외국 유령 마녀 악령 물리치 흉내 내 물리치 의미 이교도 세속 인간 미련 나약 발상 시작 기독교 교육 과학 사고 악령 저주 액운 물리치 좋 그러하 건전 문화 국민 어린아이 정서 악영향 끼치 생각 개념 여과 책임감 대한민국 일부 몰지각 교도 세속 마약 사범 동성애자 술 좋아하 춤 좋아하 놀 좋아하 자 술집 젊은이 찾 유흥업소 좋아하 터 건전 퇴폐 문화 할로윈 데이 유치원 어린이집 행사 미련 몰지각 어린아이 청소년 글 책 영화 편 영향 미치 줄 보통 알 터 좋 글 책 일평생 도움 악하 글 책 공포 영화 괴기 영화 어둠 생각 정서 고생 유치원 어린이집 할로윈 데이 행사 유아 교육자 책임 통탄 할로윈 데이 어린이집 유치원 행사 시작 지나 전 전 할로윈 데이 교육부 장관 할로윈 데이 핑계 세상 마약 사범 늘어나 술 담배 퇴폐 세속 늘어나 할로윈 데이 후 민주당 일부 세력 좌빨 세력 마약 사범 탈북민 탈북 간첩 세력 민노총 정부 촛불 집회 용산 행하 후 동안 할로윈 데이 지나치 홍보 이태원 골목 몰아넣 행사 인원 해 배 많 다음 시 반 정부 촛불 행사 마치 참가 자 용산 이태원 할로윈 데이 합세 곳 곳 떠밀 결국 압사 만들 방송 나오 마약 테러 죽 흔적 가지 자 사실 후유증 달 지금 대한민국 계속 촛불 횡포 부리 자 할로윈 참사 만드 주범 정체 응큼 숨기 적반하장 윤석렬 정부 탓 몰아세우 분통 터지,31134,"31134:할로윈데이 없애기! 어린이집, 유치원에서! 대한민국에서!",2022-12-21,식품/보건/복지/가족,보건복지부,2023-02-06,NA,47,NA
최근 정부 가정 맞춤 교육 개혁 유보 통합 추진단 설치 유아 교육 보육 통합 준비 상반기 관리 체계 통합 하반기 유치원 어린이집 간 격차 완화 방안 발표 유치원 어린이집 영유아 발달 특성 고려 질 높 교육 기관 설계 질 높 교육 기관 설계 교사 교육 질 수준 하향 있 점 고려 정책 뿐 정부 강행 유보 통합 문제점 영유아기 세 특성 고려 영유아기 연령 개월 수 발달 차이 크 질 높 교육 이루어지 세 관리 체계 통합 해결 식사 관리 귀찮 힘들 이유식 유아 식 일반 식 밥상 차리 배정 자리 앉 주 대로 먹이 영유아기 시기 세분 발달 특성 배려 맞춤 밥상 차리 0 세 정형 교육 과정 도입 다양 경험 성장 배우 발달 이루 있 3 세 연령 적합 구체 교육 과정 바탕 다양 경험 교육 이루어지 현재 학부모 자유 선택 어린이집 유치원 선택 있 교사 자격 수준 양성 제도 차이 인하 문제 고려 유치원 교사 경우 유아 교육과 전문 대학 이상 졸업 학위 소지자 가능 국공립 유치원 경우 임용 고시 합격 유아교육법 조 의하 설립 국공립 유치원 임용 국가 직 공무원 해당 반면 어린이집 보육 교사 학위 소지자 외 학점 은행 기타 교육원 자격증 획득 있 보육 교사 경우 교직 과목 포함 양성 과정 차이점 이러하 차이 고려 강행 조건 자격 통합 교사 교육 질 저하 초래 셋째 개념 의미 기관 설립 정부 기관 설립 교사 양성 기관 안내 학부모 교사 공감 이해 불안 요소 아이 교육 보육 직결 부분 개념 교육부 통합 교육 질 수준 향상 주장 정작 정부 내세우 교원 양성 기관 전문 대학원 도입 유아 교육 내용 빠지 유치원 어린이집 간 서비스 격차 최소 방안 내놓 영유아기 보육 교육 질 서비스 강조 문제 소통 부재 추상 신뢰 계획 문제 육아정책연구소 발간 보고서 기준 유보 통합 필요 재정 소요 정부 예산안 유보 통합 관련 예산 반영 한 교육청 관계자 교육부 유보 통합 방안 전국 시도 교육감 협의회 보고 교육청 일선 현장 전달 현실 현장 교사 유아 학부모 비롯하 유보 통합 관련 관계 기관 혼란 가중 뿐 현장 소리 귀담 조건 교육 보육 통합 강행 유보 통합 이루 유보 통합 본질 문제 정부 외면 태도 강하 반발심 자극 뿐,31345,31345:현실성 떨어지는 유보통합 반대합니다!!,2023-01-06,교육/문화/체육/관광,교육부,2023-01-30,NA,24,NA
현황 산림청 지방 지청 수행 업무 대동소이 생각 안 북부지방산림청 조직 구성 수행 업무 본보기 지방 산림청 안전 관리 현황 문제점 개선 방안 기대 효과 기술 참고 제안자 개월 간 북부지방산림청 소속 파주 남북 산림 협력 센터 일용직 기간 근로자 근무 이때 현장 경험 토대 의견 피력 산림청 지방 산림청 의 안전 보건 관리 체계 기관 대표 경영 방침 안전 보건 정책 선언 산업 안전 보건 법 조 안 보건 관리 규정 만들 실행 계획 수립 실행 운영 점검 시정 조치 결과 기관 대표 검토 개선 순환 과정 지속 개선 이루어지 구조 이해 안 보건 경영 방침 만들 북부 지방 산림청 훈령 호 북부 지방 산림청 안전 보건 관리 규정 만들 안 보건 조언 산업 안전 보건 위원회 안전 보건 관리 책임자 안전 관리자 보건 관리자 산업 보건의 구성 안전 관리 전담 조직 갖추 만들 안 보건 관리 체계 목적 실효 살펴보 목적 대상 보이 실효 보이 북부 지방 산림청 서울 수원 춘천 홍천 민 북 개 국 유림 관리소 용문 파주 철원 묘 사업장 곳 정도 사업장 사업장 안팎 근로자 있 곳 사업장 정도 근로자 추정 안 보건 관리 체계 대상 생각 위 언급 안 보건 관리 체계 작동 생각 원주 있 안전 관리 보건 관리자 북부지방산림청 안전 보건 관련 계획 관리 도맡 역부족 생각 북부지방산림청 산하 사업장 현재 안전 관리자 부재중 상태 안전 보건 관리 체계 안 보건 관리 규정 작동 상태 생각 이러하 실상 구체 살펴보 남북 산림 협력 센터 경우 공무 직 근로자 총괄 반장 기술직 기간 근로자 지휘 통솔 기술 직 근로자 조장 일용직 기간 근로자 지휘 통솔 공무 직 근로자 안 보건 관하 소양 역량 산림청 안전 보건 경영 방침 안 보건 관리 규정 이끌 탈 안 보건 관하 소양 역량 산림청 안전 보건 경영 방침 안 보건 관리 규정 무시 위법 위험 작업 지시 일삼 크 탈 생기 있 지켜보 바 공무 직 근로자 산림 사업 관하 이해 업무 역량 안 보건 관하 이해 관리 역량 미숙 생각 문제점 위 현황 살펴보 바 토대 문제점 기술 산림청 산하 사업장 안전 관리자 산림청 안전 보건 경영 방침 안전 보건 관리 규정 사업장 전달 엔진 돌아가 클러치 고장 나 동력 전달 바퀴 상황 기간 근로자 총괄 반장 격 공무 직 근로자 산업 안전 보건법 중대 재해 처벌 법 관련 법령 모르 모르 위법 작업 위험 작업 일삼 기간 근로자 위법 위험 작업 일삼 사업장 안전 상태 놓이 공무 직 근로자 능률 효율 중시 임무 주어지 산림 사업 수행 능률 효율 중시 위법 행위 위험 행위 일삼 자동차 가속 페달 정지 페달 두 이유 산림청 산림 사업장 가속 페달 있 정지 페달 중대 재해 처벌 관하 법률 중대 재해 발생 경영 책임자 처벌 법 중대 재해 일어나 모르 만일 경우 지금 상황 중대 재해 사고 일어나 사업주 경영 책임자 책임 생각 들,31667,31667:산림청의 안전보건관리 체계 개선방안 제안 (부제: 안전보건관리원 또는 안전보건지킴이 채용 제안),2023-01-08,국토/교통/농림/해양,산림청,2023-02-10,NA,33,NA
서부 당부 사항 거 국민 제안 채택 여부 심사 감사원 국민 제안 담당자 감사원 훈령 호 소관 협조 심사 후 채택 바라 국민 제안 본인 감사원 훈령 호 개정 장본인 감사원 심사 규칙 조 권리 의무 권리 의무 해석 바 경우 권리 의무 개정 국민 제안 법제처 감사원 내세우 보완 요청 행사 사실 본건 채택 여부 결정 감사원 의견 필요 감사원 협조 전 의견 구하 심사 바라 경우 의견 구하 내용 감사원 의견 내용 채택 여부 통지 통지 바라 현황 법제처 이하 해당 해석 례 경우 가운뎃점 열거 어구 일정 기준 묶 나타내 쓰 짝 이루 어구 사이 공통 성분 줄이 어구 묶 쓰 문장 부호 국립 국어원 표준국어대사전 참조 법령 사용 가운뎃점 의미 갖 경우 있 의미 갖 경우 법령 사용 가운뎃점 의미 해당 규정 문맥 입법 연혁 종합 고려 의미 파악 등 적시 문제점 국어 기본법 조 항 어문 규범 문제점 문장 부호 가운뎃점 사용법 어문 규범 내 문장 부호 가운뎃점 내용 열거 어구 일정 기준 묶 나타내 쓰 짝 이루 어구 사이 쓰 이 양국 간 무역량 늘 거짓 따지 겨를 하천 수질 조사 분석 빨강 초록 파랑 빛 원색 공통 성분 줄이 어구 묶 쓰 상 하위 금 동메달 통권 호 가지 가지 적시 문제 표준국어대사전 내 가운뎃점 명사 언어 문장 부호 이름 열거 어구 일정 기준 묶 나타내 쓰 짝 이루 어구 사이 공통 성분 줄이 어구 묶 쓰 중점 문장 부호 가운뎃점 문장 법조문 사용법 가지 예시 있 사이에 사이 짝 이루 어구 사이 공통 성분 줄이 어구 묶 쓰 문장 부호 적 정부 행정부 속하 공무원 국가 지방 공무원 공무원 준하 자 포함 제정 개정 경우 개정 공문서 적 허용 제정 개정 개정 제정 개정 개정 문제 경우 경우 경우 포함 법인 단체 갈등 조장 바보 만들 문제 가운뎃점 의미 있 이유 예시 졸작 당시 법령 해석 자 가운뎃점 법령 법률 법령 행정 규칙 사용 사례 예시 산업 표준 법 조 조 제정 개정 제정 개정 제정 개정 적 가운뎃점 뜻 사용 확인 후 부사 밖 뜻 문장 종류 성분 연결 쓰 표준국어대사전 참조 은 밖 뜻 문장 종류 성분 연결 쓰 부 사이다 원서 교부 접수 사과 배 복숭아 한글 맞춤법 표준어 규정 해설 국립국어원 발행일 항 참조 뜻 이유 적시 문제 나아가 가운 점 해석 법령 예시 이유 문제 법률 용어 법령 용어 개정 용어 허가 변경 신고 허가 변경 허가 신고 해석 허가 변경 허가 신고 해석 뿐 허가 변경 허가 신고 해석,32742,"32742:※귀 법제처에 ""법제처-15-0050"" 법령해석례 정정 등 제안의 件 _ 2023.2.26.",2023-02-26,법제/사법,법제처,2023-06-30,NA,124,NA
어린이집 정도 운영 사업주 남편 집사람 대신 어린이집 실정 문제점 민원코져 현재 자질 교사 폐업 고민 저출산 인하 정부 다각 출산 장려 정책 펼치 많 예산 지원 일부 눈먼 돈 탈취 교사 어린이집 돈벌이 목표 전락 실정 정부 교사 처우 개선 복지 좋 현장 아이 보육 돌보 교사 자신 이익 생각 아이 보살핌 소홀 정책 반대 가 출산 이후 정부 보육 있 토대 마련 일부 몰지각 교사 소신 갖 근무 다수 교사 욕 먹이 국고 필요 낭비 막 글 올리 직업 애정 책임감 있 결과물 좋 나오 아이 보육 교사 책임감 아이 돈벌이 수단 생각 마음 있 직업 찾 현실 이야기 집사람 정원 정도 원아 모집 상태 어린이집 특성 반 꾸리 정 교사 보조교 연장 반 교사 조리사 원장 합치 집사람 한탄 어린이집 운영 정도 배우 알 어린이집 정부 주관 평가 인증 패스 정부 보조금 학부모 신뢰 있 어린이집 통과 알 예전 선택 현재 어린이집 의무 바뀌 작년 분 퇴사 교사 채용 양심 평가 인증 대부분 오 집사람 교사 평일 연장 주말 추가 업무 시키 본인 나가 성격 평가 인증 통과 수당 별도 교사 지급 원장 돈 교사 어처구니 있 사업주 이해 그러 몰지각 교사 평가 인증 곳 미꾸라지 피하 다니 넘 평가 인증 번 교사 태반 앞 평가 인증 실시 참여 교사 수당 지급 법 개선 소개 정 교사 연장 반 교사 채용 첫날 담합 업무 지시 원아 면접 다르 돌변 평가 인증 원장 나가 거 그러 조금 인격 모독 권고 사직 거 해고 거 해고 유도 거 처음 실업 급여 노리 입사 아이 평가 인증 흔들 원장 실업 급여 터 나가 원장 불법 저지르 꼬투리 실업 급여 명분 협박 자료 찾 흔들 협박 자료 찾 열흘 자진 퇴사 지금 얼굴 가 쓰 어린이집 가 동조 지나 힘들 자진 퇴사 자지 퇴사 표시 근로계약서 상 교사 오 달 간 조항 있 본인 구하 당장 퇴사 차례 마음 떠나 상태 평가 인증 구청 연기 신청 문의 교사 데리 평가 급하 마음 지인 건너 건너 소개 교사 채용 퇴사 통보 자신 달 채우 버팅기 거 올 교사 양해 구하 출근 연기 출근 해고 거 자신 본인 원 다니 해고 해고 선생 실업 급여 정확 돌리 실업 급여 부정 수급 고용주 교사 처벌 대상 알 아이 교사 바뀌 불안 환경 초조 돈 눈 어른 잘못,34143,34143:어린이집 교사 근무,2023-04-18,노동/환경,고용노동부,2023-05-02,NA,14,NA
어린이집 정도 운영 사업주 남편 집사람 대신 어린이집 실정 문제점 민원코져 현재 자질 교사 폐업 고민 저출산 인하 정부 다각 출산 장려 정책 펼치 많 예산 지원 일부 눈먼 돈 탈취 교사 어린이집 돈벌이 목표 전락 실정 정부 교사 처우 개선 복지 좋 현장 아이 보육 돌보 교사 자신 이익 생각 아이 보살핌 소홀 정책 반대 가 출산 이후 정부 보육 있 토대 마련 일부 몰지각 교사 소신 갖 근무 다수 교사 욕 먹이 국고 필요 낭비 막 글 올리 직업 애정 책임감 있 결과물 좋 나오 아이 보육 교사 책임감 아이 돈벌이 수단 생각 마음 있 직업 찾 현실 이야기 집사람 정원 정도 원아 모집 상태 어린이집 특성 반 꾸리 정 교사 보조교 연장 반 교사 조리사 원장 합치 집사람 한탄 어린이집 운영 정도 배우 알 어린이집 정부 주관 평가 인증 패스 정부 보조금 학부모 신뢰 있 어린이집 통과 알 예전 선택 현재 어린이집 의무 바뀌 작년 분 퇴사 교사 채용 양심 평가 인증 대부분 오 집사람 교사 평일 연장 주말 추가 업무 시키 본인 나가 성격 평가 인증 통과 수당 별도 교사 지급 원장 돈 교사 어처구니 있 사업주 이해 그러 몰지각 교사 평가 인증 곳 미꾸라지 피하 다니 넘 평가 인증 번 교사 태반 앞 평가 인증 실시 참여 교사 수당 지급 법 개선 소개 정 교사 연장 반 교사 채용 첫날 담합 업무 지시 원아 면접 다르 돌변 평가 인증 원장 나가 거 그러 조금 인격 모독 권고 사직 거 해고 거 해고 유도 거 처음 실업 급여 노리 입사 아이 평가 인증 흔들 원장 실업 급여 터 나가 원장 불법 저지르 꼬투리 실업 급여 명분 협박 자료 찾 흔들 협박 자료 찾 열흘 자진 퇴사 지금 얼굴 가 쓰 어린이집 가 동조 지나 힘들 자진 퇴사 자지 퇴사 표시 근로계약서 상 교사 오 달 간 조항 있 본인 구하 당장 퇴사 차례 마음 떠나 상태 평가 인증 구청 연기 신청 문의 교사 데리 평가 급하 마음 지인 건너 건너 소개 교사 채용 퇴사 통보 자신 달 채우 버팅기 거 올 교사 양해 구하 출근 연기 출근 해고 거 자신 본인 원 다니 해고 해고 선생 실업 급여 정확 돌리 실업 급여 부정 수급 고용주 교사 처벌 대상 알 아이 교사 바뀌 불안 환경 초조 돈 눈 어른 잘못,34144,34144:어린이집 교사 근무,2023-04-18,식품/보건/복지/가족,보건복지부,2023-05-11,NA,23,NA
현황 현행 제도 어린이집 보건 복지부 영 유아 보육 법 시행 규칙 별표 간호사 영유아 이상 보육 어린이집 경우 간호사 간호조무사 포함 이하 두 현행 법 어린이집 배치 간호 인력 인 이상 어린이집 강제 원장 자격 갖추 경우 겸직 허용 있 의무 배치 기준 인원 조리 원 비하 간호 인력 배치 기준 러프 최고 경영자 어린이집 수많 이해관계 얽히 원장 겸직 허용 현행 영유아보육법 골치 아프 아동 보건 문제 떠넘기 있 유치원 교육부 학교 보건 법 조 학교 조 보건 교육 보건 교육 과 학생 건강 관리 담당 보건 교사 두 대통령령 정하 일정 규모 이하 학교 순회 보건 교사 두 있 동법 조 항 학교 범위 유치원 포함 해설 현행 법 학교 유치원 포함 정의 보건 교사 두 정작 유치원 직접 법인 유아교육법 조 항 별표 교 사의 자격 기준 정 교사 교사 자격 정하 뿐 보건 교사 관하 규정 포함 유치원 실질 강제 배치 기준 상태 법제처 법령 해석 사례 학교 보건 법 배치 인정 유아교육법 교사 자격 판단 기준 양립 법령 정비 권고 자료 찾아보 있 유아교육법 골치 아프 아동 보건 문제 방치 있 현행 제도 실시 현황 위 법령 실질 간호 인력 배치 현황 보건 복지부 보육 정책 보육 통계 자료 기준 전국 어린이집 간호 인력 전국 어린이집 개수 개 전국 어린이집 이용 어린이 현 원인 전국 유치원 배치 보건 교사 배치 수준 애초 보건 인력 상주 요건 인 이상 갖추 대형 어린이집 자체 전국 개 이내 적 수 비율 원장 간호 인력 겸직 채 운영 보건 복지부 자료 따라서 현행 제도 목적 영유아 보건 분야 등한시 선별 영유아 생명 보장 성공 성과 있 참고 제도 미비 점 보완 일부 지자체 서울시 세종시 인천시 자율 개선 방안 서울시 미만 어린이집 간호사 지원 조례안 세종시 공립 단설 유치원 간호사 의무 배치 인천시 어린이집 방문 간호사 사업 검토 시행 세계 각국 제도 싱가포르 경우 개월 개월 영아 보육 영유아 보호 기관 최소 이상 간호사 채용 프랑스 관련 간호 인력 유아 교육사 적정 인원수 규정 유아 대비 간호사 비율 법 정하 운영 호주 라 국가 표준 영유아 보호 시설 적절하 간호 인력 보유 강제 밖 스웨덴 노르웨이 핀란드 선진국 관련 법령 의무 문제점 현행법 어린이집 간호 인력 배치 아이 안전 환경 살펴보 어린이집 안전사고 현황 해 동안 어린이집 안전 사고 당하 아동 수 하루 사고 당하 외의 기간 해 평균 안팎 아동 어린이집 안전 사고 당하 사고 안 사망 사고 포함 많 사고 생기 부모 영유아 시설 불안감 개선 요청 늘 세종시 수행 유치원 간호사 의무 배치 시범 사업 결과 학부모 높 만족도 지지 정상 운영 사업 자리 시흥시 사회 조사 보고서 수록 내용 영유아 부모 계층 번 요구 사항 이자 과반수 요구 사항 안심 보육 환경 조성 확인 있 수많 영유아 부모 해당 제도 개선 영유아 어린이집 유치원 의료 접근 향상 사업 바라,35367,35367:영유아 생명권 보장과 일-가정 양립을 위한 시흥시 영유아 조례 개정요청,2023-05-30,행정/자치/안전,시흥시,2023-06-07,NA,8,NA
현황 현행 제도 어린이집 보건 복지부 영 유아 보육 법 시행 규칙 별표 간호사 영유아 이상 보육 어린이집 경우 간호사 간호조무사 포함 이하 두 현행 법 어린이집 배치 간호 인력 인 이상 어린이집 강제 원장 자격 갖추 경우 겸직 허용 있 의무 배치 기준 인원 조리 원 비하 간호 인력 배치 기준 러프 최고 경영자 어린이집 수많 이해관계 얽히 원장 겸직 허용 현행 영유아보육법 골치 아프 아동 보건 문제 떠넘기 있 유치원 교육부 학교 보건 법 조 학교 조 보건 교육 보건 교육 과 학생 건강 관리 담당 보건 교사 두 대통령령 정하 일정 규모 이하 학교 순회 보건 교사 두 있 동법 조 항 학교 범위 유치원 포함 해설 현행 법 학교 유치원 포함 정의 보건 교사 두 정작 유치원 직접 법인 유아교육법 조 항 별표 교 사의 자격 기준 정 교사 교사 자격 정하 뿐 보건 교사 관하 규정 포함 유치원 실질 강제 배치 기준 상태 법제처 법령 해석 사례 학교 보건 법 배치 인정 유아교육법 교사 자격 판단 기준 양립 법령 정비 권고 자료 찾아보 있 유아교육법 골치 아프 아동 보건 문제 방치 있 현행 제도 실시 현황 위 법령 실질 간호 인력 배치 현황 보건 복지부 보육 정책 보육 통계 자료 기준 전국 어린이집 간호 인력 전국 어린이집 개수 개 전국 어린이집 이용 어린이 현 원인 전국 유치원 배치 보건 교사 배치 수준 애초 보건 인력 상주 요건 인 이상 갖추 대형 어린이집 자체 전국 개 이내 적 수 비율 원장 간호 인력 겸직 채 운영 보건 복지부 자료 따라서 현행 제도 목적 영유아 보건 분야 등한시 선별 영유아 생명 보장 성공 성과 있 참고 제도 미비 점 보완 일부 지자체 서울시 세종시 인천시 자율 개선 방안 서울시 미만 어린이집 간호사 지원 조례안 세종시 공립 단설 유치원 간호사 의무 배치 인천시 어린이집 방문 간호사 사업 검토 시행 세계 각국 제도 싱가포르 경우 개월 개월 영아 보육 영유아 보호 기관 최소 이상 간호사 채용 프랑스 관련 간호 인력 유아 교육사 적정 인원수 규정 유아 대비 간호사 비율 법 정하 운영 호주 라 국가 표준 영유아 보호 시설 적절하 간호 인력 보유 강제 밖 스웨덴 노르웨이 핀란드 선진국 관련 법령 의무 문제점 현행법 어린이집 간호 인력 배치 아이 안전 환경 살펴보 어린이집 안전사고 현황 해 동안 어린이집 안전 사고 당하 아동 수 하루 사고 당하 외의 기간 해 평균 안팎 아동 어린이집 안전 사고 당하 사고 안 사망 사고 포함 많 사고 생기 부모 영유아 시설 불안감 개선 요청 늘 세종시 수행 유치원 간호사 의무 배치 시범 사업 결과 학부모 높 만족도 지지 정상 운영 사업 자리 시흥시 사회 조사 보고서 수록 내용 영유아 부모 계층 번 요구 사항 이자 과반수 요구 사항 안심 보육 환경 조성 확인 있 수많 영유아 부모 해당 제도 개선 영유아 어린이집 유치원 의료 접근 향상 사업 바라,35370,35370:영유아 생명권 보장과 일-가정 양립을 위한 현행 영유아 관련 법 개정,2023-05-30,식품/보건/복지/가족,보건복지부,2023-06-12,NA,13,NA
강원도 대한민국 스승 박정원 대한민국 관광 강원도 복지 강원도 강릉 자연 국민 치료사 영동 강원도 특별자치도 승격 기념 인하 해법 미래 관 관 동력 강원 주민 대한민국 발전 국민 정서 안정 도움 주 관광 산업 제시 강원도 선조 많 넘 산맥 인하 시대 흐름 발전 방향 뒤쳐지 산업화 수혜 바 관광 시대 시대 나아가 강원도 동해안 깨끗하 해수 이용 국민 정서 혜택 강원도 특별자치도 경축 의미 관광 페르다 도입 도민 정서 이바지 생각 그리하 일반 국민 도민 청정 동해안 바닷물 이용 바닷물 이용 오션 피크닉 노천 온천 피크닉 바닷물 야외 온천 만들 봄 봄 여름 여름 가을 가을 겨울 겨울 즐기 매미 소리 가을 단풍 바라보 겨울 설원 느끼 봄 냄새 태양광 물 데우 수영 아이 아토피 피부병 질병 효과 효과 느끼 있 야외 노천온천 제공 옆 아이 공상 과학 창의 높이 있 소금 염전 다양 체험장 제공 토속 음식 먹거리 제공 관광 사업 타 도시 제공 있 나라 수출 가능 사업 있 점 생각 강릉 삼척 양양 해안 지대 침식 막 있 방법 터 공유 수면 도 부지 시 부지 이용 사업 강화 자금 들이 점 생각 관광 자원 산림 이용 자연 이용 필요 진리 스승 자연 거짓말 자연 이주 대로 자연 관광 인간 최고 선물 최고 의사 인성 교육 차원 사회 있 치유 목적 있 강릉 강릉 관문 들 어흘리 강릉시 안 듯 임도 만들 사계 관광 코스 만들 봄 봄나물 축제 여름 녹 축제 가을 단풍 축제 겨울 설원 축제 믹 사진작가 영화사 관광객 계절 북적이 그러하 강원도 강릉 만들 삼척 양양 등등 번 가 무용지물 산지 두 산불 버리 산림 이용 자연 관광지 만들 바다 연계 관광 코스 산지 중간 중간 이용 관광 호텔 만들 머물 있 강원 산하 만들 핍팍 대한민국 사회 꿈꾸 자연 치유 법 만들 국민 최고 시대 만들 천문학 돈 들이 먹이 사슬 만들 인공 관광 사업 작 투자 자연 상대 배우 느끼 셀레 만들 사회 만들 대한민국 선대 지금 이상 어르신 분 조상 어르 분 나라 세우 지키 대한민국 지키 분 후세 노력 분 위로 분 모시 국 유지 개인 사유지 산지 공시 지가 주 길 내 천하제일 자연 국민 공유 몸살 도심 쉬 자연 관광 벨트 극 활용 청정 자연 동해안 바닷물 이용 산지 꿈틀거리 정치 대한민국 일어나 대한민국 국민 살리 봉이 김선달 대동강 물 팔 강원도 동해안 청정 바닷물 강원 도민 이용 마을 시리 치유 있 공간 만들 태백산맥 자연 도민 선물 강릉시 박정원 드림,35413,35413:강원도가 대한민국의 스승이다.,2023-05-28,행정/자치/안전,강릉시,2023-07-12,NA,45,NA
