No,Agree,SQ1,SQ2,SQ2_code,SQ3,SQ4,SQ5,SQ6,SQ7,SQ8,SQ8_op,Q1,Q2,Q3,Q3_op,Q4,Q4_op,Q5_1,Q5_2,Q5_3,Q5_4,Q5_5,Q5_6,Q6_1,Q6_2,Q6_3,Q6_4,Q6_5,Q6_6,Q6_6_op,Q6_7,Q7_1,Q7_2,Q7_3,Q7_4,Q7_5,Q7_6,Q7_6_op,Q7_7,Q8_1,Q8_2,Q8_3,Q8_4,Q8_5,Q8_6,Q8_6_op,Q9_1,Q9_2,Q9_3,Q9_4,Q9_5,Q10,Q10_op,Info1,Info1_A,Info1_B,Q11_1,Q12_1_1,Q12_1_2,Q12_1_3,Q12_1_4,Q12_1_5,Q12_1_5_op,Info2,Info2_A,Info2_B,Q11_2,Q12_2_1,Q12_2_2,Q12_2_3,Q12_2_4,Q12_2_5,Q12_2_5_op,Info3,Info3_A,Info3_B,Q11_3,Q12_3_1,Q12_3_2,Q12_3_3,Q12_3_4,Q12_3_5,Q12_3_5_op,Info4,Info4_A,Info4_B,Q11_4,Q12_4_1,Q12_4_2,Q12_4_3,Q12_4_4,Q12_4_5,Q12_4_5_op,Info5,Info5_A,Info5_B,Q11_5,Q12_5_1,Q12_5_2,Q12_5_3,Q12_5_4,Q12_5_5,Q12_5_5_op,Info6,Info6_A,Info6_B,Q11_6,Q12_6_1,Q12_6_2,Q12_6_3,Q12_6_4,Q12_6_5,Q12_6_5_op,Info7,Info7_A,Info7_B,Q11_7,Q12_7_1,Q12_7_2,Q12_7_3,Q12_7_4,Q12_7_5,Q12_7_5_op,Info8,Info8_A,Info8_B,Q11_8,Q12_8_1,Q12_8_2,Q12_8_3,Q12_8_4,Q12_8_5,Q12_8_5_op,Info9,Info9_A,Info9_B,Q11_9,Q12_9_1,Q12_9_2,Q12_9_3,Q12_9_4,Q12_9_5,Q12_9_5_op,Info10,Info10_A,Info10_B,Q11_10,Q12_10_1,Q12_10_2,Q12_10_3,Q12_10_4,Q12_10_5,Q12_10_5_op,Q13_1_image,Q13_1,Q13_2_image,Q13_2,Q13_3_image,Q13_3,Q13_4_image,Q13_4,Q13_5_image,Q13_5,Q14,Q15
16,1,2,29,1,4,1,3,2,3,1,,7,3,1,,1,,2,2,3,2,4,4,,,,,,,,7,1,,,,,,,,,,,,,,,4,4,4,4,4,2,,40,3,14,1,,2,,,,,118,14,15,1,,2,,,,,91,8,15,2,1,,3,,,,42,3,16,2,,2,,4,,,120,15,16,1,1,,,4,,,41,3,15,1,,2,,,,,32,3,6,2,,2,,,,,115,13,14,1,,,3,,,,77,7,9,2,,,3,,,,105,10,16,1,1,,,,,,4,65,2,36,8,66,3,66,7,66,,
18,1,2,29,1,4,8,2,2,6,1,,6,4,1,,1,,3,3,3,5,3,4,,2,,,,,,,1,2,,,,,,,1,2,3,4,5,,,5,5,5,3,5,1,,42,3,16,2,,2,,,,,80,7,12,2,,2,,,,,49,4,11,1,,2,,,,,78,7,10,1,,2,,,,,101,10,12,2,,2,,,,,95,9,12,1,1,2,3,,,,100,10,11,1,,2,,,,,69,6,10,1,1,2,3,4,,,4,1,5,1,,2,,,,,56,5,7,1,1,2,3,,,,10,46,9,52,6,52,1,60,5,64,,
19,1,2,23,1,5,1,3,2,8,3,,7,4,1,,1,,3,2,4,2,4,4,,2,,,5,,,,1,2,,,,,,,,,,4,,,,3,3,3,4,4,1,,14,1,15,2,,2,,,,,30,3,4,1,1,,,,,,50,4,12,2,1,,,,,,111,12,13,1,,,3,4,,,108,11,14,2,,,,4,,,117,13,16,2,1,2,3,,,,58,5,9,2,1,2,3,4,,,68,6,9,2,1,2,3,,,,41,3,15,2,,2,,,,,61,5,12,2,,,,4,,,1,87,6,72,5,79,9,84,10,44,,
22,1,1,40,3,4,4,3,2,6,1,,0,1,3,,1,,1,1,1,1,3,5,1,,,,,,,,1,2,,,,,,,1,2,3,,,,,2,2,3,2,2,1,,80,7,12,2,,2,,,,,53,4,15,2,,2,,,,,54,4,16,2,1,2,,,,,70,6,11,1,1,2,,,,,85,8,9,2,1,2,,,,,94,9,11,1,1,2,,,,,76,7,8,2,1,2,,,,,30,3,4,1,1,2,,,,,93,9,10,1,1,2,,,,,42,3,16,2,1,,,,,,10,50,1,59,9,34,5,63,6,45,,
24,1,1,45,3,4,3,2,2,6,5,,1,6,4,,2,,1,1,1,2,3,4,1,,,,,,,,1,2,,,,,,,1,,,,,,,4,4,2,4,5,2,,49,4,11,2,1,2,,,,,99,9,16,1,1,,,,,,30,3,4,1,1,,,,,,93,9,10,1,1,,,,,,51,4,13,2,1,,,,,,85,8,9,2,1,,,,,,50,4,12,1,1,,,,,,66,6,7,1,,2,,,,,55,5,6,2,,2,,,,,106,11,12,2,1,,,,,,2,84,4,82,8,97,3,62,7,77,,
28,1,2,23,1,3,1,3,2,3,3,,6,2,1,,1,,3,2,4,4,5,4,,2,,,,,,,1,2,,,,,,,1,2,,4,,,,5,5,4,4,2,1,,48,4,10,1,,,,,5,,93,9,10,1,1,2,,,,,38,3,12,1,,2,,,,,17,2,4,1,,,,4,,,94,9,11,1,1,2,,,,,67,6,8,1,,,3,,,,25,2,12,1,,,,4,,,57,5,8,2,,2,3,,,,85,8,9,2,1,2,3,,,,44,4,6,2,,,3,,,,8,45,3,20,2,40,7,45,4,30,,
35,1,1,28,1,3,8,3,2,8,4,,0,4,8,,3,,1,1,1,1,1,1,1,,,,,,,,1,,,,,,,,,2,,,,,,1,1,1,5,5,1,,60,5,11,2,1,,,,,,50,4,12,2,,2,,,,,89,8,13,1,1,,,,,,43,4,5,2,,2,,,,,67,6,8,1,1,2,,,,,20,2,7,1,1,,,,,,17,2,4,1,,,3,,,,44,4,6,2,1,,,,,,22,2,9,2,1,,,,,,11,1,12,1,1,,,,,,4,100,7,100,3,100,2,0,8,0,,
40,1,2,24,1,4,8,3,2,3,10,,6,3,1,,5,,3,2,3,3,3,4,,,,,,,,7,,,,,,,,7,,,,,,,,3,3,4,4,4,3,,103,10,14,2,,2,,,,,46,4,8,2,1,,,,,,56,5,7,2,,,,4,,,23,2,10,1,,,3,,,,19,2,6,1,,,,4,,,13,1,14,1,1,,,,,,89,8,13,1,1,,,,,,66,6,7,2,,2,,,,,57,5,8,2,,2,,,,,7,1,8,2,,2,,,,,4,81,7,57,2,50,3,44,8,70,,
41,1,1,51,4,4,1,1,2,6,1,,8,3,1,,1,,3,2,4,4,3,3,1,,,,,,,,1,2,,,,,,,,2,3,,,,,4,4,3,2,3,2,,90,8,14,1,,2,,,,,27,2,14,1,,2,,,,,13,1,14,1,,2,,,,,63,5,14,1,,2,,,,,37,3,11,1,1,,,,,,92,8,16,1,,2,,,,,98,9,15,1,1,,,,,,5,1,6,1,,2,,,,,70,6,11,1,1,,,,,,103,10,14,1,,2,,,,,5,30,10,60,6,70,1,30,9,70,,
45,1,2,36,2,4,8,1,2,6,2,,7,3,1,,1,,3,3,4,4,4,3,,,,,,,,7,1,2,,,,,,,,,,,,,,4,4,3,2,2,2,,94,9,11,1,,,,4,,,75,6,16,1,,2,,4,,,3,1,4,1,1,2,,4,,,15,1,16,1,,,3,4,,,26,2,13,1,,,,4,,,109,11,15,2,1,,,4,,,58,5,9,2,1,,,,,,87,8,11,1,1,,,,,,7,1,8,2,1,,,,,,48,4,10,2,,,,4,,,1,60,6,60,10,60,5,70,9,70,,
56,1,2,59,4,4,1,1,2,4,2,,5,3,3,,3,,3,3,4,4,4,4,,,,4,,,,,1,,,4,,,,,1,2,,,,,,5,4,4,4,3,2,,113,12,15,2,,2,,,,,83,7,15,2,1,,,,,,109,11,15,2,1,,,,,,71,6,12,1,1,,,,,,110,11,16,2,,2,3,,,,67,6,8,1,,2,,,,,19,2,6,2,1,,,,,,25,2,12,2,,2,,,,,40,3,14,1,,2,,,,,98,9,15,1,,2,,,,,10,61,6,88,1,45,5,40,9,43,,
59,1,2,52,4,4,1,1,2,9,1,,8,4,4,,6,,4,3,3,4,4,3,1,,,,,,,,1,2,,,,,,,1,2,3,4,5,,,5,4,4,4,3,1,,94,9,11,1,1,,,,,,79,7,11,2,,2,,,,,69,6,10,1,1,,,,,,8,1,9,1,,,3,,,,59,5,10,2,,2,,,,,16,2,3,1,,,3,,,,47,4,9,2,1,2,3,4,,,26,2,13,1,,,3,,,,68,6,9,2,,2,,,,,81,7,13,2,,,3,,,,6,85,5,57,1,64,10,76,9,86,,
61,1,1,44,3,4,4,1,2,7,1,,6,5,2,,2,,2,2,2,2,5,4,1,,,,,,,,1,2,,,,,,,,,3,,5,,,3,3,2,4,4,2,,119,14,16,2,1,,,,,,112,12,14,1,1,,,,,,65,5,16,2,,2,,,,,36,3,10,1,1,,,,,,52,4,14,1,1,,,,,,12,1,13,1,,2,,,,,71,6,12,1,,2,,,,,84,7,16,1,1,,,,,,37,3,11,2,,2,,,,,10,1,11,2,,2,,,,,3,80,7,0,4,100,2,83,8,58,,
62,1,1,64,5,4,9,1,2,7,1,,6,4,8,,6,,2,2,1,1,4,5,1,,,,,,,,1,2,,,,,,,1,2,3,4,5,,,2,2,3,5,5,3,,84,7,16,2,,2,3,4,,,112,12,14,2,,2,3,4,,,28,2,15,2,,2,3,4,,,6,1,7,1,,2,3,4,,,36,3,10,2,,2,3,4,,,81,7,13,2,,2,3,4,,,64,5,15,1,,2,3,4,,,65,5,16,2,,2,3,4,,,109,11,15,2,,2,3,4,,,87,8,11,1,,2,3,4,,,7,90,8,70,4,100,3,80,2,80,,
65,1,1,57,4,2,8,1,2,8,7,,7,3,1,,1,,4,3,4,5,4,4,1,,,4,,,,,1,2,,,,,,,1,,,,5,,,4,4,4,3,3,1,,13,1,14,2,,2,,,,,73,6,14,1,,2,,,,,84,7,16,1,,2,,,,,25,2,12,2,,2,,,,,99,9,16,1,,2,,,,,45,4,7,2,,2,,,,,114,12,16,1,,2,,,,,20,2,7,2,,2,,,,,59,5,10,2,,2,,,,,2,1,3,2,,2,,,,,5,71,6,88,10,70,1,74,9,75,,
66,1,1,62,5,4,4,1,2,7,1,,7,3,1,,1,,3,2,3,4,4,4,,,,,,,,7,1,2,,,,,,,,,,,,,,3,3,2,4,4,1,,65,5,16,2,,2,,,,,9,1,10,2,1,,,,,,28,2,15,2,1,,,,,,10,1,11,2,,2,,,,,87,8,11,2,,2,,,,,109,11,15,1,1,,,,,,81,7,13,1,,2,,,,,113,12,15,1,,2,,,,,72,6,13,1,,2,,,,,64,5,15,2,,2,,,,,7,40,8,66,4,62,2,47,3,44,,
68,1,1,55,4,4,8,1,2,8,1,,6,6,1,,1,,2,2,3,2,5,5,,,,,,,,7,1,2,,,,,,,,,,,,,,2,2,2,5,5,2,,64,5,15,2,1,,,,,,79,7,11,1,,,3,,,,37,3,11,2,,2,,,,,112,12,14,2,,2,,,,,65,5,16,2,,2,,,,,87,8,11,1,1,,,,,,119,14,16,2,1,,,,,,10,1,11,1,1,,,,,,81,7,13,2,,2,,,,,36,3,10,2,,2,,,,,7,32,8,94,3,81,4,81,2,86,,
69,1,2,34,2,4,8,2,2,3,1,,3,5,2,,4,,1,1,4,4,2,5,1,2,,4,,,,,1,2,,,,,,,,2,,,5,,,4,3,3,4,5,3,,59,5,10,2,1,,,,,,9,1,10,1,,2,,,,,84,7,16,2,1,2,,,,,26,2,13,2,,2,,,,,119,14,16,2,1,2,,,,,88,8,12,1,1,,,,,,6,1,7,1,,2,,,,,113,12,15,1,,2,,,,,75,6,16,2,1,,,,,,81,7,13,2,,2,,,,,7,77,3,64,4,66,8,30,2,67,,
78,1,1,31,2,5,8,2,2,6,3,,8,5,4,,2,,3,2,3,3,1,3,,,,,,,,7,,,,,,,,7,,,,,,,,4,3,3,4,4,3,,64,5,15,2,,2,,,,,28,2,15,1,,2,,4,,,87,8,11,1,1,,,4,,,75,6,16,2,1,,,,,,112,12,14,1,,,,4,,,24,2,11,1,1,,,,,,60,5,11,2,1,,,,,,119,14,16,2,,2,,,,,12,1,13,1,1,,,,,,10,1,11,1,1,,,,,,3,10,8,3,2,25,4,40,7,10,,
79,1,2,46,3,4,6,3,2,8,11,,3,4,6,,1,,3,2,3,3,4,4,1,2,,,,,,,1,2,,,,,,,,,3,,5,,,4,4,3,3,4,1,,10,1,11,1,,2,,,,,81,7,13,1,,2,,,,,87,8,11,1,,,3,,,,6,1,7,2,,2,,,,,112,12,14,1,1,,,,,,71,6,12,2,,2,,,,,72,6,13,1,,,3,,,,65,5,16,2,,2,,,,,119,14,16,2,,2,,,,,64,5,15,2,1,,,,,,7,54,2,51,3,43,4,60,8,59,,
80,1,1,66,5,4,15,1,2,8,1,,8,4,2,,2,,5,4,3,5,3,2,1,2,3,,5,,,,1,2,,,,,,,,,,,5,,,2,3,2,5,5,5,,71,6,12,1,,2,,,,,12,1,13,2,,2,,,,,109,11,15,1,,2,,,,,59,5,10,2,,2,,,,,113,12,15,1,,2,,,,,64,5,15,1,,2,,,,,6,1,7,2,,2,,,,,9,1,10,2,,2,,,,,112,12,14,1,,2,,,,,36,3,10,2,,2,,,,,7,95,4,96,3,62,8,40,2,30,,
82,1,1,30,2,4,10,3,2,3,11,,2,4,1,,4,,4,2,3,5,2,3,1,,,,,,,,1,2,,,,,,,,2,,,,,,4,3,4,4,4,2,,79,7,11,1,,2,,,,,28,2,15,2,1,,3,,,,9,1,10,1,,,3,,,,75,6,16,2,1,,3,4,,,7,1,8,1,,2,,,,,65,5,16,2,1,,3,,,,10,1,11,1,1,2,3,,,,84,7,16,2,,2,3,,,,88,8,12,1,,,3,,,,59,5,10,1,,2,,,,,10,89,1,78,9,71,6,87,5,81,,
83,1,1,32,2,4,8,2,2,6,1,,6,5,2,,2,,2,4,3,5,5,3,1,,3,4,,,,,1,,,,,,,,,2,,4,,,,5,5,4,3,3,2,,39,3,13,1,1,,,,,,102,10,13,1,,2,,,,,74,6,15,1,,2,,,,,21,2,8,2,,2,,,,,38,3,12,1,,2,,,,,106,11,12,1,,2,,,,,91,8,15,2,,2,,,,,61,5,12,1,,2,,,,,114,12,16,2,,2,,,,,18,2,5,1,,2,,,,,1,85,9,72,5,66,10,76,6,93,,
84,1,1,36,2,4,1,3,2,11,7,,6,6,2,,2,,1,1,2,2,3,2,1,,,4,,,,,1,,,4,,,,,1,,3,,,,,3,2,2,4,5,1,,34,3,8,1,1,,,,,,18,2,5,2,1,2,,,,,106,11,12,1,1,2,,,,,102,10,13,1,,2,,,,,39,3,13,1,,2,,,,,61,5,12,1,1,,,,,,21,2,8,2,,2,,,,,91,8,15,2,1,2,,,,,31,3,5,2,,2,,,,,84,7,16,1,,2,,,,,10,15,9,70,6,65,1,31,5,59,,
90,1,2,30,2,2,8,1,1,5,1,,5,3,1,,3,,3,2,4,4,3,2,,,,,,,,7,1,2,,,,,,,,,,,,,,3,4,2,3,4,1,,113,12,15,2,1,2,,,,,26,2,13,2,1,2,,4,,,87,8,11,2,,2,,,,,79,7,11,2,,2,,,,,65,5,16,2,1,2,,,,,71,6,12,2,1,2,,,,,52,4,14,2,1,,3,,,,81,7,13,2,,2,,,,,10,1,11,1,,2,,,,,7,1,8,1,,2,,,,,9,65,1,86,6,33,10,70,5,40,,
91,1,2,52,4,4,8,1,2,6,9,,7,5,2,,3,,4,2,3,3,5,4,,,,,,,,7,1,2,,,,,,,,,,,,,,4,4,4,5,4,1,,6,1,7,2,1,,,,,,36,3,10,2,,2,,,,,72,6,13,1,1,,,,,,9,1,10,2,,2,,,,,113,12,15,2,,2,,,,,59,5,10,2,1,2,,,,,28,2,15,2,1,,,,,,84,7,16,2,,2,,,,,10,1,11,2,,2,,,,,37,3,11,2,1,,,,,,9,59,6,58,1,64,10,82,5,73,,
95,1,1,61,5,4,8,1,2,6,1,,2,3,3,,2,,2,2,2,1,3,4,,,,,,,,7,1,2,,,,,,,,,,,,,,3,2,2,4,4,1,,52,4,14,2,1,2,,,,,6,1,7,2,,2,,4,,,10,1,11,1,,2,,,,,9,1,10,2,,2,,,,,119,14,16,2,1,2,,4,,,65,5,16,2,,2,3,,,,12,1,13,2,,2,3,,,,109,11,15,2,1,2,,,,,7,1,8,1,,2,,,,,46,4,8,1,,2,,,,,7,71,10,69,6,44,9,58,1,46,,
97,1,1,24,1,3,8,3,2,1,3,,7,7,4,,2,,4,4,4,4,2,1,,,,4,,,,,1,2,,,,,,,,,,,5,,,4,4,4,5,5,3,,39,3,13,2,1,,,,,,91,8,15,1,1,,,,,,102,10,13,2,,,3,,,,100,10,11,1,,2,,,,,31,3,5,1,1,,,,,,74,6,15,1,1,,,,,,24,2,11,2,,2,,,,,106,11,12,1,1,2,,,,,53,4,15,2,1,,,,,,34,3,8,1,,,3,,,,5,48,9,70,1,77,10,66,6,65,,
98,1,2,40,3,6,10,3,2,5,9,,7,5,8,,3,,1,1,2,2,3,3,,,,4,,,,,1,2,,,,,,,,2,3,,5,,,3,3,2,3,4,3,,59,5,10,2,,,3,,,,37,3,11,1,,,,,5,,75,6,16,2,,,3,,,,6,1,7,2,,,,,5,,119,14,16,1,1,2,,,,,65,5,16,2,,,,,5,,109,11,15,2,,2,,,,,87,8,11,2,,2,,,5,,60,5,11,2,,2,,,5,,72,6,13,2,1,2,,,5,,9,50,6,20,10,70,1,70,5,31,,
102,1,2,60,5,2,1,1,2,3,2,,8,6,2,,6,,4,4,4,4,3,3,,,,,,,,7,,,,,,,,7,,,,,,,,4,3,3,5,4,1,,71,6,12,1,1,,,,,,84,7,16,2,1,2,3,,,,38,3,12,1,1,2,3,,,,112,12,14,2,,2,,,,,100,10,11,2,1,,,,,,114,12,16,2,1,2,,,,,31,3,5,1,,2,,,,,36,3,10,1,,2,,,,,61,5,12,1,,2,,,,,74,6,15,1,1,,,4,,,5,80,1,80,9,33,10,81,4,92,,
105,1,2,60,5,2,8,1,2,8,2,,3,5,8,,2,,2,3,3,4,3,3,1,,,,,,,,1,2,,,,,,,1,2,,,,,,4,3,4,5,4,5,,31,3,5,1,1,,,,,,61,5,12,2,,2,,,,,100,10,11,1,,2,,,,,53,4,15,2,,2,3,,,,18,2,5,2,,2,,4,,,38,3,12,1,,,3,,,,34,3,8,2,1,,,,,,21,2,8,2,,2,,,,,74,6,15,1,,2,,,,,24,2,11,1,,,3,,,,2,57,5,45,4,79,3,72,8,100,,
106,1,2,58,4,4,15,2,2,3,9,,6,5,3,,6,,5,3,4,5,5,5,,,,,,,,7,1,,3,,,,,,,,,,,,,4,4,5,5,3,4,,12,1,13,1,,2,,,,,72,6,13,1,1,,,,,,6,1,7,1,,2,,,,,113,12,15,2,,2,,,,,64,5,15,2,,2,,,,,59,5,10,1,1,,,,,,81,7,13,1,1,,,,,,84,7,16,1,,2,,,,,28,2,15,2,,2,,,,,112,12,14,1,,2,,,,,1,63,9,65,5,82,10,51,6,65,,
107,1,2,69,5,2,15,1,2,3,2,,6,5,8,,2,,4,3,4,4,4,3,,,,,,,,7,1,2,,,,,,,,,,,,,,4,4,4,5,5,1,,117,13,16,2,,2,,,,,49,4,11,2,1,,,,,,76,7,8,2,,2,,,,,115,13,14,2,,2,,,,,92,8,16,2,,2,,,,,55,5,6,2,,2,,,,,1,1,2,1,1,,,,,,101,10,12,2,,2,,,,,23,2,10,1,,2,,,,,61,5,12,2,,2,,,,,2,62,4,64,8,45,3,83,7,56,,
108,1,1,24,1,5,5,3,2,7,11,,7,4,8,,2,,4,4,4,5,3,2,,,,,,,,7,,,,,,,,7,,,,,,,,3,4,3,3,3,5,,76,7,8,2,,2,,,,,41,3,15,2,1,,,,,,104,10,15,2,,2,,,,,120,15,16,1,,2,,,,,23,2,10,2,,,3,,,,55,5,6,1,,,3,,,,1,1,2,1,,,3,,,,2,1,3,2,,2,,,,,44,4,6,1,,,3,,,,110,11,16,1,1,,,,,,2,18,4,76,3,32,8,25,7,23,,
109,1,2,33,2,6,4,1,1,7,1,,5,4,8,,5,,3,3,3,3,3,3,,,,,,,,7,1,2,,,,,,,,,,,,,,3,4,3,3,3,1,,71,6,12,2,,2,,,,,84,7,16,2,,2,,4,,,81,7,13,2,,2,,,,,40,3,14,1,,2,,,,,36,3,10,2,,2,,,,,61,5,12,2,,2,,,,,24,2,11,2,,2,,,,,112,12,14,1,,2,,,,,106,11,12,2,,2,3,,,,39,3,13,2,,2,,,,,2,50,4,78,5,58,8,89,3,40,,
110,1,2,41,3,4,4,3,2,4,1,,6,4,3,,1,,2,2,2,5,5,4,,,,,,,,7,1,2,,,,,,,,,,,,,,4,4,4,3,3,1,,84,7,16,1,,,,4,,,6,1,7,2,,,,4,,,87,8,11,2,1,2,,,,,64,5,15,2,,,,4,,,59,5,10,2,,,,4,,,71,6,12,1,1,,,,,,72,6,13,1,1,2,,,,,109,11,15,1,1,,,,,,113,12,15,1,,2,,,,,119,14,16,1,,,,4,,,5,65,1,59,9,59,6,64,10,44,,
111,1,1,52,4,6,1,1,2,8,1,,8,4,1,,2,,3,3,3,4,2,2,,,,,,,,7,1,2,,,,,,,,,,,,,,3,4,3,3,4,3,,84,7,16,2,1,,,,,,53,4,15,2,1,2,,,,,24,2,11,2,,,3,,,,74,6,15,2,1,,,,,,100,10,11,2,,,,4,,,61,5,12,2,1,,,,,,18,2,5,2,,,3,,,,21,2,8,2,1,,,,,,106,11,12,1,,,3,,,,31,3,5,2,,,3,,,,2,73,5,54,4,100,3,0,8,65,,
114,1,1,61,5,4,15,4,2,4,11,,7,5,8,,2,,3,2,4,4,3,4,,,,,5,,,,1,2,,,,,,,,,,,5,,,4,4,3,5,4,3,,84,7,16,1,,2,,,,,91,8,15,2,,2,,,,,39,3,13,1,1,,,,,,102,10,13,1,,,3,,,,71,6,12,2,,2,,,,,24,2,11,1,1,,,,,,114,12,16,1,,2,,,,,61,5,12,2,,2,,,,,18,2,5,1,,2,,,,,106,11,12,2,,2,,,,,2,69,4,67,8,81,3,100,7,79,,
116,1,2,55,4,4,8,1,2,8,1,,6,3,1,,1,,3,1,1,1,1,5,,2,,,,,,,,2,,,,,,,,,,4,5,,,5,5,4,5,3,1,,84,7,16,2,,2,,,,,102,10,13,2,,2,,,,,40,3,14,2,,2,,,,,61,5,12,2,,2,,,,,74,6,15,2,,2,,,,,34,3,8,1,,2,,,,,91,8,15,2,1,,,,,,21,2,8,2,1,,,,,,24,2,11,2,1,,,,,,114,12,16,1,1,,,,,,2,100,5,100,4,100,3,100,8,100,,
118,1,2,48,3,4,8,2,2,5,1,,4,5,1,,1,,2,1,4,5,5,5,,,,4,,,,,1,2,,,,,,,,,,,,6,,4,4,2,2,3,1,,100,10,11,2,1,,,,,,117,13,16,2,,,,4,,,43,4,5,1,,,,,5,,49,4,11,2,1,,,,,,23,2,10,1,,,,4,,,78,7,10,1,,,,,5,,101,10,12,2,,2,,,,,120,15,16,2,,2,,,,,22,2,9,2,,,3,,,,118,14,15,1,1,,,4,,,7,36,2,33,8,82,3,50,4,89,,
120,1,1,26,1,4,14,3,2,1,11,,6,3,1,,1,,2,2,2,3,4,4,,,,,,,,7,,2,,4,,,,,,,,,,,,5,4,5,4,1,2,,63,5,14,2,1,2,,,,,51,4,13,2,1,,,,,,85,8,9,1,,,3,,,,29,2,16,2,1,2,,,,,83,7,15,2,1,2,,,,,4,1,5,1,1,2,3,,,,17,2,4,1,1,,3,,,,116,13,15,2,1,2,3,,,,80,7,12,2,,2,,4,,,47,4,9,2,1,2,3,,,,7,80,2,90,3,30,4,75,8,90,,
121,1,2,61,5,4,8,1,2,4,2,,6,3,1,,1,,2,2,2,2,2,4,,,,,,,,7,1,,3,,,,,,,,,,,,,2,3,2,4,4,1,,64,5,15,2,,2,,,,,6,1,7,1,,2,,,,,72,6,13,2,,,3,,,,59,5,10,2,,2,,,,,28,2,15,2,,2,,,,,71,6,12,1,1,,,,,,12,1,13,1,1,,,,,,113,12,15,2,,2,,,,,87,8,11,2,,2,,,,,84,7,16,2,,,3,,,,7,48,2,74,4,88,3,46,8,19,,
122,1,2,34,2,2,15,1,1,8,9,,6,3,1,,6,,3,2,4,2,4,5,,2,,,,,,,1,2,,,,,,,1,2,,,,,,4,4,4,4,3,5,,24,2,11,2,1,,,,,,114,12,16,2,1,,,,,,102,10,13,1,1,,,,,,21,2,8,2,,2,,,,,100,10,11,1,,,3,,,,74,6,15,2,1,,,,,,39,3,13,2,1,,,,,,53,4,15,2,,2,,,,,61,5,12,2,,2,,,,,106,11,12,1,1,,,,,,7,70,2,87,3,41,4,58,8,65,,
123,1,1,54,4,4,1,4,2,5,1,,3,3,3,,1,,2,2,2,4,3,4,,,,,,,,7,1,2,,,,,,,,,,,,,,4,3,3,4,4,1,,76,7,8,2,1,2,,,,,41,3,15,2,,2,,,,,104,10,15,2,,2,,,,,55,5,6,2,,2,3,,,,23,2,10,1,1,2,,,,,120,15,16,2,,2,3,,,,1,1,2,1,1,2,,,,,82,7,14,2,1,2,,,,,4,1,5,1,1,2,,,,,51,4,13,2,1,2,3,,,,7,89,2,53,4,83,3,28,8,82,,
126,1,1,26,1,4,5,3,2,3,1,,4,3,1,,1,,2,2,4,2,4,5,,,,,,,,7,1,2,,,,,,,,,,,,,,4,3,2,5,2,3,,54,4,16,1,,,,4,,,17,2,4,1,1,,,,,,29,2,16,1,,,,4,,,80,7,12,2,,,3,,,,116,13,15,1,1,,,,,,95,9,12,1,,2,,,,,27,2,14,1,,,,4,,,85,8,9,1,1,,,,,,82,7,14,1,,2,,,,,96,9,13,2,,,3,,,,6,39,9,39,1,52,10,60,7,64,,
128,1,2,45,3,4,11,1,2,7,1,,4,3,5,,1,,2,2,4,4,2,4,,,,,,,,7,1,2,,,,,,,,,,,,,,3,3,4,3,2,2,,76,7,8,1,,2,,,,,104,10,15,1,,,,4,,,55,5,6,2,1,,,,,,1,1,2,1,1,,,,,,120,15,16,2,,,,4,,,41,3,15,2,1,,,,,,23,2,10,1,,,3,,,,44,4,6,2,1,,,,,,116,13,15,2,,2,,,,,108,11,14,2,,2,,,,,7,51,2,90,4,100,8,30,3,0,,
129,1,2,60,5,4,1,1,2,6,2,,3,5,2,,2,,3,3,3,4,2,2,,,,4,,,,,1,,,4,,,,,,,3,,,,,4,3,4,5,5,3,,84,7,16,1,,2,,,,,71,6,12,2,1,,,,,,39,3,13,1,,2,,,,,61,5,12,2,,2,,,,,18,2,5,2,,2,,,,,91,8,15,1,,2,,,,,6,1,7,1,,2,,,,,65,5,16,1,,2,,,,,100,10,11,2,,,3,,,,112,12,14,2,1,,,,,,6,55,1,60,9,63,10,67,5,57,,
130,1,1,46,3,6,2,1,2,8,1,,7,3,5,,1,,4,4,4,4,3,4,,2,,,,,,,1,2,,,,,,,1,2,,,,,,5,5,3,4,4,1,,77,7,9,2,,,,,5,,82,7,14,2,1,,,,,,41,3,15,1,,,3,,,,27,2,14,2,,2,,,,,54,4,16,2,1,,,,,,108,11,14,2,1,,,,,,96,9,13,2,1,,,,,,42,3,16,2,1,,,,,,97,9,14,2,1,,,,,,62,5,13,2,1,,,,,,1,65,9,75,6,65,5,90,10,50,,
131,1,1,43,3,4,8,1,1,8,1,,8,6,2,,2,,4,3,4,4,3,2,,,,,,,,7,1,2,,,,,,,,,,,,,,4,4,4,5,5,3,,38,3,12,1,,2,,,,,93,9,10,1,1,,,,,,44,4,6,2,1,,,4,,,50,4,12,2,,2,,,,,17,2,4,1,,,3,,,,87,8,11,1,,,,4,,,73,6,14,2,,2,3,,,,48,4,10,1,,2,,,,,74,6,15,2,,,3,,,,46,4,8,2,,,,4,,,6,70,10,35,1,65,5,75,9,70,,
132,1,1,38,2,4,8,3,2,6,9,,7,3,1,,1,,2,2,2,3,3,4,1,,,4,,,,,1,2,,,,,,,1,2,3,,,,,3,3,4,3,2,1,,10,1,11,2,,2,,,,,7,1,8,2,1,2,,,,,52,4,14,2,,2,,,,,72,6,13,2,,2,3,,,,112,12,14,1,1,2,3,,,,84,7,16,2,1,2,,,,,75,6,16,2,1,2,,,,,64,5,15,2,1,2,,,,,79,7,11,2,,2,,,,,113,12,15,1,1,2,3,,,,1,80,6,49,9,80,10,80,7,80,,