regex_en,n,agree_pct
Civil servant burden / Institutional constraints,29,41.4
Feasibility / Unrealistic proposals,48,70.8
Frivolous / Emotional petitions,258,66.7
Lack of effectiveness,147,58.5
Mob mentality / Opinion manipulation,14,50.0
Need for filtering / Guidelines,26,53.8
Need for more participation / Awareness,34,67.6
No opinion / Don't know,153,88.9
Other,288,9.0
Personal / Selfish petitions,74,74.3
Positive / Supportive,35,37.1
Readability / Communication issues,44,56.8
Slow processing / Bureaucratic delays,27,77.8
Transparency / Feedback deficiency,45,64.4
