primary,primary_en,n,pct
2,Frivolous / Emotional petitions,220,18.0
1,Lack of effectiveness,187,15.3
9,No opinion / Don't know,160,13.1
7,Personal / Selfish petitions,114,9.3
6,Readability / Communication issues,92,7.5
12,Feasibility / Unrealistic proposals,86,7.0
3,Transparency / Feedback deficiency,65,5.3
5,Need for filtering / Guidelines,64,5.2
11,Need for more participation / Awareness,48,3.9
14,Other,44,3.6
4,Slow processing / Bureaucratic delays,42,3.4
8,Positive / Supportive,38,3.1
13,Civil servant burden / Institutional constraints,32,2.6
10,Mob mentality / Opinion manipulation,30,2.5
