opinion,slope,se,lo,hi
Need for more participation / Awareness,0.4310735272401649,1.4808151631877644,-2.4713241926078533,3.333471247088183
Transparency / Feedback deficiency,0.5120140125704511,1.5586389169270782,-2.542918264606622,3.5669462897475244
Slow processing / Bureaucratic delays,0.5404605536408527,1.0172961088749843,-1.4534398197541165,2.534360927035822
Positive / Supportive,2.261109428198271,1.9027163911345415,-1.4682146984254305,5.990433554821973
Need for filtering / Guidelines,2.8122732403828516,1.5488183689494135,-0.22341076275799887,5.847957243523702
Lack of effectiveness,2.9189494747405482,1.0957106050581744,0.7713566888265264,5.06654226065457
Personal / Selfish petitions,3.329407553243458,1.8924452643137788,-0.37978516481154845,7.038600271298464
Readability / Communication issues,3.4553633439471807,1.2605452417672256,0.9846946700834187,5.926032017810943
Mob mentality / Opinion manipulation,3.4882887602670047,2.9571601898209856,-2.3077452117821267,9.284322732316136
Civil servant burden / Institutional constraints,3.669883185328422,1.9043414869027477,-0.06262612900096354,7.402392499657807
Feasibility / Unrealistic proposals,3.6855968838401076,1.742392217977164,0.27050813660486606,7.100685631075349
Frivolous / Emotional petitions,3.6959367389690314,1.495010785616522,0.7657155991606484,6.6261578787774145
