"","x","effect","L","U"
"Intercept:factor(SQ1)2",1,0.275048066892126,-1.95264543458683,2.50274156837108
"Intercept:factor(SQ2_2)2",2,-3.5772336259998,-6.61435622783398,-0.540111024165615
"Intercept:factor(SQ2_2)3",3,-1.9637805196608,-4.92180146991983,0.994240430598224
"Intercept:factor(SQ2_2)4",4,2.2885601953129,-0.739928714309991,5.3170491049358
"Intercept:factor(SQ2_2)5",5,7.38148357852556,4.45630185794451,10.3066652991066
"Z1:factor(SQ1)2",6,-5.66305654591148,-11.8058943184971,0.479781226674113
"Z1:factor(SQ2_2)2",7,-3.13717833770869,-8.72746756982392,2.45311089440654
"Z1:factor(SQ2_2)3",8,1.62919832944741,-4.40242558186581,7.66082224076063
"Z1:factor(SQ2_2)4",9,0.601134238912369,-7.59222779557347,8.79449627339821
"Z1:factor(SQ2_2)5",10,8.28626654425435,1.43852806825588,15.1340050202528
"Z2:factor(SQ1)2",11,-4.09800811270994,-11.4743270546664,3.27831082924648
"Z2:factor(SQ2_2)2",12,0.897941401047999,-6.99732079614364,8.79320359823964
"Z2:factor(SQ2_2)3",13,8.17494616653776,0.935939352332611,15.4139529807429
"Z2:factor(SQ2_2)4",14,3.75676092663794,-4.74041228903872,12.2539341423146
"Z2:factor(SQ2_2)5",15,4.27327110071935,-3.87691739278855,12.4234595942272
"Z3:factor(SQ1)2",16,6.21794846462272,-1.172875698929,13.6087726281744
"Z3:factor(SQ2_2)2",17,-2.64509233755711,-10.2479203334573,4.95773565834306
"Z3:factor(SQ2_2)3",18,1.03205453968703,-7.32223610357239,9.38634518294645
"Z3:factor(SQ2_2)4",19,3.46122711072744,-3.72947488129903,10.6519291027539
"Z3:factor(SQ2_2)5",20,-3.87459951835796,-11.9701435924992,4.22094455578331
