title,area,attachment,status,date_petitioned,branch,현황 및 문제점,개선방안,기대효과,date_scraped,검토내용,date_answered
정보보호진흥원의 답변에 따라 공정위에 신고합니다.,재정/금융/소비자,,제안심사,2007-12-30,공정거래위원회,"민원신청계속 신청양식이 맞지 않다고 오류가 나는데

여기 관리자는 알고나 있을지 모르겠네요.

어쩔 수 없이 제안쪽으로 올립니다. 저도 바쁘거든요.



정보보호진흥원의 답변에 따라 공정위에 신고합니다.


오늘 12월 20일 오후 5시 27분에

016-880-609라는 이상한 번호로 

DS쇼핑이라는 곳에서 1주년 기념으로 

아이크림등 화장품을 보내줄테니 택배비만 내라는 식의

전화가 왔습니다.

여성이고 이름은 김수진입니다.


DS쇼핑이 뭔지 기억이 안나

인터넷검색을 해봤지만 찾을 수 없었습니다.


대체 여기가 어디고 어떻게 제 집주소등을

알 수가 있죠?


바빠서 통화를 오래 할 수 없어 끊다보니

저도 질문을 제데로 못해서 어디인지 알 수가 없습니다.


정보보호진흥원의 답변 


안녕하십니까

불법스팸대응센터입니다.


귀하께서 신고하신 016-880-609에 대한 신고내용 확인 결과 

정보통신망이용촉진및정보보호등에관한법률 적용 예외에 해당하는 

전화권유, 통신판매 등의 광고로 확인 되있습니다. 따라서 

정보통신망이용촉진및정보보호등에관한법률에 의거한 처분은 불가하여 

부득이 종결 처리함을 알려드립니다.


정보통신망이용촉진및정보보호등에관한법률 적용 예외 부분인  

전자상거래등에서의소비자보호에관한법률 제13조제1항의 규정에 의한 

광고 및 방문판매등에관한법률 제6조제3항의 규정에 의한 

전화권유의 경우  자세한 사항은 관할 기관인 공정거래위원회

www.ftc.go.kr

또는 노스팸nospam.go.kr으로 문의하시기 바랍니다.",,,20240125,NA,NA
개발제한구역의 효과적인 개발,국토/교통/농림/해양,,답변완료,2007-12-26,국토교통부,"안양시 석수동 산 135-1 의 야산은 산 뒤쪽은 아스콘 공장에서 이미  석재 재료등으로 이미 상당 부분 개발 된것으로 압니다. 지금은  연현초등학교 옆의 조그만 야산만이 남은 상태입니다. 그래서  이미 녹지로서의 기능을 상실한 상태입니다. 그린벨트의 해제등이 불가능 하다면 , 그 개념부터  완화를 하여 물류창고형 마트등으로 완화를 하여 , 지금 엘지아파트의 편익에도 도움이 될 뿐만 아니라 , 광명역세권 개발 등에도 부합되는 것으로 봅니다.",,,20240125,,NA
전화권유 판매업체의 관리허술,재정/금융/소비자,,제안심사,2007-11-30,공정거래위원회,"ㅇ '방문판매 등에 관한 법률' 제2조 제3호에서 “전화권유판매”라 함은 전화를 이용하여 소비자에게 권유하여 계약의 청약을 받거나 계약을 체결하는 등 총리령이 정하는 방법(전화를 사용하여 소비자의 응답을 유도하고 대화를 함으로써 청약을 받거나 계약을 체결하는 방법)으로 재화 등을 판매하는 것을 말한다고 규정하고 있습니다. 


ㅇ 방문판매법에서는 전화권유사업자의 전화권유시 전화권유 상대방에 대해서 별도로 제한하여 놓은 규정은 없습니다.


- 다만, 방문판매법 제6조 제3항에서 전화권유판매자가 재화등을 판매하고자 하는 경우에는 소비자에게 미리 해당 전화가 판매의 권유를 위한 것임과 전화권유판매자의 성명 또는 명칭, 판매하는 재화 등의 종류 및 내용을 밝혀야 한다고 규정하고 있고


- 방문판매법 제11조 제1항 제8호에서는 소비자가 재화를 구매하거나 용역을 제공받을 의사가 없음을 밝혔음에도 불구하고 전화권유판매업자 등이 전화, 모사전송, 컴퓨터 통신 등을 통하여 재화를 구매하거나 용역을 제공받도록 강요하는 행위를 금지하고 있습니다.


ㅇ 따라서, 전화판매권유시 거래상대방에 대한 제한은 없으나, 노스팸에 등록되어 있는 전화번호뿐만 아니라, 거래상대방이 재화의 구매나 용역을 제공받을 의사가 없음을 밝혔음에도 구매 등을 강요한다면 위 규정에 위반될 소지가 있으니 유의바랍니다.


 공정위 에서 발췌한 내용입니다.

위의 내용대로 한다면 판매업체가 무작위로 추출 해서 시도 때도 없이 전화 거는 것은 

합법으로 되어있어 처벌을 할 수 없습니다. 다만 공정위에서 시도 하고 있는 ""구매권유

광고거부의사등록 시스템"" (일명노스팸) 에 접속해서 거부의사전화번호를 등록 해놓코 

1개월 혹은 3개월 까지 지나야 같은 전화는 안받게 되어있습니다.


 만약 불법스팸으로 전화 1336 (불법스팸방지""스팸캅"") 에 신고를 하면 어떨까요?

안됩니다. 왜 공정위에 관계되 있는 위에 업체들의 전화는 처벌할 수 가없으니 신고를

받아  줄 수가 없지요!  

또 중요 한 것은 전화판매업체인양 불법스팸을 보내는 업체도 단속 을 할수가 없습니다.

그러한 내용은 스팸캅 측에서는 공정위 관할 이니 신고를 받을 수 없다는 것을 제가 누차 확인 했습니다.

그럼 소비자가 전화를 받아 이업체가 등록된 업체 인지 아닌지를 확인 하려면 어디를 가야 할 까요? 공정위 아닙니다. 등록지 관할 시, 군. 구청에 가야 자료가  있습니다.

전화 번호만 가지고 확인 하려면 어떻케 될 까?  못찾고 그냥 돌아와야 됩니다.

방문 판매 업체는 관할지 시, 군, 구청에 등록 해야 되며 전화번호는 꼭 기재 해야 되는데

더군다나 전화권유 판매업체 라면 필수 사항 이죠. 근데 있어도 못찾습니다. 업체 의 정확한 주소 업체명 대표자 성명을 알아야  그때 전화번호 대조가 가능한 시스템입니다.

어떻케 이럴 수가 있나요 전화로 영업을 하는 업체(이업체들은 저는 공기업이고 비영리 단체라 생각함, 스팹캅의 명시 되있는 바로는 처벌할 수가 없으니)의 전화번호 로 등록된 업체인지 아닌지를 모르다니 한심 하다 IT 강국 대한민국에서 말이 되는지 ㅜ-ㅜ


그래서 제안 합니다. 

전화번호로 업체를 찾을수 있어야 되며 등록된 업체 인양 소비자를 우롱 하는 개망나니 업체도 강력하게 처벌 하는 법이 있어야 될 것 같습니다.

이글은 공정위 ,부평구청, 행자부, 1336, 소비자보호원, 경기도청, 인천 광역시 ,

관계자들과 통화 후 해결책을 찾지 못해 여기에 올립니다.",,,20240125,NA,NA
주민등록 전입신고 Internet으로도 할 수 있게 개선하자,행정/자치/안전,,답변완료,2007-11-29,행정안전부,"주민등록을 전입(이사)지 동 주민쎈타에 꼭 출석하여 신고하도록 한 현행제도를 ""Internet""으로도 신고할 수 있도록(본인임을 확인할 수 있도록 공인인증서를 발급받은 사람에게 한하여)해서 주민들의 편의를 최대한 제공할 수 있었으면 하고 제안한다.

""Internet""에서 전입신고를 접수하면 동(洞)에서 다시 전입신고 민원인에게 ""Internet""이나 전화로 확인하면 충분히 가능하리라 생각한다.",,,20240125,,NA
라면 빵의 가격 20-30%인상 뉴스..뉴스를 가장한 가격 담합이 아닐까..,재정/금융/소비자,,제안심사,2007-11-21,공정거래위원회,"오늘 뉴스를 보니..

빵 라면 가격 내년 20-30%인상 이라는 뉴스 제목이 있는데..내용은 곡물 가격이 상승해서 인상한다 하지만 이런 기사야 말로 담합을 일으키고 소비자에게 고통을 주는 빵, 라면 회사가 흘리는 뉴스와 담합으로 이루어 지는 가격 상승이라 생각 된다..

라면 회사가 기사를 흘린다는 것은 책의 경우도 기자에게 책의 기사를 부탁해서 나오는 경우가 관행 적이다.. 마찬가지로 이런 기사도 라면 회사가 부탁하며 쓰여지는 기사가 된다 보고 있다..

라면이 20-30%나 인상 된다니!!.. 먹고 살기 힘들어 지네요-_-..-_-..


에고 이놈의 담합은 이제 언론을 매수해서 20-30%가격 올리려고 하는데 너희들도 참조 하라는 교묘한 방법을 쓰는 것인가...아니면 담합 끝내고 언론에 흘리는 것인가..

올리지도 않은 라면, 빵 가격을 알수 있는 것은 100% 책이 언론을 이용하듯이.. 언론에게 부탁해서 신문 뉴스에 나오게 하는 작전을 펼치네요-_-..

재수없는 기업들-_-.. 서민들의 잔돈까지 빼앗아 가네요..



뉴스 내용..


국제 곡물가 인상 영향으로 국내 밀가루를 원료로 사용하는 제품의 가격이 내년 초 20〜30% 인상될 것으로 예상된다. 


21일 관련업계에 따르면 국제 밀가루 가격이 폭등함에 따라 CJ제일제당, 대한제분, 삼양사 등 제분업체들과 농심, 롯데제과, 크라운・해태제과, SPC그룹 등 수요업체들이 내년 밀가루 가격 협상을 진행중이다. 


제분업체들은 지난 9월 밀가루 제품의 출고가격을 13〜15% 인상하고 강력밀가루와 중력밀가루는 20㎏ 포대당 각각 종전 1만2700원, 1만2000원에서 1만4400원과 1만3600원으로 15%가량 인상을 요구하고 있다.


국내 수요업체는 국제 곡물가 인상 영향으로 인한 가격 인상폭을 받아들이는 대신 판매장려금, 물류비 등 유리한 옵션을 얻기 위한 줄다리기에 나섰다. 이 때문에 통상 4주면 마무리되던 협상이 3개월 이상 지연되고 있다.


업계에서는 이번 협상이 다음달 초 타결될 것으로 전망하고 있다. 이에 따라 밀가루를 주원료로 사용하는 라면이나 빵, 과자 등의 가격이 내년 1월 일제히 인상될 것으로 예상된다.


CJ가 지난해 12월 밀가루값을 7% 인상했을 때 라면값은 3개월 뒤에 50〜100원 인상됐고 새우깡・ 쵸코파이 등은 15〜20% 인상된 점을 감안할 때 내년 초 라면, 과자, 빵 등 제품의 인상폭은 20〜30%에 달할 것으로 관측된다.


제과 1위 업체인 롯데제과 관계자는 “밀가루 가격 협상이 난황을 겪고 있다”며 “원가 상승에 따라 과자, 아이스크림 가격을 20〜30% 올려야 하지 않겠느냐는 내부 논의가 있으며 내년 초부터 단계적으로 가격을 올릴 예정”이라고 전했다.


업계 관계자는 “내년 초에는 밀가루를 원료로 하는 제품가격 인상이 불가피할 것으로 본다”며 “그동안 가격인상 대신에 용량이나 포장에 변화를 주는 등의 방법을 써 왔지만 생산라인의 설비를 바꿔야 하기 때문에 당장은 쉽지 않을 것”이라고 말했다. 

http://news.naver.com/main/read.nhn?mode=LS2D&mid=sec&sid1=101&sid2=310&oid=014&aid=0000361991&iid=


여기 나와 있는 통계의 출처 또한 업개라고 나와 있는데 기자가 업개 hp에서 참고 했을리도 만무한거 같고 이 통계를 제공한 업개가 뉴스도 부탁한 것이 아닐까 하네요-_-..",,,20240125,NA,NA
국제결혼 가정에 대한 실질적인 대책안,교육/문화/체육/관광,안녕하십니까.doc,제안추진,2007-11-12,여성가족부,"안녕하세요

국제결혼 가정에 대한 문제점과 실질적인 지원 대책안 입니다",,,20240125,,NA
국제결혼 가정에 대한 실질적인 대책안,식품/보건/복지/가족,안녕하십니까.doc,제안추진,2007-11-12,여성가족부,"안녕하세요

국제결혼 가정에 대한 문제점과 실질적인 지원 대책안 입니다",,,20240125,,NA
대중교통 연계할인제도 개선,행정/자치/안전,,답변완료,2007-11-05,서울특별시,"정부는 대중교통 활성화를 위하여 전철(지하철)과 버스를 연계하여 이용할 시 연계요금을 적용하여 국민들의 부담을 덜어주고 있으며, 이를 통하여 국민들의 대중교통을 유도하고 있음

현행제도의 문제점 : 현행 제도는 지하철과 국철, 국철과 버스, 지하철과 버스, 버스와 버스(동일번호 버스 제외)는 가능한데 지하철과 지하철, 국철과 국철, 버스와 버스(동일번호 버스)에는 적용하지 않고 있음

개선내용 : 대중교통 연계할인 제도를 현재처럼 서로 운영주체가 다른 경우만 적용할 것이 아니고, 운영주체가 같을 경우(예 지하철과 지하철, 국철과 국철, 버스와 동일번호 버스)도 일정 시간(예 10분)  이내에 다시 탑승할 때는 적용하는 것이 국민들의 대중교통 이용유도에 효과가 클 것으로 판단됨. 

개선시 기대효과

    - 역마다 계속하여 탑승과 하차를 반복하며 볼일을 보는 사람도 대중교통을 부담없이 이용할 수 있다. 

    - 지리를 잘 모르는 사람도 대중교통을 부담없이 이용할 수 있다. 초행길에 길을 잘 몰라서 잘 못 내렸을 경우 내리고 나서 바로 잘 못 내린 것을 알았을 경우 연계요금으로 같은 번호의 버스나 전철을 다시 타면 되니까

    - 국민들을 실질적으로 설득할 수 있다. 이제까지 운영주체가 틀릴 경우만 연계할인을 줌으로써 연계할인 요금제도가 생생내기 아니냐는 비판을 잠재우고 대중교통 이용유도를 적극적으로 할 수 있을 것으로 판단됨",,,20240125,"현재 지하철의 경우  실수로 반대방향으로 들어갔을 때 추가요금 없이 환승할 수 있는 지하철 재개표 서비스가 시행중에 있습니다. 이에 따라 동일역사에서 5분이내에 한번 더 접촉하더라도 추가 운임이 교통카드에서 빠져나가지 않고 있습니다.

다만, 제안시민이 말씀하시는 동일 버스노선 환승의 경우 서울시 2004년 버스개편이후부터 시행하였으나  환승통행이 아닌 목적통행 승객이 환승할인을 받는 불합리한 측면을 개선하고자 2007년 7월부터는 적용되지 않고 있습니다.",2013-01-24
잘 읽어보신후에 판단하세요.,식품/보건/복지/가족,,답변완료,2007-11-01,여성가족부,"1. 서론 

두 아이의 아빠입니다. 하나는 2주전에 태어났구요. 오산시에서 산모도우미를 2주동안 무상으로 제공해주더군요. 산모도우미 덕분에 한결편한 산후조리가 될것 같습니다. 지방자치단체마다 혜택이 다르다고 하더군요..헌데 나라에선 임산부를 위해 어떤 정책을 펼치고 계신지 몸으로 와닿는게 아무것도 없네요. 아참 첫째때보단 병원비는 싸진것 같습니다. 하지만 분만비 싸진만큼 병실비가 올라서 그 효과가 상쇄되는것 같습니다. 병원측의 이익만 커지는거죠. 헌데 이나마도 여성가족부의 정책이 아니죠. 

두 사람이 만나고 아이가 탄생하는 그 순간, 여성은 진정한 여성이 되고 가족은 진정한 가족이 되는 순간입니다. 아이가 두사람을 더 끈끈하게 이어주는 선이 되어주는건 누구라도 다 아는 사실입니다. 이 순간이 없다면 여성가족부가 존재할 이유가 없다고 생각됩니다. 하지만 이 순간을 위해 여성가족부는 어떤 정책을 펼치고 계산가요? 아직도 여성부의 틀에서 못 벗어나시고 계신건 아닌지 모르겠습니다. 


2. 개선사항 

태아는 임부와 공감하며, 신생아는 엄마의 젖을 먹으며 산모와 공감하게 됩니다. 엄마가 즐거우면 아기가 즐거워 한다는것은 누구라도 다 아는 사실이구요. 뱃속에서 즐겁게 자란 아기와 우울하게 자란 아기중 누가 더 건전한 성인으로 자라날 확률이 크겠습니까? 나라의 미래가 달라질 수도 있는 시기라고 생각됩니다. 


ㄱ.무엇을 해줄것인가? 


a. 임부라면 산모수첩이 있습니다. 학생이 학생증 작고다니면 학생 할인을 해주듯이 임부를 위해서 각종 문화시설 할인 혜택을 주는겁니다. 극장, 연극, 놀이시설, 레스토랑등의 시설에서 10-20%의 할인 혜택을 주는겁니다. 잘놀고, 잘먹으면 산모도 아이도 즐겁지 않을까요? 

b. 첫째아이를 가진경우의 사람들은 사회 초년생인 경우가 많습니다. 저의 경우엔 아이를 가진뒤 결혼을 했구요. 사회 초년생이나, 사고 쳐서 결혼한 저의 경우나 경제적으로 부담이 많이 되어 애를 지울까 하는 고민에 빠지게 됩니다. 이런 고민을 해결하기 위해선 경제적 지원이 필요합니다. 경제학적으로 봤을땐 현금보조가 효용이 가장커지지만 그만한 재원이 없을줄로 압니다. 그래서 가격보조를 생각해봤습니다. 사고쳐서 결혼하면서 살림을 마련하고, 아이를 가진 사회 초년생부모로써도 살것이 정말 많습니다. 가전제품, 가구등등이죠. 아런것들의 할인 혜택을 주는겁니다. 


ㄴ. 재원은 어떻게 마련할 것인가? 

어떤 정책을 수립하는데 있어서 가장 신경 쓰이는 부분이 바로 재원입니다. 하지만 재원이 많지 않아도 이 정책을 추진 할 수 있습니다. 

a.문화시설 

현재 청소년은 버스, 영화, 연극, 놀이시설 이용시 할인혜택을 받습니다. 국가에서 보조를 안해주더라도 각 기업들이 자발적으로 할인을 해 주고 있죠. 임산부 할인 우대정책은, 청소년 이할인 받는것이 당연한것처럼 임산부도 할인받는게 당현한것으로 받아들이는것이 최종 목표입니다. 그 방향으로 가기 위해선 ,CGV, 에버랜드등 의 메이저 기업과 상의해서 할인폭과 정부 보조구모 정도를 결정해야 합니다. 각 임산부가 한달에 두번정도 이용하는것으로 할인을 해주면 적당할 듯 싶습니다. 큰 기업에서 임산부 할인 우대정책에 동의해서 따라 오게되면 작은 기업들은 마켓쉐어를 뺏기지 않기위해서라도 따라오리라 생각됩니다. 임산부 우대정책에 동의한 회사들에겐 '여성가족부에서 실시하는 임산부우대 정책 지원기업' 이라는 로고를 사용할 수 있게 해주면 기업들도 잘 설득할 수 있으리라 생각됩니다. 

b. 전자제품, 가구등의 할인 

얼마전 아파트를 분양받아 입주하면서 LG, 삼성 대리점에서 입주민들을 위한 공동구매 행사를 하더군요. 공동구매행사라는 이름을 내걸고 조금 싸게 팔아도 남으니까 하는겁니다. 하지만 입주자 외의 사람에게도 그 가격에 팔진 못합니다. 그 가격이 '원래 그렇게 파는 가격' 으로 굳어지면 안되기 때문에죠. 이렇듯 대리점에서도 싸게 팔 명목이 있는 대상이 필요합니다. 그 사람들이 바로 임산부가 되는거죠. 

LG전자나 삼성전자 입장에선 대리점이 잘되는게 좋습니다. 하지만 요새 인터넷시장이 발달해서 대리점이 잘 안되는게 사실입니다. LG와 삼성에 요구하십시요. 대리점에서 가격 10%만 깎아서 임산부에게 팔라고 말입니다. 10%를 깎아도 인터넷몰이 더 싸겠지만 TV'불만제로'에서도 나왔듯 인터넷몰에서 산 제품은 부품이 다르다는 인식때문에 대리점이 조금 더 비싸더라도 대리점으로 갈것입니다. 

제품구매는 카테고리별로 한대씩만 구매할 수 있게 한정하는게 낳을 듯 싶구요. 나중에 임산부가 가전제품 브로커가 ?다는 뉴스기사라도 나면 임산부 우대정책이 타격을 받을 수 있으니까요. 

이때 구매자와 사용자가 다른 문제가 발생할 수도 있습니다. 그걸 막는 방법역시 불가능 하구요. 하지만 이 역시 이익은 임산부에게 돌아갑니다. 만약 동생이 임신중인 언니에게 제품을 싸게 구매해달라고 했다면 동생이 싸게 구매한만큼 장차 태어날 아이에게 돌려줄테니까요. 언니로써도 보람되구요. 

가구의 할인혜택도 역시 노송가구, 리바트등 메이저가구회사와 상의하여 할인폭을 결정하고 시행하면 중소 회사들 역시 따라 올 수 밖에 없다고 생각 됩니다. 


3. 개선시 기대효과 

ㄱ. 낙태율이 줄어듭니다. 

경제적인 여건때문에 결혼과 출산을 미루는 예비부부들에게 경제적 부담이 줄게 함으로써 출산을 선택하게 합니다. 

ㄴ. 출산율이 증가합니다. 

낙태가 줄어들고, 임산부 우대하는 정책, 보육정책이 하나씩 늘어날 수록 아이들은 늘어날 것 입니다. 

ㄷ. 정부정책이 튼튼해집니다. 

국민연금이 고갈될 날이 이미 정해져있습니다. 현재 재원조달방식이 적립방식이 아닌 부과 방식으로 알고 잇습니다. 미래의 일꾼이 많아진다면 국민연금 구조또한 탄탄해지게 되죠. 

ㄹ. 건전한 미래사회의 일꾼이 양성됩니다. 

임부와 산부가 즐거우면 태아가 건강하고 즐겁습니다. 뱃속의 10개월이 태어나서 10년보다 낳다고 했습니다. 대한민국 미래가 밝아집니다. 

ㅁ. 기업이 투자를 많이 하게 됩니다. 

출산율이 늘어나 인구가 많아지면 내수시장이 활발해집니다. 미래의 인력에 대비한 사원 구조를 위해서도 현재의 인력을 더 고용하기도 하고 공장 설립도 미루지 않을 것 입니다. 


출산율이 늘어나게 되면 좋은점은 더 잘아시리라 생각됩니다. 더 열거하지 않겠습니다. 언젠가 이 정책이 추진되고 임산부에 대한 우대정책이 당연한듯 받아들여지게 될 순간이 오길 바라겠습니다. 이 정책을 추진하면 여성가족부의 위신도 살아나리라 생각됩니다. 


PS. 다 쓰고 보니 산모에 대한 정책은 하나도 없네요. 혹시 나중에 추진하신다면 연락 주십시요. 산모에대한 정책도 생각해 놓겠습니다. 








 담당부처  보건복지부  작성일  2007.11.01 11:24:48 


현재 경기도를 포함한 일부 광역지자체에서 다자녀우대카드라는 사업을 시행하고 있습니다. 경기도의 경우 거주 95년 이후 3자녀 이상 출산 가정 (120천 세대 600천명)에 대해 다자녀 우대카드를 발급하고 있습니다. 다자녀우대카드는 지자체가 카드사와 가맹점간 협약을 맺어 발급자에게 일정한 할인혜택을 주는 것입니다. 

현재 시행초기 단계라 3자녀 이상 출산가구(서울, 충남은 2자녀 이상)에게만 발급하고 가맹점이 부족한 실정이지만, 향후 혜택을 점차 늘려갈 계획입니다.  




제가 제안을 여성 가족부가 아닌 보건 복지부에서 결정을 했더군요. 왜 여성가족부에서 가족이 탄생하는 순간을 왜면하는지 모르겠네요. 그럴려면 다시 여성부로 이름을 바꾸시죠. 그리고 제안 내용을 다시 읽어보셨으면 좋겠습니다. 저의 제안은 자녀가 많고 적고를 떠나 임산부를 위한 정책입니다. 태아와 공감하는시기로 임산부가 즐거우면 태아가 즐겁고 건강하며, 나라의 미래가 밝아 진다는 내용이었습니다. 자녀에 관한 내용이라고 다자녀와 똑같은 내용으로 치부하시네요. 오랜시간 생각했습니다. 잘 검토해주세요.",,,20240125,,NA
잘 읽어보신후에 판단하세요.,교육/문화/체육/관광,,답변완료,2007-11-01,여성가족부,"1. 서론 

두 아이의 아빠입니다. 하나는 2주전에 태어났구요. 오산시에서 산모도우미를 2주동안 무상으로 제공해주더군요. 산모도우미 덕분에 한결편한 산후조리가 될것 같습니다. 지방자치단체마다 혜택이 다르다고 하더군요..헌데 나라에선 임산부를 위해 어떤 정책을 펼치고 계신지 몸으로 와닿는게 아무것도 없네요. 아참 첫째때보단 병원비는 싸진것 같습니다. 하지만 분만비 싸진만큼 병실비가 올라서 그 효과가 상쇄되는것 같습니다. 병원측의 이익만 커지는거죠. 헌데 이나마도 여성가족부의 정책이 아니죠. 

두 사람이 만나고 아이가 탄생하는 그 순간, 여성은 진정한 여성이 되고 가족은 진정한 가족이 되는 순간입니다. 아이가 두사람을 더 끈끈하게 이어주는 선이 되어주는건 누구라도 다 아는 사실입니다. 이 순간이 없다면 여성가족부가 존재할 이유가 없다고 생각됩니다. 하지만 이 순간을 위해 여성가족부는 어떤 정책을 펼치고 계산가요? 아직도 여성부의 틀에서 못 벗어나시고 계신건 아닌지 모르겠습니다. 


2. 개선사항 

태아는 임부와 공감하며, 신생아는 엄마의 젖을 먹으며 산모와 공감하게 됩니다. 엄마가 즐거우면 아기가 즐거워 한다는것은 누구라도 다 아는 사실이구요. 뱃속에서 즐겁게 자란 아기와 우울하게 자란 아기중 누가 더 건전한 성인으로 자라날 확률이 크겠습니까? 나라의 미래가 달라질 수도 있는 시기라고 생각됩니다. 


ㄱ.무엇을 해줄것인가? 


a. 임부라면 산모수첩이 있습니다. 학생이 학생증 작고다니면 학생 할인을 해주듯이 임부를 위해서 각종 문화시설 할인 혜택을 주는겁니다. 극장, 연극, 놀이시설, 레스토랑등의 시설에서 10-20%의 할인 혜택을 주는겁니다. 잘놀고, 잘먹으면 산모도 아이도 즐겁지 않을까요? 

b. 첫째아이를 가진경우의 사람들은 사회 초년생인 경우가 많습니다. 저의 경우엔 아이를 가진뒤 결혼을 했구요. 사회 초년생이나, 사고 쳐서 결혼한 저의 경우나 경제적으로 부담이 많이 되어 애를 지울까 하는 고민에 빠지게 됩니다. 이런 고민을 해결하기 위해선 경제적 지원이 필요합니다. 경제학적으로 봤을땐 현금보조가 효용이 가장커지지만 그만한 재원이 없을줄로 압니다. 그래서 가격보조를 생각해봤습니다. 사고쳐서 결혼하면서 살림을 마련하고, 아이를 가진 사회 초년생부모로써도 살것이 정말 많습니다. 가전제품, 가구등등이죠. 아런것들의 할인 혜택을 주는겁니다. 


ㄴ. 재원은 어떻게 마련할 것인가? 

어떤 정책을 수립하는데 있어서 가장 신경 쓰이는 부분이 바로 재원입니다. 하지만 재원이 많지 않아도 이 정책을 추진 할 수 있습니다. 

a.문화시설 

현재 청소년은 버스, 영화, 연극, 놀이시설 이용시 할인혜택을 받습니다. 국가에서 보조를 안해주더라도 각 기업들이 자발적으로 할인을 해 주고 있죠. 임산부 할인 우대정책은, 청소년 이할인 받는것이 당연한것처럼 임산부도 할인받는게 당현한것으로 받아들이는것이 최종 목표입니다. 그 방향으로 가기 위해선 ,CGV, 에버랜드등 의 메이저 기업과 상의해서 할인폭과 정부 보조구모 정도를 결정해야 합니다. 각 임산부가 한달에 두번정도 이용하는것으로 할인을 해주면 적당할 듯 싶습니다. 큰 기업에서 임산부 할인 우대정책에 동의해서 따라 오게되면 작은 기업들은 마켓쉐어를 뺏기지 않기위해서라도 따라오리라 생각됩니다. 임산부 우대정책에 동의한 회사들에겐 '여성가족부에서 실시하는 임산부우대 정책 지원기업' 이라는 로고를 사용할 수 있게 해주면 기업들도 잘 설득할 수 있으리라 생각됩니다. 

b. 전자제품, 가구등의 할인 

얼마전 아파트를 분양받아 입주하면서 LG, 삼성 대리점에서 입주민들을 위한 공동구매 행사를 하더군요. 공동구매행사라는 이름을 내걸고 조금 싸게 팔아도 남으니까 하는겁니다. 하지만 입주자 외의 사람에게도 그 가격에 팔진 못합니다. 그 가격이 '원래 그렇게 파는 가격' 으로 굳어지면 안되기 때문에죠. 이렇듯 대리점에서도 싸게 팔 명목이 있는 대상이 필요합니다. 그 사람들이 바로 임산부가 되는거죠. 

LG전자나 삼성전자 입장에선 대리점이 잘되는게 좋습니다. 하지만 요새 인터넷시장이 발달해서 대리점이 잘 안되는게 사실입니다. LG와 삼성에 요구하십시요. 대리점에서 가격 10%만 깎아서 임산부에게 팔라고 말입니다. 10%를 깎아도 인터넷몰이 더 싸겠지만 TV'불만제로'에서도 나왔듯 인터넷몰에서 산 제품은 부품이 다르다는 인식때문에 대리점이 조금 더 비싸더라도 대리점으로 갈것입니다. 

제품구매는 카테고리별로 한대씩만 구매할 수 있게 한정하는게 낳을 듯 싶구요. 나중에 임산부가 가전제품 브로커가 ?다는 뉴스기사라도 나면 임산부 우대정책이 타격을 받을 수 있으니까요. 

이때 구매자와 사용자가 다른 문제가 발생할 수도 있습니다. 그걸 막는 방법역시 불가능 하구요. 하지만 이 역시 이익은 임산부에게 돌아갑니다. 만약 동생이 임신중인 언니에게 제품을 싸게 구매해달라고 했다면 동생이 싸게 구매한만큼 장차 태어날 아이에게 돌려줄테니까요. 언니로써도 보람되구요. 

가구의 할인혜택도 역시 노송가구, 리바트등 메이저가구회사와 상의하여 할인폭을 결정하고 시행하면 중소 회사들 역시 따라 올 수 밖에 없다고 생각 됩니다. 


3. 개선시 기대효과 

ㄱ. 낙태율이 줄어듭니다. 

경제적인 여건때문에 결혼과 출산을 미루는 예비부부들에게 경제적 부담이 줄게 함으로써 출산을 선택하게 합니다. 

ㄴ. 출산율이 증가합니다. 

낙태가 줄어들고, 임산부 우대하는 정책, 보육정책이 하나씩 늘어날 수록 아이들은 늘어날 것 입니다. 

ㄷ. 정부정책이 튼튼해집니다. 

국민연금이 고갈될 날이 이미 정해져있습니다. 현재 재원조달방식이 적립방식이 아닌 부과 방식으로 알고 잇습니다. 미래의 일꾼이 많아진다면 국민연금 구조또한 탄탄해지게 되죠. 

ㄹ. 건전한 미래사회의 일꾼이 양성됩니다. 

임부와 산부가 즐거우면 태아가 건강하고 즐겁습니다. 뱃속의 10개월이 태어나서 10년보다 낳다고 했습니다. 대한민국 미래가 밝아집니다. 

ㅁ. 기업이 투자를 많이 하게 됩니다. 

출산율이 늘어나 인구가 많아지면 내수시장이 활발해집니다. 미래의 인력에 대비한 사원 구조를 위해서도 현재의 인력을 더 고용하기도 하고 공장 설립도 미루지 않을 것 입니다. 


출산율이 늘어나게 되면 좋은점은 더 잘아시리라 생각됩니다. 더 열거하지 않겠습니다. 언젠가 이 정책이 추진되고 임산부에 대한 우대정책이 당연한듯 받아들여지게 될 순간이 오길 바라겠습니다. 이 정책을 추진하면 여성가족부의 위신도 살아나리라 생각됩니다. 


PS. 다 쓰고 보니 산모에 대한 정책은 하나도 없네요. 혹시 나중에 추진하신다면 연락 주십시요. 산모에대한 정책도 생각해 놓겠습니다. 








 담당부처  보건복지부  작성일  2007.11.01 11:24:48 


현재 경기도를 포함한 일부 광역지자체에서 다자녀우대카드라는 사업을 시행하고 있습니다. 경기도의 경우 거주 95년 이후 3자녀 이상 출산 가정 (120천 세대 600천명)에 대해 다자녀 우대카드를 발급하고 있습니다. 다자녀우대카드는 지자체가 카드사와 가맹점간 협약을 맺어 발급자에게 일정한 할인혜택을 주는 것입니다. 

현재 시행초기 단계라 3자녀 이상 출산가구(서울, 충남은 2자녀 이상)에게만 발급하고 가맹점이 부족한 실정이지만, 향후 혜택을 점차 늘려갈 계획입니다.  




제가 제안을 여성 가족부가 아닌 보건 복지부에서 결정을 했더군요. 왜 여성가족부에서 가족이 탄생하는 순간을 왜면하는지 모르겠네요. 그럴려면 다시 여성부로 이름을 바꾸시죠. 그리고 제안 내용을 다시 읽어보셨으면 좋겠습니다. 저의 제안은 자녀가 많고 적고를 떠나 임산부를 위한 정책입니다. 태아와 공감하는시기로 임산부가 즐거우면 태아가 즐겁고 건강하며, 나라의 미래가 밝아 진다는 내용이었습니다. 자녀에 관한 내용이라고 다자녀와 똑같은 내용으로 치부하시네요. 오랜시간 생각했습니다. 잘 검토해주세요.",,,20240125,,NA
