appointment_date,termination_date,department,name,note,administration
3/11/13,9/30/13,Ministry of Health and Welfare of South Korea,Young Chin,,Park
3/13/13,3/6/14,Ministry of the Interior and Safety,Jeong-bok Yoo,,Park
3/5/14,12/24/14,Ministry of Oceans and Fisheries,Joo-young Lee,,Park
7/15/14,1/12/16,Ministry of Economy and Finance,Kyung-hwan Choi,,Park
7/16/14,1/1/16,Ministry of Gender Equality and Family,Hee-jung Kim,,Park
11/19/14,1/12/16,Ministry of Education,Woo-yeo Hwang,,Park
3/16/15,11/10/15,Ministry of Oceans and Fisheries,Ki-jun Yoo,,Park
3/16/15,11/11/15,"Ministry of Land, Infrastructure and Transport",Il-ho Yoo,,Park
1/13/16,6/8/17,Ministry of Economy and Finance,Il-ho Yoo,,Park
6/16/17,4/5/19,Ministry of the Interior and Safety,Boo-kyum Kim,,Moon
6/16/17,4/2/19,"Ministry of Culture, Sports and Tourism",Jong-hwan Do,,Moon
6/16/17,4/2/19,Ministry of Oceans and Fisheries,Young-choon Kim,,Moon
6/21/17,12/29/20,"Ministry of Land, Infrastructure and Transport",Hyun-mee Kim,,Moon
8/14/17,9/21/18,Ministry of Employment and Labor,Young-joo Kim,,Moon
8/9/18,8/30/19,"Ministry of Agriculture, Food and Rural Affairs",Gae-ho Lee,,Moon
9/21/18,9/8/19,Ministry of Gender Equality and Family,Sun-mee Jin,,Moon
10/2/18,5/9/22,Ministry of Education,Eun-hye Yoo,,Moon
4/6/19,12/23/20,Ministry of the Interior and Safety,Young Chin,,Moon
4/8/19,1/20/21,Ministry of SMEs and Startups,Young-sun Park,,Moon
1/2/20,1/27/21,Ministry of Justice,Mi-ae Choo,,Moon
7/27/20,5/9/22,Ministry of Unification,In-young Lee,,Moon
12/24/20,5/11/22,Ministry of the Interior and Safety,Hae-Cheol Jeon,,Moon
1/22/21,5/9/22,Ministry of Environment,Jeoung-ae Han,,Moon
1/28/21,5/9/22,Ministry of Justice,Beom-kye Park,,Moon
2/5/21,5/12/22,Ministry of SMEs and Startups,Chil-seung Kwon,,Moon
2/11/21,5/10/22,"Ministry of Culture, Sports and Tourism",Hee Hwang,,Moon
5/10/22,12/28/23,Ministry of Economy and Finance,Kyung-ho Choo,,Yoon
5/12/22,1/10/24,Ministry of Foreign Affairs,Jin Park,,Yoon
5/13/22,7/28/23,Ministry of Unification,Young-se Kwon,,Yoon