date,epeople_media_count,epetition_media_count
2012-01-01,0,0
2012-01-02,0,0
2012-01-03,2,0
2012-01-04,1,0
2012-01-05,0,0
2012-01-06,2,0
2012-01-07,1,0
2012-01-08,0,0
2012-01-09,0,0
2012-01-10,2,0
2012-01-11,5,0
2012-01-12,0,0
2012-01-13,3,0
2012-01-14,0,0
2012-01-15,0,0
2012-01-16,1,0
2012-01-17,2,0
2012-01-18,1,0
2012-01-19,0,0
2012-01-20,0,0
2012-01-21,7,0
2012-01-22,1,0
2012-01-23,2,0
2012-01-24,0,0
2012-01-25,2,0
2012-01-26,2,0
2012-01-27,10,0
2012-01-28,0,0
2012-01-29,5,0
2012-01-30,3,0
2012-01-31,3,0
2012-02-01,3,0
2012-02-02,3,0
2012-02-03,0,0
2012-02-04,0,0
2012-02-05,1,0
2012-02-06,4,0
2012-02-07,1,0
2012-02-08,1,0
2012-02-09,0,0
2012-02-10,0,0
2012-02-11,0,0
2012-02-12,0,0
2012-02-13,0,0
2012-02-14,0,0
2012-02-15,0,0
2012-02-16,0,0
2012-02-17,0,0
2012-02-18,0,0
2012-02-19,0,0
2012-02-20,2,0
2012-02-21,6,0
2012-02-22,2,0
2012-02-23,0,0
2012-02-24,0,0
2012-02-25,0,0
2012-02-26,3,0
2012-02-27,2,0
2012-02-28,9,1
2012-02-29,16,0
2012-03-01,12,0
2012-03-02,6,2
2012-03-03,0,0
2012-03-04,3,0
2012-03-05,4,0
2012-03-06,3,0
2012-03-07,3,0
2012-03-08,0,0
2012-03-09,0,0
2012-03-10,0,0
2012-03-11,0,0
2012-03-12,4,0
2012-03-13,1,0
2012-03-14,2,0
2012-03-15,2,0
2012-03-16,1,0
2012-03-17,0,0
2012-03-18,0,0
2012-03-19,10,0
2012-03-20,5,0
2012-03-21,0,0
2012-03-22,3,0
2012-03-23,0,0
2012-03-24,0,0
2012-03-25,0,0
2012-03-26,1,0
2012-03-27,2,0
2012-03-28,3,0
2012-03-29,1,0
2012-03-30,1,0
2012-03-31,0,0
2012-04-01,3,0
2012-04-02,4,0
2012-04-03,1,0
2012-04-04,1,0
2012-04-05,2,0
2012-04-06,3,0
2012-04-07,0,0
2012-04-08,0,0
2012-04-09,4,0
2012-04-10,1,0
2012-04-11,0,0
2012-04-12,4,0
2012-04-13,3,0
2012-04-14,0,0
2012-04-15,0,0
2012-04-16,2,0
2012-04-17,10,0
2012-04-18,0,0
2012-04-19,4,1
2012-04-20,4,0
2012-04-21,1,0
2012-04-22,0,0
2012-04-23,1,0
2012-04-24,2,0
2012-04-25,4,1
2012-04-26,1,0
2012-04-27,1,0
2012-04-28,0,0
2012-04-29,0,0
2012-04-30,1,0
2012-05-01,2,0
2012-05-02,3,0
2012-05-03,0,0
2012-05-04,0,0
2012-05-05,0,0
2012-05-06,0,0
2012-05-07,0,0
2012-05-08,1,0
2012-05-09,9,0
2012-05-10,8,0
2012-05-11,1,0
2012-05-12,1,0
2012-05-13,0,0
2012-05-14,4,0
2012-05-15,1,0
2012-05-16,3,0
2012-05-17,1,0
2012-05-18,0,0
2012-05-19,1,0
2012-05-20,0,0
2012-05-21,0,0
2012-05-22,2,0
2012-05-23,1,0
2012-05-24,0,0
2012-05-25,1,0
2012-05-26,1,0
2012-05-27,0,0
2012-05-28,4,0
2012-05-29,6,0
2012-05-30,0,3
2012-05-31,1,1
2012-06-01,2,0
2012-06-02,1,0
2012-06-03,0,0
2012-06-04,0,0
2012-06-05,3,0
2012-06-06,0,0
2012-06-07,0,1
2012-06-08,0,0
2012-06-09,0,0
2012-06-10,0,0
2012-06-11,9,0
2012-06-12,0,0
2012-06-13,2,0
2012-06-14,0,0
2012-06-15,1,0
2012-06-16,0,0
2012-06-17,0,0
2012-06-18,0,0
2012-06-19,3,0
2012-06-20,1,0
2012-06-21,0,0
2012-06-22,0,1
2012-06-23,0,0
2012-06-24,0,0
2012-06-25,2,0
2012-06-26,1,0
2012-06-27,1,0
2012-06-28,2,0
2012-06-29,2,0
2012-06-30,1,0
2012-07-01,1,0
2012-07-02,3,0
2012-07-03,4,0
2012-07-04,0,0
2012-07-05,1,1
2012-07-06,1,0
2012-07-07,0,0
2012-07-08,2,0
2012-07-09,8,0
2012-07-10,2,0
2012-07-11,2,0
2012-07-12,0,0
2012-07-13,2,0
2012-07-14,0,0
2012-07-15,0,0
2012-07-16,7,0
2012-07-17,5,0
2012-07-18,1,0
2012-07-19,0,0
2012-07-20,0,0
2012-07-21,0,0
2012-07-22,6,0
2012-07-23,1,0
2012-07-24,2,0
2012-07-25,1,0
2012-07-26,0,0
2012-07-27,0,0
2012-07-28,0,0
2012-07-29,0,0
2012-07-30,0,0
2012-07-31,1,0
2012-08-01,0,1
2012-08-02,6,0
2012-08-03,3,0
2012-08-04,0,0
2012-08-05,0,0
2012-08-06,0,0
2012-08-07,0,0
2012-08-08,0,0
2012-08-09,1,0
2012-08-10,0,0
2012-08-11,0,0
2012-08-12,0,0
2012-08-13,9,0
2012-08-14,2,0
2012-08-15,1,0
2012-08-16,0,0
2012-08-17,3,0
2012-08-18,1,0
2012-08-19,0,0
2012-08-20,0,0
2012-08-21,0,0
2012-08-22,0,0
2012-08-23,1,0
2012-08-24,1,0
2012-08-25,0,0
2012-08-26,0,0
2012-08-27,1,0
2012-08-28,2,0
2012-08-29,0,0
2012-08-30,0,0
2012-08-31,0,0
2012-09-01,0,0
2012-09-02,2,0
2012-09-03,1,0
2012-09-04,1,0
2012-09-05,0,0
2012-09-06,0,0
2012-09-07,0,0
2012-09-08,0,0
2012-09-09,7,0
2012-09-10,12,0
2012-09-11,3,0
2012-09-12,0,0
2012-09-13,0,0
2012-09-14,0,0
2012-09-15,0,0
2012-09-16,0,0
2012-09-17,0,0
2012-09-18,1,0
2012-09-19,0,0
2012-09-20,0,0
2012-09-21,0,0
2012-09-22,3,0
2012-09-23,3,0
2012-09-24,7,1
2012-09-25,3,0
2012-09-26,6,0
2012-09-27,0,0
2012-09-28,2,0
2012-09-29,0,0
2012-09-30,0,0
2012-10-01,0,0
2012-10-02,0,0
2012-10-03,3,0
2012-10-04,4,0
2012-10-05,0,0
2012-10-06,0,0
2012-10-07,0,0
2012-10-08,4,0
2012-10-09,4,0
2012-10-10,1,0
2012-10-11,1,0
2012-10-12,3,0
2012-10-13,0,0
2012-10-14,1,0
2012-10-15,5,0
2012-10-16,1,4
2012-10-17,1,0
2012-10-18,2,0
2012-10-19,1,0
2012-10-20,0,0
2012-10-21,0,0
2012-10-22,1,0
2012-10-23,0,0
2012-10-24,2,1
2012-10-25,2,3
2012-10-26,0,0
2012-10-27,1,0
2012-10-28,2,3
2012-10-29,4,4
2012-10-30,4,2
2012-10-31,1,3
2012-11-01,2,3
2012-11-02,2,12
2012-11-03,1,3
2012-11-04,0,0
2012-11-05,4,1
2012-11-06,1,1
2012-11-07,0,0
2012-11-08,0,0
2012-11-09,0,0
2012-11-10,0,0
2012-11-11,0,0
2012-11-12,5,0
2012-11-13,2,0
2012-11-14,1,0
2012-11-15,3,0
2012-11-16,0,0
2012-11-17,0,0
2012-11-18,4,0
2012-11-19,8,0
2012-11-20,0,0
2012-11-21,5,0
2012-11-22,2,0
2012-11-23,1,0
2012-11-24,0,0
2012-11-25,0,0
2012-11-26,3,0
2012-11-27,2,0
2012-11-28,0,0
2012-11-29,1,0
2012-11-30,1,0
2012-12-01,0,0
2012-12-02,0,0
2012-12-03,0,0
2012-12-04,0,0
2012-12-05,11,0
2012-12-06,6,0
2012-12-07,0,0
2012-12-08,1,0
2012-12-09,2,0
2012-12-10,5,0
2012-12-11,2,0
2012-12-12,1,0
2012-12-13,2,0
2012-12-14,0,0
2012-12-15,1,0
2012-12-16,0,0
2012-12-17,2,0
2012-12-18,5,0
2012-12-19,0,0
2012-12-20,1,0
2012-12-21,1,0
2012-12-22,0,0
2012-12-23,0,0
2012-12-24,0,1
2012-12-25,0,0
2012-12-26,1,0
2012-12-27,0,0
2012-12-28,0,0
2012-12-29,0,0
2012-12-30,0,0
2012-12-31,3,0
2013-01-01,0,0
2013-01-02,2,1
2013-01-03,3,0
2013-01-04,1,0
2013-01-05,0,0
2013-01-06,1,0
2013-01-07,0,0
2013-01-08,0,0
2013-01-09,2,0
2013-01-10,5,0
2013-01-11,9,0
2013-01-12,1,0
2013-01-13,1,0
2013-01-14,1,0
2013-01-15,1,0
2013-01-16,3,0
2013-01-17,2,0
2013-01-18,1,1
2013-01-19,0,0
2013-01-20,1,0
2013-01-21,2,0
2013-01-22,1,0
2013-01-23,3,0
2013-01-24,4,0
2013-01-25,1,0
2013-01-26,0,0
2013-01-27,0,0
2013-01-28,0,0
2013-01-29,0,0
2013-01-30,0,0
2013-01-31,1,0
2013-02-01,1,0
2013-02-02,0,0
2013-02-03,1,0
2013-02-04,5,0
2013-02-05,5,1
2013-02-06,7,2
2013-02-07,0,0
2013-02-08,1,0
2013-02-09,0,0
2013-02-10,0,0
2013-02-11,1,0
2013-02-12,1,0
2013-02-13,0,0
2013-02-14,1,0
2013-02-15,1,0
2013-02-16,0,0
2013-02-17,0,0
2013-02-18,1,0
2013-02-19,4,0
2013-02-20,12,0
2013-02-21,3,0
2013-02-22,1,0
2013-02-23,0,0
2013-02-24,0,0
2013-02-25,0,0
2013-02-26,2,0
2013-02-27,10,1
2013-02-28,6,0
2013-03-01,4,0
2013-03-02,0,0
2013-03-03,11,0
2013-03-04,10,0
2013-03-05,0,0
2013-03-06,3,0
2013-03-07,2,0
2013-03-08,0,0
2013-03-09,0,0
2013-03-10,0,0
2013-03-11,1,0
2013-03-12,1,0
2013-03-13,3,0
2013-03-14,2,0
2013-03-15,1,0
2013-03-16,0,0
2013-03-17,1,0
2013-03-18,2,0
2013-03-19,4,0
2013-03-20,2,0
2013-03-21,0,0
2013-03-22,2,0
2013-03-23,0,0
2013-03-24,2,0
2013-03-25,1,0
2013-03-26,5,0
2013-03-27,3,0
2013-03-28,0,0
2013-03-29,0,0
2013-03-30,0,0
2013-03-31,1,0
2013-04-01,1,0
2013-04-02,1,0
2013-04-03,0,0
2013-04-04,1,0
2013-04-05,2,0
2013-04-06,0,0
2013-04-07,0,0
2013-04-08,7,0
2013-04-09,5,0
2013-04-10,3,0
2013-04-11,0,0
2013-04-12,3,0
2013-04-13,0,0
2013-04-14,1,0
2013-04-15,2,0
2013-04-16,2,0
2013-04-17,1,0
2013-04-18,2,0
2013-04-19,1,0
2013-04-20,1,0
2013-04-21,0,0
2013-04-22,3,0
2013-04-23,3,0
2013-04-24,4,0
2013-04-25,1,0
2013-04-26,2,0
2013-04-27,0,0
2013-04-28,1,0
2013-04-29,1,0
2013-04-30,2,0
2013-05-01,3,0
2013-05-02,3,0
2013-05-03,0,0
2013-05-04,0,0
2013-05-05,0,0
2013-05-06,5,0
2013-05-07,9,0
2013-05-08,5,0
2013-05-09,7,0
2013-05-10,2,0
2013-05-11,1,0
2013-05-12,0,0
2013-05-13,1,0
2013-05-14,6,0
2013-05-15,9,0
2013-05-16,6,0
2013-05-17,4,0
2013-05-18,2,0
2013-05-19,1,0
2013-05-20,1,0
2013-05-21,1,0
2013-05-22,2,0
2013-05-23,4,0
2013-05-24,3,0
2013-05-25,0,0
2013-05-26,3,0
2013-05-27,2,0
2013-05-28,2,0
2013-05-29,0,0
2013-05-30,1,0
2013-05-31,0,0
2013-06-01,0,0
2013-06-02,0,0
2013-06-03,2,0
2013-06-04,4,0
2013-06-05,1,0
2013-06-06,0,0
2013-06-07,2,1
2013-06-08,0,0
2013-06-09,5,0
2013-06-10,4,0
2013-06-11,4,0
2013-06-12,2,0
2013-06-13,2,1
2013-06-14,4,0
2013-06-15,0,0
2013-06-16,1,0
2013-06-17,2,0
2013-06-18,1,0
2013-06-19,12,0
2013-06-20,5,0
2013-06-21,2,0
2013-06-22,0,0
2013-06-23,1,0
2013-06-24,1,1
2013-06-25,3,0
2013-06-26,4,0
2013-06-27,0,0
2013-06-28,0,0
2013-06-29,0,0
2013-06-30,2,0
2013-07-01,0,0
2013-07-02,2,0
2013-07-03,6,0
2013-07-04,6,0
2013-07-05,0,0
2013-07-06,1,0
2013-07-07,0,0
2013-07-08,0,0
2013-07-09,3,0
2013-07-10,4,0
2013-07-11,0,0
2013-07-12,2,0
2013-07-13,0,0
2013-07-14,0,0
2013-07-15,3,0
2013-07-16,0,0
2013-07-17,2,0
2013-07-18,1,0
2013-07-19,7,0
2013-07-20,0,0
2013-07-21,3,0
2013-07-22,8,0
2013-07-23,3,0
2013-07-24,3,0
2013-07-25,2,0
2013-07-26,3,0
2013-07-27,0,0
2013-07-28,9,0
2013-07-29,8,0
2013-07-30,0,0
2013-07-31,1,0
2013-08-01,2,0
2013-08-02,3,0
2013-08-03,0,0
2013-08-04,0,0
2013-08-05,0,0
2013-08-06,1,0
2013-08-07,2,0
2013-08-08,1,1
2013-08-09,0,0
2013-08-10,0,0
2013-08-11,1,0
2013-08-12,1,0
2013-08-13,1,0
2013-08-14,5,0
2013-08-15,0,0
2013-08-16,1,0
2013-08-17,0,0
2013-08-18,0,0
2013-08-19,4,0
2013-08-20,7,0
2013-08-21,6,0
2013-08-22,4,0
2013-08-23,0,0
2013-08-24,1,0
2013-08-25,0,0
2013-08-26,1,0
2013-08-27,6,0
2013-08-28,1,0
2013-08-29,0,0
2013-08-30,2,0
2013-08-31,0,0
2013-09-01,0,0
2013-09-02,2,0
2013-09-03,6,0
2013-09-04,1,0
2013-09-05,2,0
2013-09-06,1,0
2013-09-07,1,0
2013-09-08,1,0
2013-09-09,3,0
2013-09-10,4,0
2013-09-11,2,0
2013-09-12,0,0
2013-09-13,0,0
2013-09-14,0,0
2013-09-15,0,0
2013-09-16,3,0
2013-09-17,3,0
2013-09-18,0,0
2013-09-19,0,0
2013-09-20,0,0
2013-09-21,0,0
2013-09-22,0,0
2013-09-23,0,0
2013-09-24,1,0
2013-09-25,2,0
2013-09-26,0,0
2013-09-27,1,0
2013-09-28,0,0
2013-09-29,2,0
2013-09-30,3,0
2013-10-01,3,0
2013-10-02,2,0
2013-10-03,1,0
2013-10-04,1,0
2013-10-05,0,0
2013-10-06,0,0
2013-10-07,1,0
2013-10-08,1,0
2013-10-09,1,0
2013-10-10,1,0
2013-10-11,0,0
2013-10-12,0,0
2013-10-13,0,0
2013-10-14,1,0
2013-10-15,4,0
2013-10-16,0,0
2013-10-17,3,0
2013-10-18,1,0
2013-10-19,0,0
2013-10-20,0,0
2013-10-21,1,0
2013-10-22,0,0
2013-10-23,0,0
2013-10-24,2,0
2013-10-25,0,0
2013-10-26,0,0
2013-10-27,0,0
2013-10-28,3,0
2013-10-29,7,0
2013-10-30,4,0
2013-10-31,6,0
2013-11-01,5,0
2013-11-02,0,0
2013-11-03,0,0
2013-11-04,2,0
2013-11-05,5,0
2013-11-06,0,0
2013-11-07,0,0
2013-11-08,0,0
2013-11-09,0,0
2013-11-10,0,0
2013-11-11,0,0
2013-11-12,2,0
2013-11-13,1,0
2013-11-14,0,0
2013-11-15,0,0
2013-11-16,0,0
2013-11-17,0,0
2013-11-18,1,0
2013-11-19,0,0
2013-11-20,0,0
2013-11-21,1,0
2013-11-22,0,0
2013-11-23,0,0
2013-11-24,0,0
2013-11-25,0,0
2013-11-26,3,0
2013-11-27,1,0
2013-11-28,4,0
2013-11-29,2,0
2013-11-30,0,0
2013-12-01,0,0
2013-12-02,1,0
2013-12-03,3,0
2013-12-04,3,0
2013-12-05,5,0
2013-12-06,5,0
2013-12-07,1,0
2013-12-08,2,0
2013-12-09,1,0
2013-12-10,1,1
2013-12-11,0,0
2013-12-12,3,0
2013-12-13,5,0
2013-12-14,0,0
2013-12-15,1,0
2013-12-16,8,0
2013-12-17,11,0
2013-12-18,11,0
2013-12-19,7,0
2013-12-20,0,0
2013-12-21,1,0
2013-12-22,0,0
2013-12-23,1,0
2013-12-24,1,0
2013-12-25,1,0
2013-12-26,1,0
2013-12-27,1,0
2013-12-28,0,0
2013-12-29,1,0
2013-12-30,4,0
2013-12-31,4,0
2014-01-01,2,0
2014-01-02,3,0
2014-01-03,5,0
2014-01-04,1,0
2014-01-05,0,0
2014-01-06,0,0
2014-01-07,2,0
2014-01-08,1,0
2014-01-09,2,0
2014-01-10,1,0
2014-01-11,0,0
2014-01-12,3,0
2014-01-13,2,0
2014-01-14,4,0
2014-01-15,4,0
2014-01-16,4,0
2014-01-17,4,0
2014-01-18,0,0
2014-01-19,0,0
2014-01-20,0,0
2014-01-21,1,0
2014-01-22,1,0
2014-01-23,9,0
2014-01-24,6,0
2014-01-25,1,0
2014-01-26,1,0
2014-01-27,2,0
2014-01-28,4,0
2014-01-29,7,0
2014-01-30,0,0
2014-01-31,0,0
2014-02-01,0,0
2014-02-02,6,0
2014-02-03,3,0
2014-02-04,5,0
2014-02-05,7,0
2014-02-06,1,0
2014-02-07,2,0
2014-02-08,0,0
2014-02-09,0,0
2014-02-10,2,0
2014-02-11,3,0
2014-02-12,0,0
2014-02-13,2,0
2014-02-14,0,0
2014-02-15,0,0
2014-02-16,1,0
2014-02-17,3,0
2014-02-18,2,0
2014-02-19,1,0
2014-02-20,0,0
2014-02-21,2,0
2014-02-22,1,0
2014-02-23,2,0
2014-02-24,1,0
2014-02-25,1,0
2014-02-26,2,0
2014-02-27,13,0
2014-02-28,4,0
2014-03-01,0,0
2014-03-02,1,0
2014-03-03,1,0
2014-03-04,6,0
2014-03-05,7,1
2014-03-06,6,1
2014-03-07,1,0
2014-03-08,0,0
2014-03-09,0,0
2014-03-10,7,0
2014-03-11,3,0
2014-03-12,1,1
2014-03-13,2,0
2014-03-14,1,0
2014-03-15,0,0
2014-03-16,0,0
2014-03-17,4,0
2014-03-18,3,0
2014-03-19,3,0
2014-03-20,1,0
2014-03-21,1,0
2014-03-22,0,0
2014-03-23,0,0
2014-03-24,5,0
2014-03-25,5,0
2014-03-26,2,0
2014-03-27,2,0
2014-03-28,1,0
2014-03-29,0,0
2014-03-30,0,0
2014-03-31,8,0
2014-04-01,5,0
2014-04-02,0,0
2014-04-03,2,0
2014-04-04,5,0
2014-04-05,0,0
2014-04-06,1,0
2014-04-07,5,0
2014-04-08,3,1
2014-04-09,7,0
2014-04-10,3,0
2014-04-11,2,0
2014-04-12,0,0
2014-04-13,3,0
2014-04-14,1,0
2014-04-15,9,0
2014-04-16,4,0
2014-04-17,1,0
2014-04-18,1,0
2014-04-19,0,0
2014-04-20,9,0
2014-04-21,1,0
2014-04-22,4,0
2014-04-23,0,0
2014-04-24,3,0
2014-04-25,1,0
2014-04-26,0,0
2014-04-27,0,0
2014-04-28,1,1
2014-04-29,19,0
2014-04-30,17,0
2014-05-01,8,0
2014-05-02,1,0
2014-05-03,0,0
2014-05-04,0,0
2014-05-05,0,0
2014-05-06,6,0
2014-05-07,7,0
2014-05-08,3,0
2014-05-09,4,0
2014-05-10,1,0
2014-05-11,2,0
2014-05-12,6,0
2014-05-13,9,0
2014-05-14,12,0
2014-05-15,4,0
2014-05-16,0,0
2014-05-17,0,0
2014-05-18,1,0
2014-05-19,3,0
2014-05-20,5,0
2014-05-21,1,0
2014-05-22,2,0
2014-05-23,1,0
2014-05-24,0,0
2014-05-25,1,0
2014-05-26,4,0
2014-05-27,0,0
2014-05-28,2,0
2014-05-29,10,0
2014-05-30,2,0
2014-05-31,0,0
2014-06-01,2,0
2014-06-02,5,0
2014-06-03,3,2
2014-06-04,2,0
2014-06-05,5,0
2014-06-06,0,0
2014-06-07,1,0
2014-06-08,1,0
2014-06-09,6,0
2014-06-10,2,0
2014-06-11,2,0
2014-06-12,1,0
2014-06-13,1,0
2014-06-14,0,0
2014-06-15,0,0
2014-06-16,1,0
2014-06-17,1,0
2014-06-18,2,0
2014-06-19,5,0
2014-06-20,2,0
2014-06-21,0,0
2014-06-22,5,0
2014-06-23,4,0
2014-06-24,4,0
2014-06-25,0,0
2014-06-26,4,0
2014-06-27,5,0
2014-06-28,0,0
2014-06-29,1,0
2014-06-30,2,0
2014-07-01,1,0
2014-07-02,2,0
2014-07-03,2,0
2014-07-04,1,0
2014-07-05,1,0
2014-07-06,0,0
2014-07-07,1,0
2014-07-08,3,0
2014-07-09,4,0
2014-07-10,4,0
2014-07-11,0,0
2014-07-12,1,0
2014-07-13,0,0
2014-07-14,2,1
2014-07-15,5,2
2014-07-16,5,0
2014-07-17,2,0
2014-07-18,6,0
2014-07-19,0,0
2014-07-20,0,0
2014-07-21,3,0
2014-07-22,0,0
2014-07-23,1,1
2014-07-24,1,0
2014-07-25,1,0
2014-07-26,0,0
2014-07-27,0,0
2014-07-28,1,0
2014-07-29,7,0
2014-07-30,1,0
2014-07-31,0,0
2014-08-01,0,0
2014-08-02,0,0
2014-08-03,2,0
2014-08-04,2,0
2014-08-05,2,0
2014-08-06,1,0
2014-08-07,5,1
2014-08-08,6,2
2014-08-09,1,0
2014-08-10,0,0
2014-08-11,8,1
2014-08-12,1,0
2014-08-13,5,0
2014-08-14,2,0
2014-08-15,6,0
2014-08-16,0,0
2014-08-17,0,0
2014-08-18,4,0
2014-08-19,8,0
2014-08-20,6,0
2014-08-21,4,0
2014-08-22,0,0
2014-08-23,0,0
2014-08-24,1,0
2014-08-25,4,0
2014-08-26,2,0
2014-08-27,0,0
2014-08-28,3,0
2014-08-29,2,0
2014-08-30,1,0
2014-08-31,0,0
2014-09-01,6,0
2014-09-02,5,0
2014-09-03,4,0
2014-09-04,5,0
2014-09-05,3,0
2014-09-06,0,0
2014-09-07,0,0
2014-09-08,0,0
2014-09-09,0,0
2014-09-10,1,0
2014-09-11,1,1
2014-09-12,0,0
2014-09-13,0,0
2014-09-14,0,0
2014-09-15,2,1
2014-09-16,1,0
2014-09-17,4,0
2014-09-18,4,0
2014-09-19,4,0
2014-09-20,0,0
2014-09-21,2,0
2014-09-22,7,0
2014-09-23,5,0
2014-09-24,1,0
2014-09-25,7,0
2014-09-26,2,0
2014-09-27,0,0
2014-09-28,2,0
2014-09-29,7,0
2014-09-30,7,0
2014-10-01,2,0
2014-10-02,2,0
2014-10-03,1,0
2014-10-04,0,0
2014-10-05,0,0
2014-10-06,0,3
2014-10-07,1,0
2014-10-08,0,0
2014-10-09,0,0
2014-10-10,12,0
2014-10-11,2,0
2014-10-12,1,0
2014-10-13,5,0
2014-10-14,0,0
2014-10-15,0,0
2014-10-16,5,0
2014-10-17,2,0
2014-10-18,0,0
2014-10-19,0,0
2014-10-20,2,0
2014-10-21,0,0
2014-10-22,0,0
2014-10-23,0,0
2014-10-24,3,0
2014-10-25,0,0
2014-10-26,0,0
2014-10-27,0,0
2014-10-28,1,0
2014-10-29,0,0
2014-10-30,1,0
2014-10-31,3,0
2014-11-01,0,0
2014-11-02,0,0
2014-11-03,0,0
2014-11-04,1,1
2014-11-05,4,0
2014-11-06,3,0
2014-11-07,1,0
2014-11-08,0,0
2014-11-09,9,0
2014-11-10,5,0
2014-11-11,1,0
2014-11-12,6,0
2014-11-13,4,0
2014-11-14,2,0
2014-11-15,0,0
2014-11-16,0,0
2014-11-17,2,0
2014-11-18,1,0
2014-11-19,4,0
2014-11-20,3,0
2014-11-21,1,1
2014-11-22,0,0
2014-11-23,1,0
2014-11-24,0,0
2014-11-25,1,0
2014-11-26,0,0
2014-11-27,6,0
2014-11-28,1,0
2014-11-29,0,0
2014-11-30,3,0
2014-12-01,4,0
2014-12-02,3,0
2014-12-03,5,0
2014-12-04,2,0
2014-12-05,0,0
2014-12-06,1,0
2014-12-07,4,0
2014-12-08,4,0
2014-12-09,17,0
2014-12-10,3,0
2014-12-11,7,0
2014-12-12,12,0
2014-12-13,1,0
2014-12-14,0,0
2014-12-15,3,0
2014-12-16,1,0
2014-12-17,0,0
2014-12-18,11,0
2014-12-19,4,0
2014-12-20,0,0
2014-12-21,0,0
2014-12-22,2,0
2014-12-23,3,0
2014-12-24,5,0
2014-12-25,7,0
2014-12-26,6,0
2014-12-27,0,0
2014-12-28,0,0
2014-12-29,1,0
2014-12-30,0,0
2014-12-31,1,0
2015-01-01,0,0
2015-01-02,0,1
2015-01-03,0,0
2015-01-04,0,0
2015-01-05,1,0
2015-01-06,3,0
2015-01-07,4,0
2015-01-08,10,1
2015-01-09,4,0
2015-01-10,0,0
2015-01-11,0,0
2015-01-12,0,0
2015-01-13,8,0
2015-01-14,0,0
2015-01-15,1,0
2015-01-16,0,0
2015-01-17,1,0
2015-01-18,2,0
2015-01-19,3,0
2015-01-20,2,0
2015-01-21,11,0
2015-01-22,4,0
2015-01-23,2,0
2015-01-24,0,0
2015-01-25,1,0
2015-01-26,0,3
2015-01-27,0,0
2015-01-28,0,1
2015-01-29,1,1
2015-01-30,0,0
2015-01-31,0,0
2015-02-01,1,0
2015-02-02,3,0
2015-02-03,6,0
2015-02-04,8,0
2015-02-05,9,0
2015-02-06,9,0
2015-02-07,1,0
2015-02-08,0,0
2015-02-09,4,0
2015-02-10,6,0
2015-02-11,3,0
2015-02-12,6,1
2015-02-13,4,0
2015-02-14,0,0
2015-02-15,1,0
2015-02-16,1,0
2015-02-17,0,0
2015-02-18,1,0
2015-02-19,0,0
2015-02-20,0,0
2015-02-21,0,0
2015-02-22,2,0
2015-02-23,4,0
2015-02-24,4,0
2015-02-25,0,0
2015-02-26,2,0
2015-02-27,1,0
2015-02-28,1,0
2015-03-01,0,0
2015-03-02,0,0
2015-03-03,4,0
2015-03-04,5,0
2015-03-05,5,0
2015-03-06,1,0
2015-03-07,1,0
2015-03-08,6,0
2015-03-09,8,0
2015-03-10,4,0
2015-03-11,2,0
2015-03-12,0,0
2015-03-13,0,0
2015-03-14,0,0
2015-03-15,1,0
2015-03-16,1,0
2015-03-17,1,0
2015-03-18,1,0
2015-03-19,8,0
2015-03-20,4,0
2015-03-21,0,0
2015-03-22,1,0
2015-03-23,0,0
2015-03-24,0,0
2015-03-25,4,0
2015-03-26,1,0
2015-03-27,0,0
2015-03-28,0,0
2015-03-29,3,0
2015-03-30,28,0
2015-03-31,8,0
2015-04-01,4,0
2015-04-02,2,0
2015-04-03,1,0
2015-04-04,0,0
2015-04-05,2,0
2015-04-06,3,0
2015-04-07,0,0
2015-04-08,0,0
2015-04-09,6,0
2015-04-10,7,0
2015-04-11,0,0
2015-04-12,0,0
2015-04-13,2,0
2015-04-14,2,0
2015-04-15,6,0
2015-04-16,1,0
2015-04-17,2,0
2015-04-18,0,0
2015-04-19,1,0
2015-04-20,4,0
2015-04-21,2,0
2015-04-22,7,0
2015-04-23,4,0
2015-04-24,2,0
2015-04-25,1,0
2015-04-26,3,0
2015-04-27,2,0
2015-04-28,6,0
2015-04-29,1,2
2015-04-30,4,4
2015-05-01,3,0
2015-05-02,0,0
2015-05-03,3,0
2015-05-04,1,0
2015-05-05,0,0
2015-05-06,1,0
2015-05-07,1,0
2015-05-08,1,0
2015-05-09,0,0
2015-05-10,2,0
2015-05-11,2,0
2015-05-12,11,0
2015-05-13,10,0
2015-05-14,1,0
2015-05-15,4,0
2015-05-16,1,0
2015-05-17,1,0
2015-05-18,3,0
2015-05-19,5,0
2015-05-20,2,0
2015-05-21,8,0
2015-05-22,1,0
2015-05-23,0,0
2015-05-24,0,0
2015-05-25,6,0
2015-05-26,11,0
2015-05-27,4,0
2015-05-28,7,0
2015-05-29,0,0
2015-05-30,0,0
2015-05-31,0,0
2015-06-01,2,0
2015-06-02,4,0
2015-06-03,4,0
2015-06-04,1,0
2015-06-05,0,0
2015-06-06,0,0
2015-06-07,3,0
2015-06-08,1,0
2015-06-09,1,0
2015-06-10,4,0
2015-06-11,1,0
2015-06-12,2,0
2015-06-13,0,0
2015-06-14,0,0
2015-06-15,2,0
2015-06-16,5,0
2015-06-17,1,0
2015-06-18,2,0
2015-06-19,1,0
2015-06-20,1,0
2015-06-21,3,0
2015-06-22,1,0
2015-06-23,1,0
2015-06-24,8,0
2015-06-25,1,0
2015-06-26,4,0
2015-06-27,0,0
2015-06-28,4,0
2015-06-29,1,0
2015-06-30,2,0
2015-07-01,3,0
2015-07-02,7,0
2015-07-03,11,0
2015-07-04,1,0
2015-07-05,3,0
2015-07-06,13,0
2015-07-07,6,0
2015-07-08,4,0
2015-07-09,13,0
2015-07-10,4,0
2015-07-11,3,0
2015-07-12,6,0
2015-07-13,7,0
2015-07-14,5,0
2015-07-15,10,0
2015-07-16,6,0
2015-07-17,5,0
2015-07-18,0,0
2015-07-19,1,0
2015-07-20,7,0
2015-07-21,7,0
2015-07-22,7,0
2015-07-23,1,0
2015-07-24,3,0
2015-07-25,0,0
2015-07-26,2,0
2015-07-27,8,0
2015-07-28,2,0
2015-07-29,19,0
2015-07-30,3,0
2015-07-31,5,0
2015-08-01,1,0
2015-08-02,0,0
2015-08-03,6,0
2015-08-04,4,0
2015-08-05,15,0
2015-08-06,7,0
2015-08-07,5,0
2015-08-08,0,0
2015-08-09,3,0
2015-08-10,6,0
2015-08-11,5,0
2015-08-12,6,0
2015-08-13,2,0
2015-08-14,3,0
2015-08-15,0,0
2015-08-16,1,0
2015-08-17,0,0
2015-08-18,6,1
2015-08-19,7,0
2015-08-20,2,0
2015-08-21,1,0
2015-08-22,0,0
2015-08-23,0,0
2015-08-24,4,0
2015-08-25,0,0
2015-08-26,6,0
2015-08-27,3,0
2015-08-28,9,0
2015-08-29,1,0
2015-08-30,2,0
2015-08-31,2,0
2015-09-01,2,0
2015-09-02,4,0
2015-09-03,2,0
2015-09-04,0,0
2015-09-05,0,0
2015-09-06,0,0
2015-09-07,3,0
2015-09-08,6,0
2015-09-09,4,0
2015-09-10,4,0
2015-09-11,6,0
2015-09-12,1,0
2015-09-13,0,0
2015-09-14,8,0
2015-09-15,23,0
2015-09-16,8,0
2015-09-17,0,0
2015-09-18,3,0
2015-09-19,6,0
2015-09-20,13,0
2015-09-21,5,0
2015-09-22,3,0
2015-09-23,5,0
2015-09-24,4,0
2015-09-25,1,0
2015-09-26,2,0
2015-09-27,4,0
2015-09-28,0,0
2015-09-29,3,0
2015-09-30,6,0
2015-10-01,2,0
2015-10-02,3,0
2015-10-03,0,0
2015-10-04,7,0
2015-10-05,4,0
2015-10-06,1,0
2015-10-07,3,1
2015-10-08,3,0
2015-10-09,3,0
2015-10-10,4,0
2015-10-11,2,1
2015-10-12,2,0
2015-10-13,2,0
2015-10-14,6,0
2015-10-15,0,0
2015-10-16,13,0
2015-10-17,2,0
2015-10-18,1,0
2015-10-19,3,0
2015-10-20,4,0
2015-10-21,7,0
2015-10-22,4,0
2015-10-23,3,0
2015-10-24,2,0
2015-10-25,0,0
2015-10-26,5,0
2015-10-27,2,0
2015-10-28,0,0
2015-10-29,5,0
2015-10-30,13,0
2015-10-31,2,0
2015-11-01,4,0
2015-11-02,2,0
2015-11-03,3,0
2015-11-04,5,0
2015-11-05,1,0
2015-11-06,6,0
2015-11-07,0,0
2015-11-08,0,0
2015-11-09,0,0
2015-11-10,4,0
2015-11-11,9,0
2015-11-12,6,0
2015-11-13,8,0
2015-11-14,2,0
2015-11-15,0,0
2015-11-16,3,0
2015-11-17,0,1
2015-11-18,0,0
2015-11-19,4,0
2015-11-20,5,0
2015-11-21,1,0
2015-11-22,2,0
2015-11-23,2,0
2015-11-24,7,0
2015-11-25,1,0
2015-11-26,3,0
2015-11-27,1,0
2015-11-28,1,0
2015-11-29,0,0
2015-11-30,0,0
2015-12-01,0,0
2015-12-02,2,4
2015-12-03,0,0
2015-12-04,7,0
2015-12-05,1,0
2015-12-06,1,0
2015-12-07,2,0
2015-12-08,8,0
2015-12-09,6,0
2015-12-10,1,0
2015-12-11,3,0
2015-12-12,0,0
2015-12-13,3,0
2015-12-14,4,0
2015-12-15,5,0
2015-12-16,3,0
2015-12-17,1,0
2015-12-18,15,0
2015-12-19,1,0
2015-12-20,4,0
2015-12-21,4,0
2015-12-22,4,0
2015-12-23,11,0
2015-12-24,6,0
2015-12-25,2,0
2015-12-26,0,0
2015-12-27,1,0
2015-12-28,2,0
2015-12-29,2,0
2015-12-30,8,0
2015-12-31,5,0
2016-01-01,2,0
2016-01-02,0,0
2016-01-03,1,0
2016-01-04,9,0
2016-01-05,2,0
2016-01-06,2,0
2016-01-07,5,0
2016-01-08,3,0
2016-01-09,1,0
2016-01-10,1,0
2016-01-11,1,0
2016-01-12,4,0
2016-01-13,0,0
2016-01-14,5,0
2016-01-15,3,0
2016-01-16,2,0
2016-01-17,3,0
2016-01-18,10,0
2016-01-19,7,0
2016-01-20,2,0
2016-01-21,5,0
2016-01-22,3,1
2016-01-23,2,0
2016-01-24,3,0
2016-01-25,2,0
2016-01-26,7,0
2016-01-27,7,0
2016-01-28,9,0
2016-01-29,1,0
2016-01-30,0,0
2016-01-31,5,0
2016-02-01,3,0
2016-02-02,3,0
2016-02-03,3,0
2016-02-04,5,0
2016-02-05,3,0
2016-02-06,0,0
2016-02-07,0,0
2016-02-08,0,0
2016-02-09,0,0
2016-02-10,0,0
2016-02-11,3,0
2016-02-12,3,0
2016-02-13,1,0
2016-02-14,1,0
2016-02-15,2,0
2016-02-16,3,3
2016-02-17,5,0
2016-02-18,8,0
2016-02-19,9,0
2016-02-20,1,0
2016-02-21,1,0
2016-02-22,8,0
2016-02-23,3,0
2016-02-24,7,0
2016-02-25,8,0
2016-02-26,15,0
2016-02-27,1,0
2016-02-28,1,0
2016-02-29,5,0
2016-03-01,2,0
2016-03-02,1,0
2016-03-03,2,0
2016-03-04,3,0
2016-03-05,1,0
2016-03-06,2,0
2016-03-07,2,0
2016-03-08,2,0
2016-03-09,2,0
2016-03-10,8,0
2016-03-11,2,0
2016-03-12,0,0
2016-03-13,0,0
2016-03-14,5,0
2016-03-15,1,0
2016-03-16,11,0
2016-03-17,4,0
2016-03-18,4,0
2016-03-19,0,0
2016-03-20,5,0
2016-03-21,6,0
2016-03-22,1,0
2016-03-23,3,0
2016-03-24,0,0
2016-03-25,1,0
2016-03-26,0,0
2016-03-27,5,0
2016-03-28,5,0
2016-03-29,3,0
2016-03-30,13,1
2016-03-31,5,0
2016-04-01,5,0
2016-04-02,0,0
2016-04-03,4,0
2016-04-04,6,0
2016-04-05,14,0
2016-04-06,3,0
2016-04-07,7,0
2016-04-08,2,0
2016-04-09,2,0
2016-04-10,0,0
2016-04-11,3,0
2016-04-12,4,0
2016-04-13,1,0
2016-04-14,2,0
2016-04-15,4,0
2016-04-16,1,0
2016-04-17,6,0
2016-04-18,7,0
2016-04-19,5,0
2016-04-20,1,0
2016-04-21,5,0
2016-04-22,2,0
2016-04-23,2,0
2016-04-24,2,0
2016-04-25,4,0
2016-04-26,2,0
2016-04-27,3,0
2016-04-28,21,0
2016-04-29,3,0
2016-04-30,0,0
2016-05-01,4,0
2016-05-02,4,0
2016-05-03,2,0
2016-05-04,3,0
2016-05-05,2,0
2016-05-06,1,0
2016-05-07,0,0
2016-05-08,5,0
2016-05-09,4,0
2016-05-10,10,0
2016-05-11,4,0
2016-05-12,11,0
2016-05-13,4,0
2016-05-14,1,0
2016-05-15,7,0
2016-05-16,6,0
2016-05-17,8,0
2016-05-18,1,0
2016-05-19,5,0
2016-05-20,1,0
2016-05-21,0,0
2016-05-22,3,0
2016-05-23,5,0
2016-05-24,1,0
2016-05-25,2,0
2016-05-26,5,0
2016-05-27,2,0
2016-05-28,1,0
2016-05-29,2,0
2016-05-30,9,0
2016-05-31,4,0
2016-06-01,3,0
2016-06-02,4,0
2016-06-03,1,0
2016-06-04,0,0
2016-06-05,2,0
2016-06-06,1,0
2016-06-07,12,0
2016-06-08,2,0
2016-06-09,4,0
2016-06-10,3,0
2016-06-11,0,0
2016-06-12,1,0
2016-06-13,3,0
2016-06-14,12,0
2016-06-15,9,0
2016-06-16,4,0
2016-06-17,1,0
2016-06-18,3,0
2016-06-19,1,0
2016-06-20,4,0
2016-06-21,1,0
2016-06-22,6,0
2016-06-23,8,0
2016-06-24,4,0
2016-06-25,1,0
2016-06-26,0,0
2016-06-27,1,0
2016-06-28,2,0
2016-06-29,0,2
2016-06-30,1,0
2016-07-01,0,0
2016-07-02,1,0
2016-07-03,4,0
2016-07-04,2,0
2016-07-05,6,0
2016-07-06,4,0
2016-07-07,3,0
2016-07-08,1,0
2016-07-09,2,0
2016-07-10,3,0
2016-07-11,11,0
2016-07-12,3,0
2016-07-13,7,0
2016-07-14,8,0
2016-07-15,4,0
2016-07-16,0,0
2016-07-17,3,0
2016-07-18,8,0
2016-07-19,8,0
2016-07-20,2,0
2016-07-21,3,0
2016-07-22,1,0
2016-07-23,0,0
2016-07-24,2,0
2016-07-25,11,0
2016-07-26,2,0
2016-07-27,3,0
2016-07-28,2,0
2016-07-29,1,0
2016-07-30,0,0
2016-07-31,1,0
2016-08-01,3,0
2016-08-02,6,0
2016-08-03,7,0
2016-08-04,4,0
2016-08-05,3,0
2016-08-06,0,0
2016-08-07,2,0
2016-08-08,1,0
2016-08-09,3,0
2016-08-10,8,1
2016-08-11,3,0
2016-08-12,2,0
2016-08-13,1,0
2016-08-14,2,0
2016-08-15,0,0
2016-08-16,5,0
2016-08-17,0,0
2016-08-18,5,0
2016-08-19,6,0
2016-08-20,0,0
2016-08-21,2,0
2016-08-22,9,0
2016-08-23,8,0
2016-08-24,2,0
2016-08-25,4,0
2016-08-26,1,0
2016-08-27,0,0
2016-08-28,0,0
2016-08-29,1,0
2016-08-30,0,0
2016-08-31,8,0
2016-09-01,6,0
2016-09-02,8,0
2016-09-03,1,0
2016-09-04,1,0
2016-09-05,1,0
2016-09-06,2,0
2016-09-07,0,0
2016-09-08,4,0
2016-09-09,5,0
2016-09-10,1,0
2016-09-11,2,0
2016-09-12,1,0
2016-09-13,2,0
2016-09-14,0,0
2016-09-15,0,0
2016-09-16,0,0
2016-09-17,2,0
2016-09-18,1,0
2016-09-19,2,0
2016-09-20,8,0
2016-09-21,1,0
2016-09-22,7,0
2016-09-23,4,0
2016-09-24,0,0
2016-09-25,8,0
2016-09-26,4,0
2016-09-27,2,0
2016-09-28,4,0
2016-09-29,5,0
2016-09-30,1,0
2016-10-01,1,0
2016-10-02,0,0
2016-10-03,7,0
2016-10-04,4,0
2016-10-05,4,0
2016-10-06,3,0
2016-10-07,0,0
2016-10-08,0,0
2016-10-09,3,0
2016-10-10,10,1
2016-10-11,2,0
2016-10-12,9,0
2016-10-13,4,0
2016-10-14,3,0
2016-10-15,1,0
2016-10-16,1,0
2016-10-17,2,0
2016-10-18,16,0
2016-10-19,6,0
2016-10-20,3,0
2016-10-21,1,0
2016-10-22,0,0
2016-10-23,4,0
2016-10-24,3,0
2016-10-25,2,0
2016-10-26,6,0
2016-10-27,5,0
2016-10-28,6,0
2016-10-29,0,0
2016-10-30,0,0
2016-10-31,0,0
2016-11-01,4,0
2016-11-02,1,0
2016-11-03,1,0
2016-11-04,3,0
2016-11-05,0,0
2016-11-06,4,0
2016-11-07,0,0
2016-11-08,1,1
2016-11-09,3,0
2016-11-10,9,0
2016-11-11,4,0
2016-11-12,0,0
2016-11-13,2,0
2016-11-14,10,0
2016-11-15,3,0
2016-11-16,6,0
2016-11-17,1,0
2016-11-18,3,0
2016-11-19,0,0
2016-11-20,1,0
2016-11-21,2,1
2016-11-22,3,0
2016-11-23,4,0
2016-11-24,4,0
2016-11-25,6,0
2016-11-26,0,0
2016-11-27,0,0
2016-11-28,6,0
2016-11-29,2,0
2016-11-30,1,0
2016-12-01,39,3
2016-12-02,23,0
2016-12-03,1,1
2016-12-04,6,0
2016-12-05,3,1
2016-12-06,3,0
2016-12-07,3,0
2016-12-08,5,0
2016-12-09,3,0
2016-12-10,1,0
2016-12-11,0,0
2016-12-12,4,0
2016-12-13,4,0
2016-12-14,3,4
2016-12-15,6,1
2016-12-16,3,0
2016-12-17,0,0
2016-12-18,2,0
2016-12-19,11,0
2016-12-20,8,0
2016-12-21,2,0
2016-12-22,1,0
2016-12-23,4,0
2016-12-24,0,0
2016-12-25,8,0
2016-12-26,20,0
2016-12-27,7,0
2016-12-28,5,0
2016-12-29,7,0
2016-12-30,6,0
2016-12-31,1,0
2017-01-01,0,0
2017-01-02,1,0
2017-01-03,5,0
2017-01-04,29,0
2017-01-05,16,0
2017-01-06,3,0
2017-01-07,2,0
2017-01-08,0,0
2017-01-09,10,0
2017-01-10,1,0
2017-01-11,3,1
2017-01-12,1,0
2017-01-13,3,0
2017-01-14,2,0
2017-01-15,0,0
2017-01-16,3,0
2017-01-17,6,0
2017-01-18,1,1
2017-01-19,4,0
2017-01-20,2,0
2017-01-21,0,0
2017-01-22,2,0
2017-01-23,9,0
2017-01-24,11,0
2017-01-25,3,0
2017-01-26,3,0
2017-01-27,1,0
2017-01-28,0,0
2017-01-29,0,0
2017-01-30,3,0
2017-01-31,3,0
2017-02-01,3,0
2017-02-02,3,0
2017-02-03,4,0
2017-02-04,0,0
2017-02-05,0,0
2017-02-06,4,1
2017-02-07,3,0
2017-02-08,15,0
2017-02-09,9,0
2017-02-10,0,0
2017-02-11,0,0
2017-02-12,0,0
2017-02-13,3,0
2017-02-14,4,0
2017-02-15,10,0
2017-02-16,1,0
2017-02-17,3,0
2017-02-18,0,0
2017-02-19,0,0
2017-02-20,1,0
2017-02-21,3,0
2017-02-22,3,0
2017-02-23,5,0
2017-02-24,2,0
2017-02-25,0,0
2017-02-26,7,0
2017-02-27,2,0
2017-02-28,11,0
2017-03-01,6,0
2017-03-02,0,0
2017-03-03,2,0
2017-03-04,0,0
2017-03-05,2,0
2017-03-06,9,0
2017-03-07,8,0
2017-03-08,5,0
2017-03-09,7,0
2017-03-10,1,0
2017-03-11,0,0
2017-03-12,1,0
2017-03-13,10,0
2017-03-14,7,0
2017-03-15,0,0
2017-03-16,1,0
2017-03-17,1,0
2017-03-18,1,0
2017-03-19,0,0
2017-03-20,1,0
2017-03-21,1,0
2017-03-22,2,0
2017-03-23,2,0
2017-03-24,4,0
2017-03-25,1,0
2017-03-26,5,0
2017-03-27,1,0
2017-03-28,1,0
2017-03-29,6,0
2017-03-30,1,0
2017-03-31,1,0
2017-04-01,0,0
2017-04-02,1,0
2017-04-03,5,0
2017-04-04,0,0
2017-04-05,0,0
2017-04-06,0,0
2017-04-07,4,0
2017-04-08,0,0
2017-04-09,0,0
2017-04-10,9,0
2017-04-11,5,0
2017-04-12,7,0
2017-04-13,5,0
2017-04-14,1,0
2017-04-15,1,0
2017-04-16,3,0
2017-04-17,2,0
2017-04-18,2,0
2017-04-19,5,0
2017-04-20,6,0
2017-04-21,4,0
2017-04-22,0,0
2017-04-23,2,0
2017-04-24,1,0
2017-04-25,2,0
2017-04-26,4,0
2017-04-27,7,0
2017-04-28,4,0
2017-04-29,0,0
2017-04-30,2,0
2017-05-01,10,0
2017-05-02,3,0
2017-05-03,4,0
2017-05-04,1,0
2017-05-05,1,0
2017-05-06,0,0
2017-05-07,1,0
2017-05-08,1,0
2017-05-09,1,0
2017-05-10,8,0
2017-05-11,6,0
2017-05-12,0,0
2017-05-13,1,0
2017-05-14,2,0
2017-05-15,2,0
2017-05-16,1,0
2017-05-17,4,0
2017-05-18,12,0
2017-05-19,5,0
2017-05-20,1,0
2017-05-21,3,0
2017-05-22,7,0
2017-05-23,10,0
2017-05-24,6,0
2017-05-25,2,0
2017-05-26,0,0
2017-05-27,0,0
2017-05-28,1,0
2017-05-29,5,0
2017-05-30,5,0
2017-05-31,5,0
2017-06-01,4,0
2017-06-02,0,0
2017-06-03,0,0
2017-06-04,3,0
2017-06-05,6,0
2017-06-06,6,0
2017-06-07,7,0
2017-06-08,7,0
2017-06-09,3,0
2017-06-10,1,0
2017-06-11,4,0
2017-06-12,2,0
2017-06-13,8,0
2017-06-14,6,0
2017-06-15,1,0
2017-06-16,2,0
2017-06-17,1,0
2017-06-18,2,0
2017-06-19,3,0
2017-06-20,2,0
2017-06-21,4,0
2017-06-22,2,0
2017-06-23,1,0
2017-06-24,0,0
2017-06-25,2,0
2017-06-26,21,0
2017-06-27,9,0
2017-06-28,2,0
2017-06-29,3,0
2017-06-30,3,0
2017-07-01,3,0
2017-07-02,2,0
2017-07-03,4,0
2017-07-04,4,0
2017-07-05,5,0
2017-07-06,6,0
2017-07-07,5,0
2017-07-08,0,0
2017-07-09,1,0
2017-07-10,10,0
2017-07-11,5,0
2017-07-12,5,0
2017-07-13,5,0
2017-07-14,3,0
2017-07-15,1,0
2017-07-16,2,0
2017-07-17,5,0
2017-07-18,4,0
2017-07-19,7,0
2017-07-20,6,0
2017-07-21,5,0
2017-07-22,1,0
2017-07-23,1,0
2017-07-24,7,0
2017-07-25,11,0
2017-07-26,7,0
2017-07-27,3,0
2017-07-28,11,1
2017-07-29,1,0
2017-07-30,3,0
2017-07-31,6,0
2017-08-01,7,0
2017-08-02,2,0
2017-08-03,7,0
2017-08-04,16,0
2017-08-05,1,0
2017-08-06,7,0
2017-08-07,15,0
2017-08-08,6,0
2017-08-09,3,0
2017-08-10,4,0
2017-08-11,0,0
2017-08-12,0,0
2017-08-13,3,0
2017-08-14,1,0
2017-08-15,5,0
2017-08-16,11,0
2017-08-17,6,0
2017-08-18,3,0
2017-08-19,2,0
2017-08-20,3,1
2017-08-21,4,0
2017-08-22,5,0
2017-08-23,9,3
2017-08-24,4,0
2017-08-25,0,1
2017-08-26,0,0
2017-08-27,1,3
2017-08-28,4,0
2017-08-29,2,0
2017-08-30,6,1
2017-08-31,14,2
2017-09-01,2,1
2017-09-02,0,1
2017-09-03,5,3
2017-09-04,7,13
2017-09-05,5,18
2017-09-06,1,16
2017-09-07,2,7
2017-09-08,2,4
2017-09-09,0,2
2017-09-10,0,6
2017-09-11,2,21
2017-09-12,3,9
2017-09-13,0,5
2017-09-14,0,8
2017-09-15,11,10
2017-09-16,1,2
2017-09-17,1,1
2017-09-18,2,1
2017-09-19,2,8
2017-09-20,3,6
2017-09-21,7,2
2017-09-22,5,4
2017-09-23,0,1
2017-09-24,1,1
2017-09-25,7,20
2017-09-26,4,14
2017-09-27,0,5
2017-09-28,6,1
2017-09-29,5,2
2017-09-30,0,0
2017-10-01,1,0
2017-10-02,1,1
2017-10-03,0,0
2017-10-04,0,2
2017-10-05,1,0
2017-10-06,0,1
2017-10-07,0,1
2017-10-08,3,0
2017-10-09,1,3
2017-10-10,4,3
2017-10-11,5,0
2017-10-12,9,3
2017-10-13,2,0
2017-10-14,1,0
2017-10-15,1,2
2017-10-16,4,1
2017-10-17,10,3
2017-10-18,6,0
2017-10-19,3,4
2017-10-20,4,2
2017-10-21,1,0
2017-10-22,0,7
2017-10-23,3,11
2017-10-24,13,2
2017-10-25,2,2
2017-10-26,1,0
2017-10-27,5,1
2017-10-28,0,0
2017-10-29,0,11
2017-10-30,6,18
2017-10-31,12,3
2017-11-01,10,6
2017-11-02,2,4
2017-11-03,2,2
2017-11-04,0,0
2017-11-05,1,2
2017-11-06,4,24
2017-11-07,2,11
2017-11-08,4,33
2017-11-09,17,35
2017-11-10,3,11
2017-11-11,1,35
2017-11-12,3,33
2017-11-13,1,16
2017-11-14,3,18
2017-11-15,9,5
2017-11-16,8,6
2017-11-17,3,5
2017-11-18,2,0
2017-11-19,1,11
2017-11-20,6,37
2017-11-21,3,29
2017-11-22,1,15
2017-11-23,2,19
2017-11-24,1,43
2017-11-25,0,24
2017-11-26,0,58
2017-11-27,5,53
2017-11-28,8,28
2017-11-29,1,30
2017-11-30,1,30
2017-12-01,5,31
2017-12-02,0,20
2017-12-03,1,23
2017-12-04,2,41
2017-12-05,0,38
2017-12-06,3,77
2017-12-07,0,32
2017-12-08,2,12
2017-12-09,0,5
2017-12-10,0,23
2017-12-11,8,18
2017-12-12,4,28
2017-12-13,8,28
2017-12-14,5,14
2017-12-15,5,13
2017-12-16,0,11
2017-12-17,2,13
2017-12-18,4,18
2017-12-19,19,11
2017-12-20,2,12
2017-12-21,6,22
2017-12-22,2,13
2017-12-23,1,8
2017-12-24,0,5
2017-12-25,1,13
2017-12-26,2,25
2017-12-27,0,26
2017-12-28,2,23
2017-12-29,3,19
2017-12-30,2,3
2017-12-31,0,10
2018-01-01,1,3
2018-01-02,11,15
2018-01-03,4,13
2018-01-04,19,18
2018-01-05,7,19
2018-01-06,3,5
2018-01-07,9,4
2018-01-08,8,24
2018-01-09,1,27
2018-01-10,5,15
2018-01-11,1,78
2018-01-12,4,74
2018-01-13,0,32
2018-01-14,1,21
2018-01-15,7,65
2018-01-16,3,119
2018-01-17,3,88
2018-01-18,8,42
2018-01-19,3,28
2018-01-20,1,28
2018-01-21,0,25
2018-01-22,7,39
2018-01-23,8,67
2018-01-24,0,56
2018-01-25,6,58
2018-01-26,8,29
2018-01-27,1,7
2018-01-28,1,33
2018-01-29,2,51
2018-01-30,8,51
2018-01-31,4,93
2018-02-01,0,34
2018-02-02,0,19
2018-02-03,3,7
2018-02-04,1,15
2018-02-05,2,23
2018-02-06,2,66
2018-02-07,3,37
2018-02-08,4,48
2018-02-09,5,19
2018-02-10,1,6
2018-02-11,0,6
2018-02-12,10,39
2018-02-13,4,23
2018-02-14,3,30
2018-02-15,1,12
2018-02-16,0,7
2018-02-17,1,3
2018-02-18,7,32
2018-02-19,2,54
2018-02-20,3,155
2018-02-21,20,70
2018-02-22,19,67
2018-02-23,7,43
2018-02-24,2,20
2018-02-25,9,17
2018-02-26,11,35
2018-02-27,13,60
2018-02-28,5,20
2018-03-01,2,13
2018-03-02,10,28
2018-03-03,2,3
2018-03-04,4,26
2018-03-05,11,27
2018-03-06,7,82
2018-03-07,3,33
2018-03-08,6,43
2018-03-09,8,22
2018-03-10,3,8
2018-03-11,1,14
2018-03-12,3,39
2018-03-13,12,33
2018-03-14,6,31
2018-03-15,3,29
2018-03-16,1,12
2018-03-17,1,9
2018-03-18,4,8
2018-03-19,12,32
2018-03-20,4,35
2018-03-21,5,21
2018-03-22,2,22
2018-03-23,7,79
2018-03-24,1,16
2018-03-25,6,15
2018-03-26,6,53
2018-03-27,7,68
2018-03-28,6,24
2018-03-29,3,72
2018-03-30,1,48
2018-03-31,0,10
2018-04-01,3,8
2018-04-02,10,49
2018-04-03,8,44
2018-04-04,4,28
2018-04-05,4,32
2018-04-06,1,21
2018-04-07,2,18
2018-04-08,4,59
2018-04-09,7,110
2018-04-10,6,114
2018-04-11,4,41
2018-04-12,6,36
2018-04-13,1,69
2018-04-14,0,22
2018-04-15,1,60
2018-04-16,9,96
2018-04-17,8,69
2018-04-18,8,92
2018-04-19,0,91
2018-04-20,7,33
2018-04-21,4,24
2018-04-22,3,22
2018-04-23,3,49
2018-04-24,8,66
2018-04-25,2,50
2018-04-26,0,62
2018-04-27,2,57
2018-04-28,0,19
2018-04-29,1,15
2018-04-30,14,36
2018-05-01,2,27
2018-05-02,6,51
2018-05-03,13,111
2018-05-04,6,117
2018-05-05,0,39
2018-05-06,1,13
2018-05-07,4,28
2018-05-08,5,63
2018-05-09,9,50
2018-05-10,9,60
2018-05-11,1,35
2018-05-12,1,12
2018-05-13,1,29
2018-05-14,9,98
2018-05-15,3,75
2018-05-16,4,55
2018-05-17,5,76
2018-05-18,7,109
2018-05-19,5,29
2018-05-20,3,21
2018-05-21,12,125
2018-05-22,1,64
2018-05-23,3,54
2018-05-24,5,32
2018-05-25,2,48
2018-05-26,1,65
2018-05-27,2,19
2018-05-28,23,43
2018-05-29,6,30
2018-05-30,6,30
2018-05-31,4,47
2018-06-01,2,41
2018-06-02,0,5
2018-06-03,0,11
2018-06-04,2,35
2018-06-05,1,107
2018-06-06,0,27
2018-06-07,9,27
2018-06-08,4,18
2018-06-09,0,18
2018-06-10,1,15
2018-06-11,5,56
2018-06-12,3,20
2018-06-13,2,9
2018-06-14,1,37
2018-06-15,2,19
2018-06-16,0,8
2018-06-17,0,8
2018-06-18,5,39
2018-06-19,12,52
2018-06-20,5,46
2018-06-21,4,57
2018-06-22,1,45
2018-06-23,0,12
2018-06-24,0,29
2018-06-25,4,81
2018-06-26,2,41
2018-06-27,2,62
2018-06-28,3,33
2018-06-29,5,44
2018-06-30,0,14
2018-07-01,0,14
2018-07-02,3,36
2018-07-03,5,35
2018-07-04,12,73
2018-07-05,10,62
2018-07-06,5,54
2018-07-07,0,15
2018-07-08,4,21
2018-07-09,6,60
2018-07-10,3,60
2018-07-11,4,80
2018-07-12,2,108
2018-07-13,4,57
2018-07-14,0,24
2018-07-15,0,20
2018-07-16,5,61
2018-07-17,6,58
2018-07-18,10,51
2018-07-19,9,88
2018-07-20,3,40
2018-07-21,1,9
2018-07-22,1,71
2018-07-23,3,118
2018-07-24,1,78
2018-07-25,3,72
2018-07-26,4,65
2018-07-27,2,31
2018-07-28,0,16
2018-07-29,1,17
2018-07-30,4,48
2018-07-31,2,39
2018-08-01,1,99
2018-08-02,8,65
2018-08-03,6,43
2018-08-04,1,14
2018-08-05,0,20
2018-08-06,3,34
2018-08-07,6,33
2018-08-08,4,43
2018-08-09,1,82
2018-08-10,1,86
2018-08-11,0,15
2018-08-12,0,51
2018-08-13,9,106
2018-08-14,5,37
2018-08-15,10,26
2018-08-16,5,30
2018-08-17,2,39
2018-08-18,0,11
2018-08-19,0,10
2018-08-20,3,58
2018-08-21,3,42
2018-08-22,4,31
2018-08-23,1,50
2018-08-24,1,30
2018-08-25,0,19
2018-08-26,15,13
2018-08-27,10,44
2018-08-28,15,52
2018-08-29,3,35
2018-08-30,2,27
2018-08-31,0,54
2018-09-01,0,8
2018-09-02,1,19
2018-09-03,4,66
2018-09-04,10,89
2018-09-05,8,46
2018-09-06,5,35
2018-09-07,3,42
2018-09-08,2,11
2018-09-09,2,26
2018-09-10,9,50
2018-09-11,9,32
2018-09-12,12,55
2018-09-13,4,41
2018-09-14,6,31
2018-09-15,0,13
2018-09-16,3,23
2018-09-17,3,50
2018-09-18,2,20
2018-09-19,2,65
2018-09-20,8,57
2018-09-21,2,33
2018-09-22,3,27
2018-09-23,0,32
2018-09-24,0,5
2018-09-25,1,10
2018-09-26,0,36
2018-09-27,5,96
2018-09-28,1,40
2018-09-29,0,15
2018-09-30,0,27
2018-10-01,9,34
2018-10-02,9,40
2018-10-03,2,30
2018-10-04,2,72
2018-10-05,2,59
2018-10-06,1,12
2018-10-07,1,25
2018-10-08,3,97
2018-10-09,1,21
2018-10-10,8,124
2018-10-11,6,69
2018-10-12,10,65
2018-10-13,0,65
2018-10-14,2,39
2018-10-15,13,97
2018-10-16,7,104
2018-10-17,10,90
2018-10-18,10,132
2018-10-19,4,92
2018-10-20,0,44
2018-10-21,0,120
2018-10-22,9,204
2018-10-23,8,148
2018-10-24,12,159
2018-10-25,7,127
2018-10-26,2,93
2018-10-27,0,36
2018-10-28,3,21
2018-10-29,4,77
2018-10-30,8,87
2018-10-31,11,75
2018-11-01,3,83
2018-11-02,5,98
2018-11-03,1,28
2018-11-04,2,19
2018-11-05,20,73
2018-11-06,5,61
2018-11-07,5,77
2018-11-08,4,58
2018-11-09,5,63
2018-11-10,0,28
2018-11-11,3,27
2018-11-12,8,44
2018-11-13,2,52
2018-11-14,18,76
2018-11-15,5,170
2018-11-16,3,82
2018-11-17,2,23
2018-11-18,4,58
2018-11-19,6,97
2018-11-20,14,113
2018-11-21,5,48
2018-11-22,2,70
2018-11-23,0,85
2018-11-24,0,11
2018-11-25,2,15
2018-11-26,12,54
2018-11-27,5,74
2018-11-28,1,58
2018-11-29,0,49
2018-11-30,3,37
2018-12-01,0,9
2018-12-02,1,14
2018-12-03,8,87
2018-12-04,5,49
2018-12-05,12,81
2018-12-06,7,41
2018-12-07,5,39
2018-12-08,0,10
2018-12-09,1,34
2018-12-10,2,28
2018-12-11,3,50
2018-12-12,5,47
2018-12-13,4,69
2018-12-14,4,20
2018-12-15,1,6
2018-12-16,1,27
2018-12-17,4,32
2018-12-18,6,75
2018-12-19,4,30
2018-12-20,11,59
2018-12-21,3,47
2018-12-22,0,31
2018-12-23,1,14
2018-12-24,6,27
2018-12-25,8,17
2018-12-26,7,101
2018-12-27,6,45
2018-12-28,4,30
2018-12-29,0,21
2018-12-30,4,19
2018-12-31,4,56
2019-01-01,2,32
2019-01-02,17,58
2019-01-03,7,41
2019-01-04,5,15
2019-01-05,0,4
2019-01-06,1,12
2019-01-07,3,88
2019-01-08,4,77
2019-01-09,4,87
2019-01-10,10,57
2019-01-11,31,40
2019-01-12,0,14
2019-01-13,1,12
2019-01-14,8,42
2019-01-15,8,55
2019-01-16,2,37
2019-01-17,3,25
2019-01-18,9,21
2019-01-19,0,5
2019-01-20,12,8
2019-01-21,16,35
2019-01-22,6,35
2019-01-23,9,92
2019-01-24,4,78
2019-01-25,3,51
2019-01-26,1,33
2019-01-27,1,27
2019-01-28,2,51
2019-01-29,10,73
2019-01-30,15,78
2019-01-31,1,62
2019-02-01,2,58
2019-02-02,0,15
2019-02-03,0,14
2019-02-04,0,8
2019-02-05,1,6
2019-02-06,0,5
2019-02-07,4,33
2019-02-08,1,18
2019-02-09,0,6
2019-02-10,0,10
2019-02-11,4,31
2019-02-12,5,26
2019-02-13,9,66
2019-02-14,2,46
2019-02-15,0,47
2019-02-16,2,11
2019-02-17,0,43
2019-02-18,5,71
2019-02-19,5,61
2019-02-20,6,56
2019-02-21,4,74
2019-02-22,2,83
2019-02-23,0,18
2019-02-24,1,24
2019-02-25,5,43
2019-02-26,4,52
2019-02-27,15,57
2019-02-28,3,29
2019-03-01,0,17
2019-03-02,2,15
2019-03-03,4,24
2019-03-04,1,40
2019-03-05,12,51
2019-03-06,5,64
2019-03-07,1,43
2019-03-08,1,47
2019-03-09,2,25
2019-03-10,1,24
2019-03-11,5,31
2019-03-12,2,34
2019-03-13,12,33
2019-03-14,5,46
2019-03-15,7,50
2019-03-16,1,6
2019-03-17,2,17
2019-03-18,6,67
2019-03-19,4,43
2019-03-20,7,56
2019-03-21,11,32
2019-03-22,3,19
2019-03-23,0,11
2019-03-24,0,21
2019-03-25,1,54
2019-03-26,7,25
2019-03-27,5,18
2019-03-28,3,34
2019-03-29,0,40
2019-03-30,5,12
2019-03-31,0,66
2019-04-01,10,99
2019-04-02,9,112
2019-04-03,10,119
2019-04-04,2,70
2019-04-05,1,37
2019-04-06,0,8
2019-04-07,0,42
2019-04-08,4,112
2019-04-09,8,87
2019-04-10,10,58
2019-04-11,9,61
2019-04-12,0,40
2019-04-13,0,12
2019-04-14,1,24
2019-04-15,10,56
2019-04-16,5,67
2019-04-17,4,49
2019-04-18,11,55
2019-04-19,1,51
2019-04-20,0,14
2019-04-21,1,23
2019-04-22,0,40
2019-04-23,3,49
2019-04-24,2,45
2019-04-25,3,38
2019-04-26,2,60
2019-04-27,0,16
2019-04-28,3,27
2019-04-29,7,198
2019-04-30,12,253
2019-05-01,5,141
2019-05-02,5,121
2019-05-03,3,93
2019-05-04,0,31
2019-05-05,1,19
2019-05-06,2,21
2019-05-07,1,50
2019-05-08,10,43
2019-05-09,2,39
2019-05-10,7,66
2019-05-11,1,11
2019-05-12,3,16
2019-05-13,10,57
2019-05-14,3,51
2019-05-15,2,78
2019-05-16,5,52
2019-05-17,4,31
2019-05-18,0,9
2019-05-19,0,21
2019-05-20,7,62
2019-05-21,7,32
2019-05-22,6,41
2019-05-23,4,36
2019-05-24,4,42
2019-05-25,1,7
2019-05-26,1,9
2019-05-27,6,76
2019-05-28,2,62
2019-05-29,7,78
2019-05-30,7,33
2019-05-31,1,19
2019-06-01,1,5
2019-06-02,0,7
2019-06-03,6,30
2019-06-04,4,25
2019-06-05,4,23
2019-06-06,3,12
2019-06-07,7,48
2019-06-08,1,8
2019-06-09,16,36
2019-06-10,8,89
2019-06-11,8,137
2019-06-12,9,180
2019-06-13,6,188
2019-06-14,3,106
2019-06-15,0,27
2019-06-16,8,25
2019-06-17,11,56
2019-06-18,12,31
2019-06-19,9,45
2019-06-20,5,41
2019-06-21,1,28
2019-06-22,1,17
2019-06-23,2,23
2019-06-24,7,68
2019-06-25,15,33
2019-06-26,3,22
2019-06-27,6,21
2019-06-28,4,31
2019-06-29,0,6
2019-06-30,3,5
2019-07-01,12,23
2019-07-02,7,26
2019-07-03,9,34
2019-07-04,4,69
2019-07-05,0,41
2019-07-06,0,11
2019-07-07,4,18
2019-07-08,4,80
2019-07-09,30,69
2019-07-10,16,73
2019-07-11,13,54
2019-07-12,2,73
2019-07-13,1,18
2019-07-14,0,10
2019-07-15,6,46
2019-07-16,30,49
2019-07-17,21,68
2019-07-18,11,32
2019-07-19,9,17
2019-07-20,3,2
2019-07-21,4,7
2019-07-22,16,25
2019-07-23,12,25
2019-07-24,9,36
2019-07-25,4,17
2019-07-26,2,12
2019-07-27,0,9
2019-07-28,0,6
2019-07-29,7,87
2019-07-30,12,56
2019-07-31,10,45
2019-08-01,7,14
2019-08-02,8,20
2019-08-03,1,25
2019-08-04,2,28
2019-08-05,5,68
2019-08-06,4,67
2019-08-07,8,87
2019-08-08,2,57
2019-08-09,1,29
2019-08-10,0,7
2019-08-11,0,10
2019-08-12,3,29
2019-08-13,3,24
2019-08-14,0,20
2019-08-15,6,19
2019-08-16,4,59
2019-08-17,0,11
2019-08-18,1,11
2019-08-19,5,31
2019-08-20,12,41
2019-08-21,16,78
2019-08-22,6,55
2019-08-23,2,22
2019-08-24,0,12
2019-08-25,2,31
2019-08-26,7,37
2019-08-27,3,39
2019-08-28,6,53
2019-08-29,5,20
2019-08-30,2,28
2019-08-31,2,31
2019-09-01,9,26
2019-09-02,9,43
2019-09-03,9,21
2019-09-04,7,22
2019-09-05,3,32
2019-09-06,4,42
2019-09-07,6,33
2019-09-08,1,28
2019-09-09,10,77
2019-09-10,8,43
2019-09-11,1,9
2019-09-12,0,15
2019-09-13,1,6
2019-09-14,0,7
2019-09-15,1,10
2019-09-16,6,36
2019-09-17,2,41
2019-09-18,6,45
2019-09-19,0,40
2019-09-20,2,23
2019-09-21,2,5
2019-09-22,4,6
2019-09-23,15,100
2019-09-24,4,60
2019-09-25,2,28
2019-09-26,1,20
2019-09-27,7,10
2019-09-28,2,4
2019-09-29,2,3
2019-09-30,10,31
2019-10-01,2,14
2019-10-02,6,17
2019-10-03,2,16
2019-10-04,4,12
2019-10-05,2,1
2019-10-06,2,3
2019-10-07,5,10
2019-10-08,5,16
2019-10-09,2,8
2019-10-10,3,73
2019-10-11,1,38
2019-10-12,1,3
2019-10-13,1,9
2019-10-14,3,40
2019-10-15,4,36
2019-10-16,3,32
2019-10-17,10,30
2019-10-18,7,40
2019-10-19,0,3
2019-10-20,0,13
2019-10-21,3,24
2019-10-22,9,43
2019-10-23,6,40
2019-10-24,7,44
2019-10-25,0,24
2019-10-26,0,31
2019-10-27,2,20
2019-10-28,8,35
2019-10-29,17,51
2019-10-30,4,54
2019-10-31,6,42
2019-11-01,5,13
2019-11-02,0,13
2019-11-03,10,7
2019-11-04,4,11
2019-11-05,13,18
2019-11-06,1,47
2019-11-07,2,51
2019-11-08,5,33
2019-11-09,1,9
2019-11-10,1,8
2019-11-11,17,32
2019-11-12,6,22
2019-11-13,3,45
2019-11-14,10,30
2019-11-15,1,21
2019-11-16,0,4
2019-11-17,6,6
2019-11-18,8,45
2019-11-19,17,95
2019-11-20,8,62
2019-11-21,17,33
2019-11-22,3,15
2019-11-23,1,9
2019-11-24,7,9
2019-11-25,2,31
2019-11-26,4,32
2019-11-27,4,48
2019-11-28,9,43
2019-11-29,3,19
2019-11-30,0,10
2019-12-01,2,29
2019-12-02,10,136
2019-12-03,7,76
2019-12-04,3,42
2019-12-05,5,19
2019-12-06,13,30
2019-12-07,3,8
2019-12-08,3,6
2019-12-09,7,16
2019-12-10,5,23
2019-12-11,5,47
2019-12-12,6,150
2019-12-13,1,39
2019-12-14,0,9
2019-12-15,0,8
2019-12-16,5,11
2019-12-17,8,34
2019-12-18,7,14
2019-12-19,4,31
2019-12-20,1,51
2019-12-21,0,6
2019-12-22,9,8
2019-12-23,9,23
2019-12-24,6,12
2019-12-25,2,7
2019-12-26,10,25
2019-12-27,8,19
2019-12-28,0,20
2019-12-29,1,9
2019-12-30,4,17
2019-12-31,10,12
2020-01-01,2,4
2020-01-02,0,36
2020-01-03,5,10
2020-01-04,1,22
2020-01-05,2,14
2020-01-06,4,11
2020-01-07,6,15
2020-01-08,2,29
2020-01-09,10,29
2020-01-10,6,32
2020-01-11,0,10
2020-01-12,6,16
2020-01-13,20,77
2020-01-14,54,84
2020-01-15,19,83
2020-01-16,26,53
2020-01-17,6,42
2020-01-18,1,6
2020-01-19,2,12
2020-01-20,3,15
2020-01-21,7,20
2020-01-22,2,41
2020-01-23,1,63
2020-01-24,0,12
2020-01-25,0,6
2020-01-26,2,52
2020-01-27,1,55
2020-01-28,8,104
2020-01-29,5,100
2020-01-30,8,57
2020-01-31,1,33
2020-02-01,0,23
2020-02-02,0,31
2020-02-03,3,43
2020-02-04,15,21
2020-02-05,10,19
2020-02-06,6,12
2020-02-07,5,11
2020-02-08,1,7
2020-02-09,2,10
2020-02-10,4,27
2020-02-11,2,21
2020-02-12,3,17
2020-02-13,3,20
2020-02-14,7,25
2020-02-15,0,7
2020-02-16,2,9
2020-02-17,7,14
2020-02-18,6,24
2020-02-19,14,45
2020-02-20,12,30
2020-02-21,2,34
2020-02-22,0,7
2020-02-23,0,56
2020-02-24,6,79
2020-02-25,4,92
2020-02-26,6,96
2020-02-27,6,117
2020-02-28,4,113
2020-02-29,1,23
2020-03-01,0,31
2020-03-02,7,93
2020-03-03,6,63
2020-03-04,5,68
2020-03-05,5,68
2020-03-06,3,25
2020-03-07,0,12
2020-03-08,2,17
2020-03-09,1,43
2020-03-10,2,60
2020-03-11,7,71
2020-03-12,2,48
2020-03-13,0,38
2020-03-14,0,12
2020-03-15,1,35
2020-03-16,0,69
2020-03-17,9,59
2020-03-18,8,57
2020-03-19,9,61
2020-03-20,6,101
2020-03-21,0,62
2020-03-22,6,140
2020-03-23,18,242
2020-03-24,9,244
2020-03-25,7,148
2020-03-26,4,68
2020-03-27,3,83
2020-03-28,1,44
2020-03-29,1,50
2020-03-30,4,155
2020-03-31,10,128
2020-04-01,19,103
2020-04-02,15,123
2020-04-03,3,79
2020-04-04,0,23
2020-04-05,4,28
2020-04-06,2,79
2020-04-07,12,28
2020-04-08,4,43
2020-04-09,52,80
2020-04-10,8,46
2020-04-11,1,12
2020-04-12,3,14
2020-04-13,7,27
2020-04-14,7,32
2020-04-15,12,16
2020-04-16,3,27
2020-04-17,5,34
2020-04-18,1,19
2020-04-19,3,22
2020-04-20,10,56
2020-04-21,5,79
2020-04-22,7,56
2020-04-23,5,43
2020-04-24,3,79
2020-04-25,1,36
2020-04-26,3,27
2020-04-27,37,89
2020-04-28,17,83
2020-04-29,17,68
2020-04-30,1,25
2020-05-01,5,41
2020-05-02,3,11
2020-05-03,4,12
2020-05-04,8,55
2020-05-05,12,55
2020-05-06,11,63
2020-05-07,8,46
2020-05-08,7,47
2020-05-09,0,7
2020-05-10,2,34
2020-05-11,5,130
2020-05-12,10,93
2020-05-13,20,64
2020-05-14,15,76
2020-05-15,3,69
2020-05-16,1,6
2020-05-17,3,39
2020-05-18,19,61
2020-05-19,29,110
2020-05-20,17,90
2020-05-21,4,30
2020-05-22,5,76
2020-05-23,0,19
2020-05-24,5,12
2020-05-25,3,70
2020-05-26,7,38
2020-05-27,1,23
2020-05-28,4,28
2020-05-29,4,44
2020-05-30,0,8
2020-05-31,4,11
2020-06-01,7,39
2020-06-02,9,41
2020-06-03,9,32
2020-06-04,5,72
2020-06-05,9,78
2020-06-06,0,18
2020-06-07,1,24
2020-06-08,4,36
2020-06-09,13,42
2020-06-10,10,40
2020-06-11,11,25
2020-06-12,3,66
2020-06-13,1,36
2020-06-14,5,54
2020-06-15,12,97
2020-06-16,3,62
2020-06-17,4,33
2020-06-18,2,60
2020-06-19,2,39
2020-06-20,0,12
2020-06-21,3,27
2020-06-22,21,43
2020-06-23,3,62
2020-06-24,11,198
2020-06-25,8,165
2020-06-26,3,140
2020-06-27,3,36
2020-06-28,2,29
2020-06-29,11,48
2020-06-30,4,63
2020-07-01,19,42
2020-07-02,2,103
2020-07-03,4,73
2020-07-04,0,39
2020-07-05,2,51
2020-07-06,19,144
2020-07-07,10,129
2020-07-08,13,89
2020-07-09,7,59
2020-07-10,2,123
2020-07-11,0,95
2020-07-12,5,122
2020-07-13,17,103
2020-07-14,6,42
2020-07-15,14,68
2020-07-16,6,64
2020-07-17,2,63
2020-07-18,1,11
2020-07-19,4,21
2020-07-20,7,34
2020-07-21,18,60
2020-07-22,7,75
2020-07-23,11,43
2020-07-24,4,76
2020-07-25,0,19
2020-07-26,4,18
2020-07-27,2,66
2020-07-28,6,73
2020-07-29,10,74
2020-07-30,6,74
2020-07-31,7,29
2020-08-01,2,7
2020-08-02,5,3
2020-08-03,14,22
2020-08-04,2,28
2020-08-05,9,26
2020-08-06,7,38
2020-08-07,4,29
2020-08-08,0,12
2020-08-09,1,28
2020-08-10,16,37
2020-08-11,12,52
2020-08-12,10,68
2020-08-13,16,110
2020-08-14,8,45
2020-08-15,0,18
2020-08-16,14,39
2020-08-17,2,64
2020-08-18,6,52
2020-08-19,6,117
2020-08-20,6,46
2020-08-21,2,61
2020-08-22,0,19
2020-08-23,3,37
2020-08-24,7,74
2020-08-25,8,51
2020-08-26,10,54
2020-08-27,4,90
2020-08-28,2,116
2020-08-29,1,22
2020-08-30,0,47
2020-08-31,9,121
2020-09-01,9,81
2020-09-02,6,84
2020-09-03,17,53
2020-09-04,4,69
2020-09-05,1,28
2020-09-06,2,22
2020-09-07,6,63
2020-09-08,4,70
2020-09-09,3,83
2020-09-10,17,127
2020-09-11,5,150
2020-09-12,0,33
2020-09-13,0,51
2020-09-14,12,124
2020-09-15,10,107
2020-09-16,3,65
2020-09-17,6,71
2020-09-18,4,101
2020-09-19,1,20
2020-09-20,0,29
2020-09-21,12,39
2020-09-22,10,41
2020-09-23,9,68
2020-09-24,3,78
2020-09-25,0,32
2020-09-26,1,9
2020-09-27,2,29
2020-09-28,19,55
2020-09-29,13,29
2020-09-30,5,16
2020-10-01,1,6
2020-10-02,1,8
2020-10-03,0,7
2020-10-04,9,30
2020-10-05,14,91
2020-10-06,28,57
2020-10-07,13,106
2020-10-08,23,97
2020-10-09,1,22
2020-10-10,0,6
2020-10-11,2,12
2020-10-12,6,54
2020-10-13,3,53
2020-10-14,6,65
2020-10-15,6,37
2020-10-16,5,51
2020-10-17,1,2
2020-10-18,2,18
2020-10-19,21,66
2020-10-20,7,35
2020-10-21,7,59
2020-10-22,6,35
2020-10-23,3,77
2020-10-24,0,24
2020-10-25,3,44
2020-10-26,5,34
2020-10-27,2,172
2020-10-28,13,67
2020-10-29,2,71
2020-10-30,13,40
2020-10-31,0,8
2020-11-01,5,52
2020-11-02,19,91
2020-11-03,11,155
2020-11-04,4,75
2020-11-05,7,50
2020-11-06,8,25
2020-11-07,1,12
2020-11-08,6,10
2020-11-09,1,31
2020-11-10,1,81
2020-11-11,1,28
2020-11-12,4,31
2020-11-13,2,41
2020-11-14,0,13
2020-11-15,4,11
2020-11-16,4,27
2020-11-17,5,21
2020-11-18,2,39
2020-11-19,4,33
2020-11-20,2,44
2020-11-21,0,11
2020-11-22,1,12
2020-11-23,5,38
2020-11-24,10,66
2020-11-25,6,58
2020-11-26,14,55
2020-11-27,3,46
2020-11-28,3,25
2020-11-29,0,24
2020-11-30,5,37
2020-12-01,5,23
2020-12-02,32,39
2020-12-03,19,22
2020-12-04,4,20
2020-12-05,2,13
2020-12-06,4,26
2020-12-07,19,48
2020-12-08,10,66
2020-12-09,34,40
2020-12-10,23,40
2020-12-11,5,27
2020-12-12,0,16
2020-12-13,3,16
2020-12-14,12,61
2020-12-15,9,70
2020-12-16,35,101
2020-12-17,8,61
2020-12-18,16,53
2020-12-19,4,57
2020-12-20,5,28
2020-12-21,103,50
2020-12-22,19,64
2020-12-23,7,49
2020-12-24,19,57
2020-12-25,4,25
2020-12-26,4,34
2020-12-27,3,35
2020-12-28,9,102
2020-12-29,8,84
2020-12-30,17,78
2020-12-31,13,91
2021-01-01,4,25
2021-01-02,2,23
2021-01-03,10,54
2021-01-04,6,132
2021-01-05,4,142
2021-01-06,11,137
2021-01-07,7,70
2021-01-08,10,43
2021-01-09,0,18
2021-01-10,0,55
2021-01-11,39,95
2021-01-12,20,105
2021-01-13,83,100
2021-01-14,91,111
2021-01-15,19,57
2021-01-16,4,13
2021-01-17,15,44
2021-01-18,11,62
2021-01-19,13,100
2021-01-20,10,132
2021-01-21,11,68
2021-01-22,6,53
2021-01-23,0,26
2021-01-24,5,19
2021-01-25,7,54
2021-01-26,11,96
2021-01-27,33,99
2021-01-28,14,64
2021-01-29,8,67
2021-01-30,1,24
2021-01-31,5,45
2021-02-01,14,72
2021-02-02,15,91
2021-02-03,6,65
2021-02-04,4,44
2021-02-05,4,35
2021-02-06,0,14
2021-02-07,3,106
2021-02-08,10,88
2021-02-09,20,50
2021-02-10,2,72
2021-02-11,2,61
2021-02-12,1,23
2021-02-13,1,20
2021-02-14,5,34
2021-02-15,9,71
2021-02-16,5,31
2021-02-17,4,32
2021-02-18,10,35
2021-02-19,3,56
2021-02-20,0,12
2021-02-21,0,19
2021-02-22,11,97
2021-02-23,15,87
2021-02-24,4,96
2021-02-25,20,49
2021-02-26,13,19
2021-02-27,2,4
2021-02-28,1,3
2021-03-01,3,7
2021-03-02,4,27
2021-03-03,20,44
2021-03-04,17,50
2021-03-05,3,17
2021-03-06,0,9
2021-03-07,1,30
2021-03-08,9,58
2021-03-09,4,66
2021-03-10,4,77
2021-03-11,21,86
2021-03-12,6,36
2021-03-13,1,41
2021-03-14,6,69
2021-03-15,13,63
2021-03-16,24,64
2021-03-17,14,39
2021-03-18,7,35
2021-03-19,4,40
2021-03-20,0,19
2021-03-21,5,28
2021-03-22,7,72
2021-03-23,12,42
2021-03-24,16,77
2021-03-25,12,75
2021-03-26,6,67
2021-03-27,0,35
2021-03-28,7,32
2021-03-29,14,96
2021-03-30,6,87
2021-03-31,21,81
2021-04-01,5,78
2021-04-02,1,56
2021-04-03,0,17
2021-04-04,4,25
2021-04-05,22,107
2021-04-06,6,60
2021-04-07,4,29
2021-04-08,5,34
2021-04-09,13,35
2021-04-10,1,16
2021-04-11,3,32
2021-04-12,11,73
2021-04-13,19,70
2021-04-14,11,68
2021-04-15,16,44
2021-04-16,6,30
2021-04-17,1,25
2021-04-18,9,37
2021-04-19,19,83
2021-04-20,23,114
2021-04-21,13,148
2021-04-22,5,86
2021-04-23,13,115
2021-04-24,0,48
2021-04-25,5,65
2021-04-26,26,127
2021-04-27,13,97
2021-04-28,8,86
2021-04-29,5,54
2021-04-30,30,41
2021-05-01,10,24
2021-05-02,9,49
2021-05-03,15,97
2021-05-04,11,135
2021-05-05,9,89
2021-05-06,17,90
2021-05-07,3,124
2021-05-08,0,27
2021-05-09,10,31
2021-05-10,20,89
2021-05-11,11,66
2021-05-12,13,96
2021-05-13,10,62
2021-05-14,4,72
2021-05-15,3,15
2021-05-16,2,37
2021-05-17,26,95
2021-05-18,6,103
2021-05-19,2,40
2021-05-20,7,63
2021-05-21,6,68
2021-05-22,0,23
2021-05-23,6,30
2021-05-24,7,54
2021-05-25,12,75
2021-05-26,14,75
2021-05-27,3,55
2021-05-28,2,65
2021-05-29,0,12
2021-05-30,1,17
2021-05-31,9,27
2021-06-01,9,124
2021-06-02,21,88
2021-06-03,11,44
2021-06-04,7,106
2021-06-05,0,18
2021-06-06,2,20
2021-06-07,8,48
2021-06-08,11,67
2021-06-09,0,91
2021-06-10,8,62
2021-06-11,15,40
2021-06-12,2,13
2021-06-13,5,13
2021-06-14,4,57
2021-06-15,18,49
2021-06-16,21,41
2021-06-17,8,32
2021-06-18,10,49
2021-06-19,1,15
2021-06-20,1,17
2021-06-21,13,70
2021-06-22,12,65
2021-06-23,10,62
2021-06-24,7,62
2021-06-25,4,89
2021-06-26,2,37
2021-06-27,1,48
2021-06-28,40,85
2021-06-29,10,49
2021-06-30,26,41
2021-07-01,13,31
2021-07-02,11,30
2021-07-03,3,14
2021-07-04,15,13
2021-07-05,6,29
2021-07-06,1,64
2021-07-07,13,59
2021-07-08,10,40
2021-07-09,1,47
2021-07-10,1,20
2021-07-11,2,24
2021-07-12,23,85
2021-07-13,4,36
2021-07-14,5,58
2021-07-15,11,77
2021-07-16,2,65
2021-07-17,2,20
2021-07-18,4,17
2021-07-19,6,57
2021-07-20,23,61
2021-07-21,12,78
2021-07-22,10,57
2021-07-23,9,32
2021-07-24,0,16
2021-07-25,2,17
2021-07-26,14,25
2021-07-27,12,42
2021-07-28,2,22
2021-07-29,7,39
2021-07-30,5,43
2021-07-31,2,9
2021-08-01,0,18
2021-08-02,17,38
2021-08-03,9,66
2021-08-04,18,39
2021-08-05,17,47
2021-08-06,4,83
2021-08-07,0,18
2021-08-08,16,44
2021-08-09,15,57
2021-08-10,8,47
2021-08-11,3,68
2021-08-12,3,51
2021-08-13,6,42
2021-08-14,0,19
2021-08-15,0,22
2021-08-16,3,48
2021-08-17,36,92
2021-08-18,16,49
2021-08-19,6,117
2021-08-20,11,44
2021-08-21,0,20
2021-08-22,18,30
2021-08-23,10,32
2021-08-24,6,80
2021-08-25,12,130
2021-08-26,24,97
2021-08-27,11,52
2021-08-28,1,67
2021-08-29,8,57
2021-08-30,63,71
2021-08-31,17,86
2021-09-01,17,70
2021-09-02,21,56
2021-09-03,26,59
2021-09-04,6,17
2021-09-05,21,22
2021-09-06,60,65
2021-09-07,34,73
2021-09-08,25,73
2021-09-09,10,45
2021-09-10,19,69
2021-09-11,7,36
2021-09-12,6,24
2021-09-13,15,41
2021-09-14,36,47
2021-09-15,17,76
2021-09-16,6,65
2021-09-17,6,66
2021-09-18,13,29
2021-09-19,4,24
2021-09-20,4,8
2021-09-21,0,4
2021-09-22,2,28
2021-09-23,16,98
2021-09-24,10,76
2021-09-25,9,22
2021-09-26,6,29
2021-09-27,15,49
2021-09-28,10,54
2021-09-29,14,66
2021-09-30,18,80
2021-10-01,15,91
2021-10-02,3,29
2021-10-03,1,19
2021-10-04,4,23
2021-10-05,15,60
2021-10-06,14,89
2021-10-07,7,102
2021-10-08,13,61
2021-10-09,1,28
2021-10-10,2,31
2021-10-11,7,36
2021-10-12,15,43
2021-10-13,23,57
2021-10-14,17,44
2021-10-15,14,63
2021-10-16,2,18
2021-10-17,1,29
2021-10-18,7,34
2021-10-19,14,42
2021-10-20,16,29
2021-10-21,9,31
2021-10-22,4,27
2021-10-23,2,12
2021-10-24,3,21
2021-10-25,15,63
2021-10-26,7,45
2021-10-27,6,46
2021-10-28,24,85
2021-10-29,13,40
2021-10-30,0,12
2021-10-31,20,18
2021-11-01,18,16
2021-11-02,12,42
2021-11-03,6,39
2021-11-04,11,45
2021-11-05,1,25
2021-11-06,1,25
2021-11-07,4,12
2021-11-08,9,29
2021-11-09,21,93
2021-11-10,16,68
2021-11-11,7,40
2021-11-12,5,30
2021-11-13,1,24
2021-11-14,2,21
2021-11-15,25,42
2021-11-16,15,39
2021-11-17,23,54
2021-11-18,7,33
2021-11-19,5,44
2021-11-20,1,47
2021-11-21,5,47
2021-11-22,3,76
2021-11-23,30,38
2021-11-24,13,63
2021-11-25,9,38
2021-11-26,1,22
2021-11-27,0,3
2021-11-28,17,16
2021-11-29,3,36
2021-11-30,6,24
2021-12-01,7,57
2021-12-02,3,37
2021-12-03,2,59
2021-12-04,0,14
2021-12-05,1,43
2021-12-06,4,105
2021-12-07,4,75
2021-12-08,4,50
2021-12-09,5,58
2021-12-10,2,83
2021-12-11,0,12
2021-12-12,2,39
2021-12-13,7,51
2021-12-14,7,46
2021-12-15,14,61
2021-12-16,6,41
2021-12-17,2,35
2021-12-18,1,13
2021-12-19,1,37
2021-12-20,10,89
2021-12-21,15,90
2021-12-22,22,66
2021-12-23,16,47
2021-12-24,5,31
2021-12-25,1,33
2021-12-26,0,34
2021-12-27,12,71
2021-12-28,2,42
2021-12-29,6,70
2021-12-30,13,52
2021-12-31,17,20
2022-01-01,1,8
2022-01-02,5,19
2022-01-03,10,31
2022-01-04,8,51
2022-01-05,15,45
2022-01-06,18,64
2022-01-07,13,37
2022-01-08,1,16
2022-01-09,5,20
2022-01-10,5,32
2022-01-11,9,50
2022-01-12,36,46
2022-01-13,76,29
2022-01-14,35,37
2022-01-15,3,18
2022-01-16,21,19
2022-01-17,23,28
2022-01-18,25,33
2022-01-19,7,28
2022-01-20,5,28
2022-01-21,1,55
2022-01-22,2,15
2022-01-23,3,16
2022-01-24,17,34
2022-01-25,8,20
2022-01-26,13,20
2022-01-27,7,27
2022-01-28,7,23
2022-01-29,0,5
2022-01-30,0,19
2022-01-31,2,18
2022-02-01,1,12
2022-02-02,4,8
2022-02-03,2,22
2022-02-04,4,37
2022-02-05,6,19
2022-02-06,2,18
2022-02-07,5,39
2022-02-08,5,32
2022-02-09,14,32
2022-02-10,7,25
2022-02-11,3,30
2022-02-12,3,7
2022-02-13,2,20
2022-02-14,7,39
2022-02-15,9,47
2022-02-16,7,57
2022-02-17,8,40
2022-02-18,3,25
2022-02-19,1,16
2022-02-20,2,16
2022-02-21,3,21
2022-02-22,2,24
2022-02-23,4,20
2022-02-24,2,22
2022-02-25,4,23
2022-02-26,0,9
2022-02-27,2,8
2022-02-28,2,20
2022-03-01,3,7
2022-03-02,5,8
2022-03-03,11,41
2022-03-04,9,22
2022-03-05,1,2
2022-03-06,2,20
2022-03-07,22,26
2022-03-08,7,42
2022-03-09,0,7
2022-03-10,3,27
2022-03-11,4,40
2022-03-12,1,7
2022-03-13,3,7
2022-03-14,7,32
2022-03-15,7,24
2022-03-16,12,34
2022-03-17,4,30
2022-03-18,5,15
2022-03-19,0,27
2022-03-20,6,29
2022-03-21,7,61
2022-03-22,13,45
2022-03-23,25,17
2022-03-24,4,15
2022-03-25,1,13
2022-03-26,1,8
2022-03-27,5,7
2022-03-28,10,17
2022-03-29,12,29
2022-03-30,12,16
2022-03-31,9,10
2022-04-01,15,19
2022-04-02,0,1
2022-04-03,6,3
2022-04-04,7,39
2022-04-05,5,35
2022-04-06,37,31
2022-04-07,7,25
2022-04-08,4,17
2022-04-09,4,34
2022-04-10,1,18
2022-04-11,8,28
2022-04-12,3,15
2022-04-13,6,13
2022-04-14,13,7
2022-04-15,5,10
2022-04-16,0,4
2022-04-17,1,8
2022-04-18,13,24
2022-04-19,18,25
2022-04-20,19,50
2022-04-21,18,24
2022-04-22,6,4
2022-04-23,0,4
2022-04-24,12,8
2022-04-25,6,11
2022-04-26,8,30
2022-04-27,16,25
2022-04-28,2,29
2022-04-29,6,118
2022-04-30,0,27
2022-05-01,5,13
2022-05-02,4,45
2022-05-03,7,37
2022-05-04,3,34
2022-05-05,1,7
2022-05-06,2,5
2022-05-07,1,7
2022-05-08,5,4
2022-05-09,15,26
2022-05-10,12,14
2022-05-11,6,9
2022-05-12,6,10
2022-05-13,2,9
2022-05-14,0,1
2022-05-15,7,5
2022-05-16,29,1
2022-05-17,11,8
2022-05-18,15,0
2022-05-19,6,1
2022-05-20,3,3
2022-05-21,1,2
2022-05-22,5,1
2022-05-23,6,5
2022-05-24,2,3
2022-05-25,9,2
2022-05-26,4,2
2022-05-27,14,8
2022-05-28,19,3
2022-05-29,14,1
2022-05-30,19,1
2022-05-31,15,7
2022-06-01,2,4
2022-06-02,2,1
2022-06-03,13,3
2022-06-04,2,3
2022-06-05,1,1
2022-06-06,1,3
2022-06-07,6,3
2022-06-08,4,0
2022-06-09,3,4
2022-06-10,2,2
2022-06-11,0,3
2022-06-12,1,2
2022-06-13,5,0
2022-06-14,8,0
2022-06-15,10,2
2022-06-16,7,19
2022-06-17,5,19
2022-06-18,0,0
2022-06-19,1,4
2022-06-20,8,6
2022-06-21,8,1
2022-06-22,9,4
2022-06-23,7,54
2022-06-24,0,21
2022-06-25,1,3
2022-06-26,2,4
2022-06-27,11,2
2022-06-28,3,0
2022-06-29,8,0
2022-06-30,15,3
2022-07-01,1,1
2022-07-02,1,2
2022-07-03,1,0
2022-07-04,19,2
2022-07-05,18,3
2022-07-06,16,2
2022-07-07,5,0
2022-07-08,3,4
2022-07-09,0,2
2022-07-10,2,2
2022-07-11,8,6
2022-07-12,19,6
2022-07-13,12,7
2022-07-14,5,3
2022-07-15,1,0
2022-07-16,0,1
2022-07-17,2,0
2022-07-18,11,1
2022-07-19,18,3
2022-07-20,7,25
2022-07-21,4,7
2022-07-22,5,5
2022-07-23,3,3
2022-07-24,19,1
2022-07-25,8,21
2022-07-26,22,3
2022-07-27,9,4
2022-07-28,10,5
2022-07-29,15,2
2022-07-30,1,3
2022-07-31,7,3
2022-08-01,5,7
2022-08-02,3,6
2022-08-03,4,4
2022-08-04,4,4
2022-08-05,4,2
2022-08-06,0,0
2022-08-07,0,2
2022-08-08,5,2
2022-08-09,4,0
2022-08-10,4,2
2022-08-11,17,4
2022-08-12,4,10
2022-08-13,0,4
2022-08-14,2,0
2022-08-15,1,0
2022-08-16,2,7
2022-08-17,10,9
2022-08-18,11,7
2022-08-19,7,6
2022-08-20,0,0
2022-08-21,6,0
2022-08-22,6,1
2022-08-23,8,3
2022-08-24,17,5
2022-08-25,15,2
2022-08-26,11,0
2022-08-27,4,0
2022-08-28,4,19
2022-08-29,15,4
2022-08-30,13,1
2022-08-31,5,0
2022-09-01,9,0
2022-09-02,5,2
2022-09-03,1,0
2022-09-04,4,0
2022-09-05,11,6
2022-09-06,10,2
2022-09-07,7,1
2022-09-08,4,4
2022-09-09,0,0
2022-09-10,1,0
2022-09-11,4,0
2022-09-12,2,1
2022-09-13,4,1
2022-09-14,10,3
2022-09-15,13,2
2022-09-16,7,2
2022-09-17,1,1
2022-09-18,10,0
2022-09-19,19,1
2022-09-20,16,1
2022-09-21,8,0
2022-09-22,10,3
2022-09-23,12,0
2022-09-24,2,1
2022-09-25,1,0
2022-09-26,4,2
2022-09-27,21,1
2022-09-28,6,2
2022-09-29,10,0
2022-09-30,5,4
2022-10-01,4,0
2022-10-02,2,0
2022-10-03,5,2
2022-10-04,10,1
2022-10-05,11,2
2022-10-06,11,1
2022-10-07,11,2
2022-10-08,0,1
2022-10-09,1,1
2022-10-10,6,2
2022-10-11,15,20
2022-10-12,10,12
2022-10-13,9,6
2022-10-14,18,4
2022-10-15,3,3
2022-10-16,5,0
2022-10-17,10,2
2022-10-18,1,5
2022-10-19,6,4
2022-10-20,9,2
2022-10-21,4,6
2022-10-22,1,1
2022-10-23,2,0
2022-10-24,6,1
2022-10-25,9,1
2022-10-26,3,1
2022-10-27,4,2
2022-10-28,6,1
2022-10-29,0,0
2022-10-30,7,0
2022-10-31,21,1
2022-11-01,10,0
2022-11-02,16,5
2022-11-03,3,6
2022-11-04,3,1
2022-11-05,1,0
2022-11-06,4,9
2022-11-07,14,1
2022-11-08,7,2
2022-11-09,7,3
2022-11-10,7,3
2022-11-11,4,1
2022-11-12,0,1
2022-11-13,1,0
2022-11-14,23,2
2022-11-15,28,0
2022-11-16,20,1
2022-11-17,3,3
2022-11-18,2,5
2022-11-19,1,7
2022-11-20,0,2
2022-11-21,3,5
2022-11-22,5,2
2022-11-23,4,5
2022-11-24,13,1
2022-11-25,7,1
2022-11-26,2,0
2022-11-27,1,0
2022-11-28,10,1
2022-11-29,13,2
2022-11-30,3,6
2022-12-01,7,3
2022-12-02,9,3
2022-12-03,0,1
2022-12-04,1,1
2022-12-05,1,8
2022-12-06,4,4
2022-12-07,5,2
2022-12-08,6,1
2022-12-09,2,0
2022-12-10,1,3
2022-12-11,3,0
2022-12-12,2,0
2022-12-13,6,2
2022-12-14,3,1
2022-12-15,7,0
2022-12-16,9,0
2022-12-17,1,4
2022-12-18,6,3
2022-12-19,1,0
2022-12-20,2,8
2022-12-21,49,5
2022-12-22,13,1
2022-12-23,21,1
2022-12-24,1,1
2022-12-25,5,0
2022-12-26,5,2
2022-12-27,5,10
2022-12-28,7,10
2022-12-29,7,8
2022-12-30,5,2
2022-12-31,0,2
2023-01-01,3,0
2023-01-02,2,0
2023-01-03,10,1
2023-01-04,12,2
2023-01-05,7,3
2023-01-06,4,2
2023-01-07,1,0
2023-01-08,1,0
2023-01-09,3,1
2023-01-10,7,7
2023-01-11,10,1
2023-01-12,17,1
2023-01-13,4,0
2023-01-14,0,1
2023-01-15,3,0
2023-01-16,13,4
2023-01-17,2,2
2023-01-18,10,2
2023-01-19,12,3
2023-01-20,3,4
2023-01-21,0,0
2023-01-22,1,1
2023-01-23,3,0
2023-01-24,1,0
2023-01-25,5,2
2023-01-26,4,2
2023-01-27,7,1
2023-01-28,0,0
2023-01-29,4,2
2023-01-30,14,5
2023-01-31,13,3
2023-02-01,9,1
2023-02-02,6,0
2023-02-03,14,16
2023-02-04,0,1
2023-02-05,5,2
2023-02-06,4,1
2023-02-07,7,1
2023-02-08,3,1
2023-02-09,4,1
2023-02-10,11,0
2023-02-11,5,0
2023-02-12,13,1
2023-02-13,40,3
2023-02-14,46,2
2023-02-15,29,0
2023-02-16,9,2
2023-02-17,10,1
2023-02-18,1,0
2023-02-19,1,3
2023-02-20,23,0
2023-02-21,16,5
2023-02-22,11,1
2023-02-23,9,5
2023-02-24,5,4
2023-02-25,0,0
2023-02-26,19,9
2023-02-27,15,6
2023-02-28,3,2
2023-03-01,7,0
2023-03-02,4,2
2023-03-03,29,1
2023-03-04,2,1
2023-03-05,13,1
2023-03-06,16,6
2023-03-07,25,3
2023-03-08,7,1
2023-03-09,30,2
2023-03-10,11,1
2023-03-11,1,0
2023-03-12,5,3
2023-03-13,3,4
2023-03-14,2,4
2023-03-15,2,25
2023-03-16,5,9
2023-03-17,7,0
2023-03-18,0,2
2023-03-19,2,0
2023-03-20,12,4
2023-03-21,11,2
2023-03-22,9,1
2023-03-23,8,2
2023-03-24,7,1
2023-03-25,0,3
2023-03-26,3,0
2023-03-27,9,1
2023-03-28,14,2
2023-03-29,2,0
2023-03-30,5,2
2023-03-31,1,7
2023-04-01,0,1
2023-04-02,0,1
2023-04-03,31,3
2023-04-04,18,4
2023-04-05,38,4
2023-04-06,17,5
2023-04-07,7,3
2023-04-08,1,2
2023-04-09,2,1
2023-04-10,27,4
2023-04-11,14,2
2023-04-12,13,7
2023-04-13,13,2
2023-04-14,2,4
2023-04-15,2,5
2023-04-16,2,10
2023-04-17,13,2
2023-04-18,4,1
2023-04-19,4,4
2023-04-20,21,1
2023-04-21,14,4
2023-04-22,2,0
2023-04-23,9,3
2023-04-24,9,1
2023-04-25,10,2
2023-04-26,18,1
2023-04-27,4,8
2023-04-28,1,1
2023-04-29,0,0
2023-04-30,13,4
2023-05-01,4,4
2023-05-02,12,5
2023-05-03,4,4
2023-05-04,7,2
2023-05-05,2,6
2023-05-06,13,1
2023-05-07,3,2
2023-05-08,5,3
2023-05-09,8,2
2023-05-10,5,4
2023-05-11,11,3
2023-05-12,1,2
2023-05-13,6,13
2023-05-14,2,3
2023-05-15,6,5
2023-05-16,5,2
2023-05-17,12,0
2023-05-18,16,2
2023-05-19,6,0
2023-05-20,1,1
2023-05-21,1,18
2023-05-22,0,6
2023-05-23,17,1
2023-05-24,9,9
2023-05-25,0,2
2023-05-26,17,3
2023-05-27,1,1
2023-05-28,1,1
2023-05-29,4,0
2023-05-30,8,1
2023-05-31,14,0
2023-06-01,13,10
2023-06-02,5,6
2023-06-03,2,1
2023-06-04,8,1
2023-06-05,28,0
2023-06-06,6,4
2023-06-07,10,6
2023-06-08,51,5
2023-06-09,8,3
2023-06-10,0,1
2023-06-11,4,1
2023-06-12,6,2
2023-06-13,10,5
2023-06-14,14,2
2023-06-15,9,4
2023-06-16,3,2
2023-06-17,1,2
2023-06-18,2,3
2023-06-19,10,1
2023-06-20,8,6
2023-06-21,15,7
2023-06-22,14,6
2023-06-23,6,2
2023-06-24,0,1
2023-06-25,8,0
2023-06-26,18,1
2023-06-27,15,3
2023-06-28,16,2
2023-06-29,26,1
2023-06-30,1,1
2023-07-01,1,0
2023-07-02,0,1
2023-07-03,10,7
2023-07-04,9,3
2023-07-05,9,6
2023-07-06,6,1
2023-07-07,2,5
2023-07-08,1,7
2023-07-09,7,1
2023-07-10,4,6
2023-07-11,9,1
2023-07-12,3,0
2023-07-13,12,0
2023-07-14,6,1
2023-07-15,2,0
2023-07-16,3,0
2023-07-17,7,1
2023-07-18,15,1
2023-07-19,8,2
2023-07-20,11,2
2023-07-21,2,0
2023-07-22,2,0
2023-07-23,6,5
2023-07-24,33,5
2023-07-25,14,1
2023-07-26,15,3
2023-07-27,18,3
2023-07-28,5,2
2023-07-29,3,0
2023-07-30,9,0
2023-07-31,5,4
2023-08-01,10,0
2023-08-02,8,2
2023-08-03,4,5
2023-08-04,2,1
2023-08-05,0,1
2023-08-06,2,0
2023-08-07,2,0
2023-08-08,2,1
2023-08-09,11,4
2023-08-10,4,1
2023-08-11,12,0
2023-08-12,6,1
2023-08-13,21,0
2023-08-14,39,13
2023-08-15,33,2
2023-08-16,15,0
2023-08-17,24,5
2023-08-18,5,2
2023-08-19,0,1
2023-08-20,6,4
2023-08-21,21,1
2023-08-22,23,1
2023-08-23,5,3
2023-08-24,4,4
2023-08-25,5,3
2023-08-26,1,5
2023-08-27,0,7
2023-08-28,4,6
2023-08-29,6,4
2023-08-30,3,2
2023-08-31,11,1
2023-09-01,5,1
2023-09-02,2,0
2023-09-03,5,0
2023-09-04,20,1
2023-09-05,22,0
2023-09-06,9,0
2023-09-07,3,2
2023-09-08,15,2
2023-09-09,24,1
2023-09-10,4,0
2023-09-11,11,1
2023-09-12,22,0
2023-09-13,25,8
2023-09-14,10,4
2023-09-15,17,3
2023-09-16,2,0
2023-09-17,10,6
2023-09-18,14,10
2023-09-19,8,1
2023-09-20,10,1
2023-09-21,8,1
2023-09-22,22,0
2023-09-23,9,0
2023-09-24,18,1
2023-09-25,17,2
2023-09-26,43,3
2023-09-27,28,0
2023-09-28,5,1
2023-09-29,1,0
2023-09-30,0,1
2023-10-01,1,1
2023-10-02,1,0
2023-10-03,4,0
2023-10-04,7,0
2023-10-05,16,3
2023-10-06,12,2
2023-10-07,3,0
2023-10-08,2,0
2023-10-09,3,2
2023-10-10,2,14
2023-10-11,2,14
2023-10-12,33,5
2023-10-13,12,1
2023-10-14,1,0
2023-10-15,2,0
2023-10-16,9,1
2023-10-17,17,5
2023-10-18,7,4
2023-10-19,9,4
2023-10-20,17,4
2023-10-21,3,2
2023-10-22,26,0
2023-10-23,12,1
2023-10-24,8,2
2023-10-25,7,1
2023-10-26,6,0
2023-10-27,5,5
2023-10-28,4,1
2023-10-29,3,1
2023-10-30,2,6
2023-10-31,2,2
2023-11-01,5,4
2023-11-02,16,3
2023-11-03,9,2
2023-11-04,2,0
2023-11-05,4,2
2023-11-06,16,4
2023-11-07,20,3
2023-11-08,2,5
2023-11-09,10,2
2023-11-10,5,0
2023-11-11,0,4
2023-11-12,5,1
2023-11-13,6,2
2023-11-14,4,0
2023-11-15,20,3
2023-11-16,17,20
2023-11-17,17,2
2023-11-18,4,7
2023-11-19,10,4
2023-11-20,8,9
2023-11-21,25,2
2023-11-22,6,8
2023-11-23,35,0
2023-11-24,15,8
2023-11-25,0,1
2023-11-26,8,1
2023-11-27,5,3
2023-11-28,35,2
2023-11-29,10,3
2023-11-30,3,1
2023-12-01,23,1
2023-12-02,3,1
2023-12-03,2,0
2023-12-04,9,4
2023-12-05,25,5
2023-12-06,15,3
2023-12-07,9,0
2023-12-08,0,0
2023-12-09,1,0
2023-12-10,1,0
2023-12-11,6,2
2023-12-12,14,8
2023-12-13,6,2
2023-12-14,6,2
2023-12-15,4,1
2023-12-16,1,1
2023-12-17,11,0
2023-12-18,10,0
2023-12-19,25,1
2023-12-20,8,2
2023-12-21,14,3
2023-12-22,14,0
2023-12-23,4,0
2023-12-24,2,0
2023-12-25,3,0
2023-12-26,1,1
2023-12-27,9,0
2023-12-28,15,1
2023-12-29,19,1
2023-12-30,5,1
2023-12-31,1,1
2024-01-01,6,0
2024-01-02,4,2
2024-01-03,5,2
2024-01-04,10,2
2024-01-05,7,0
2024-01-06,1,0
2024-01-07,2,1
2024-01-08,4,0
2024-01-09,3,14
2024-01-10,4,0
2024-01-11,16,0
2024-01-12,6,2
2024-01-13,0,0
2024-01-14,3,0
2024-01-15,9,1
2024-01-16,6,0
2024-01-17,10,4
2024-01-18,9,2
2024-01-19,6,1
2024-01-20,2,0
2024-01-21,12,1
2024-01-22,11,0
2024-01-23,14,2
2024-01-24,10,0
2024-01-25,22,2
2024-01-26,3,0
2024-01-27,0,0
2024-01-28,6,0
2024-01-29,5,2
2024-01-30,3,0
2024-01-31,5,0
2024-02-01,8,2
2024-02-02,7,1
2024-02-03,0,0
2024-02-04,3,1
2024-02-05,2,2
2024-02-06,6,2
2024-02-07,3,1
2024-02-08,1,0
2024-02-09,6,5
2024-02-10,1,4
2024-02-11,0,6
2024-02-12,3,8
2024-02-13,3,2
2024-02-14,7,2
2024-02-15,67,1
2024-02-16,37,3
2024-02-17,3,1
2024-02-18,29,0
2024-02-19,68,2
2024-02-20,37,2
2024-02-21,13,1
2024-02-22,13,2
2024-02-23,16,1
2024-02-24,2,0
2024-02-25,22,0
2024-02-26,4,0
2024-02-27,13,0
2024-02-28,9,0
2024-02-29,6,1
2024-03-01,0,0
2024-03-02,1,1
2024-03-03,3,0
2024-03-04,2,1
2024-03-05,5,1
2024-03-06,9,0
2024-03-07,7,0
2024-03-08,10,0
2024-03-09,0,0
2024-03-10,12,1
2024-03-11,11,1
2024-03-12,7,0
2024-03-13,28,0
2024-03-14,22,1
2024-03-15,6,0
2024-03-16,0,0
2024-03-17,5,12
2024-03-18,14,1
2024-03-19,9,1
2024-03-20,13,0
2024-03-21,10,0
2024-03-22,6,1
2024-03-23,2,0
2024-03-24,1,4
2024-03-25,23,3
2024-03-26,9,0
2024-03-27,20,2
2024-03-28,10,4
2024-03-29,4,4
2024-03-30,1,0
2024-03-31,8,2
2024-04-01,5,3
2024-04-02,10,2
2024-04-03,3,0
2024-04-04,6,0
2024-04-05,5,2
2024-04-06,0,1
2024-04-07,8,2
2024-04-08,5,1
2024-04-09,3,1
2024-04-10,5,2
2024-04-11,8,0
2024-04-12,3,0
2024-04-13,0,0
2024-04-14,7,0
2024-04-15,21,1
2024-04-16,7,4
2024-04-17,9,1
2024-04-18,10,5
2024-04-19,9,4
2024-04-20,0,5
2024-04-21,5,3
2024-04-22,4,3
2024-04-23,8,3
2024-04-24,7,1
2024-04-25,4,10
2024-04-26,11,1
2024-04-27,0,0
2024-04-28,7,0
2024-04-29,5,3
2024-04-30,3,0
2024-05-01,11,0
2024-05-02,10,0
2024-05-03,9,1
2024-05-04,2,2
2024-05-05,3,0
2024-05-06,6,0
2024-05-07,7,1
2024-05-08,22,0
2024-05-09,27,1
2024-05-10,0,2
2024-05-11,0,0
2024-05-12,2,1
2024-05-13,1,0
2024-05-14,2,2
2024-05-15,3,1
2024-05-16,4,0
2024-05-17,10,0
2024-05-18,1,0
2024-05-19,3,0
2024-05-20,6,1
2024-05-21,2,4
2024-05-22,7,2
2024-05-23,7,1
2024-05-24,5,0
2024-05-25,2,0
2024-05-26,0,2
2024-05-27,15,2
2024-05-28,13,4
2024-05-29,20,3
2024-05-30,23,2
2024-05-31,4,0
2024-06-01,2,2
2024-06-02,2,1
2024-06-03,8,1
2024-06-04,1,1
2024-06-05,3,1
2024-06-06,1,0
2024-06-07,8,0
2024-06-08,2,2
2024-06-09,3,1
2024-06-10,11,2
2024-06-11,12,3
2024-06-12,11,2
2024-06-13,8,2
2024-06-14,17,11
2024-06-15,9,5
2024-06-16,10,0
2024-06-17,6,2
2024-06-18,10,6
2024-06-19,18,4
2024-06-20,10,4
2024-06-21,0,0
2024-06-22,1,0
2024-06-23,2,18
2024-06-24,4,9
2024-06-25,15,4
2024-06-26,10,3
2024-06-27,6,2
2024-06-28,5,4
2024-06-29,0,7
2024-06-30,5,25
2024-07-01,24,23
2024-07-02,13,16
2024-07-03,7,64
2024-07-04,18,27
2024-07-05,13,10
2024-07-06,1,1
2024-07-07,6,4
2024-07-08,5,14
2024-07-09,64,46
2024-07-10,10,63
2024-07-11,14,39
2024-07-12,9,52
2024-07-13,0,0
2024-07-14,0,2
2024-07-15,8,11
2024-07-16,15,21
2024-07-17,11,19
2024-07-18,10,14
2024-07-19,4,37
2024-07-20,0,9
2024-07-21,1,16
2024-07-22,13,16
2024-07-23,11,21
2024-07-24,12,17
2024-07-25,10,5
2024-07-26,4,9
2024-07-27,1,1
2024-07-28,0,1
2024-07-29,7,14
2024-07-30,10,1
2024-07-31,15,2
2024-08-01,16,3
2024-08-02,16,2
2024-08-03,3,0
2024-08-04,4,7
2024-08-05,7,15
2024-08-06,20,20
2024-08-07,18,6
2024-08-08,20,4
2024-08-09,2,0
2024-08-10,7,0
2024-08-11,2,1
2024-08-12,19,5
2024-08-13,2,1
