유형,기관명,소계,기간내 처리,기간초과 처리,준수율
중앙행정기관,5.18민주화운동진상규명조사위원회,17,13,4,76.47
중앙행정기관,개인정보보호위원회,1547,1541,6,99.61
중앙행정기관,경찰청,451438,450757,681,99.85
중앙행정기관,고용노동부,25069,24404,665,97.35
중앙행정기관,고위공직자범죄수사처,2514,2511,3,99.88
중앙행정기관,공정거래위원회,4894,4792,102,97.92
중앙행정기관,과학기술정보통신부,8705,8705,0,100
중앙행정기관,관세청,6315,6313,2,99.97
중앙행정기관,교육부,5230,5208,22,99.58
중앙행정기관,국가건축정책위원회,88,88,0,100
중앙행정기관,국가교육위원회,125,125,0,100
중앙행정기관,국가보훈부,1534,1531,3,99.8
중앙행정기관,국가인권위원회,927,925,2,99.78
중앙행정기관,국무조정실,625,615,10,98.4
중앙행정기관,국무총리비서실,904,904,0,100
중앙행정기관,국민권익위원회,3829,3808,21,99.45
중앙행정기관,국방부,18087,18040,47,99.74
중앙행정기관,국세청,7134,7106,28,99.61
중앙행정기관,국토교통부,76622,66557,10065,86.86
중앙행정기관,금융위원회,1131,1096,35,96.91
중앙행정기관,기상청,109,107,2,98.17
중앙행정기관,기획재정부,71593,71404,189,99.74
중앙행정기관,농림축산식품부,3753,3740,13,99.65
중앙행정기관,농촌진흥청,208,205,3,98.56
중앙행정기관,대검찰청,23633,23614,19,99.92
중앙행정기관,문화재청,486,481,5,98.97
중앙행정기관,문화체육관광부,1963,1945,18,99.08
중앙행정기관,민주평화통일자문회의사무처,91,86,5,94.51
중앙행정기관,방송통신위원회,666,666,0,100
중앙행정기관,방위사업청,109,109,0,100
중앙행정기관,법무부,7057,6915,142,97.99
중앙행정기관,법제처,1175,1175,0,100
중앙행정기관,병무청,2425,2424,1,99.96
중앙행정기관,보건복지부,8005,6070,1935,75.83
중앙행정기관,산림청,1923,1922,1,99.95
중앙행정기관,산업통상자원부,1971,1890,81,95.89
중앙행정기관,새만금개발청,70,70,0,100
중앙행정기관,소방청,2973,2961,12,99.6
중앙행정기관,식품의약품안전처,13965,13965,0,100
중앙행정기관,여성가족부,753,752,1,99.87
중앙행정기관,외교부,2415,2394,21,99.13
중앙행정기관,원자력안전위원회,42,35,7,83.33
중앙행정기관,인사혁신처,2739,2737,2,99.93
중앙행정기관,재외동포청,60,59,1,98.33
중앙행정기관,저출산고령사회위원회,33,31,2,93.94
중앙행정기관,조달청,2057,2057,0,100
중앙행정기관,중소벤처기업부,20925,20924,1,100
중앙행정기관,진실화해를위한과거사정리위원회,169,166,3,98.22
중앙행정기관,질병관리청,725,687,38,94.76
중앙행정기관,통계청,214,214,0,100
중앙행정기관,통일부,201,200,1,99.5
중앙행정기관,특허청,329,321,8,97.57
중앙행정기관,해양경찰청,369,366,3,99.19
중앙행정기관,해양수산부,5591,5587,4,99.93
중앙행정기관,행정안전부,8877,8850,27,99.7
중앙행정기관,행정중심복합도시건설청,87,87,0,100
중앙행정기관,환경부,6955,6835,120,98.27
광역-지방자치단체,강원특별자치도,1306,1199,107,91.81
광역-지방자치단체,경기도,9201,9162,39,99.58
광역-지방자치단체,경상남도,962,947,15,98.44
광역-지방자치단체,경상북도,997,962,35,96.49
광역-지방자치단체,광주광역시,6032,5920,112,98.14
광역-지방자치단체,대구광역시,4338,4175,163,96.24
광역-지방자치단체,대전광역시,17951,17908,43,99.76
광역-지방자치단체,부산광역시,3794,3784,10,99.74
광역-지방자치단체,서울특별시,22338,22072,266,98.81
광역-지방자치단체,세종특별자치시,13022,13011,11,99.92
광역-지방자치단체,울산광역시,2631,2574,57,97.83
광역-지방자치단체,인천광역시,14023,13988,35,99.75
광역-지방자치단체,전라남도,1069,1050,19,98.22
광역-지방자치단체,전라북도,865,832,33,96.18
광역-지방자치단체,제주특별자치도,1714,1703,11,99.36
광역-지방자치단체,충청남도,1571,1542,29,98.15
광역-지방자치단체,충청북도,1032,1014,18,98.26
시도-지방자치단체,강원특별자치도 강릉시,8450,8303,147,98.26
시도-지방자치단체,강원특별자치도 고성군,608,607,1,99.84
시도-지방자치단체,강원특별자치도 동해시,2753,2744,9,99.67
시도-지방자치단체,강원특별자치도 삼척시,1716,1710,6,99.65
시도-지방자치단체,강원특별자치도 속초시,3174,3147,27,99.15
시도-지방자치단체,강원특별자치도 양구군,465,465,0,100
시도-지방자치단체,강원특별자치도 양양군,1146,1132,14,98.78
시도-지방자치단체,강원특별자치도 영월군,617,593,24,96.11
시도-지방자치단체,강원특별자치도 원주시,17844,17743,101,99.43
시도-지방자치단체,강원특별자치도 인제군,581,532,49,91.57
시도-지방자치단체,강원특별자치도 정선군,1025,988,37,96.39
시도-지방자치단체,강원특별자치도 철원군,963,961,2,99.79
시도-지방자치단체,강원특별자치도 춘천시,9672,9603,69,99.29
시도-지방자치단체,강원특별자치도 태백시,722,706,16,97.78
시도-지방자치단체,강원특별자치도 평창군,1171,1146,25,97.87
시도-지방자치단체,강원특별자치도 홍천군,1722,1665,57,96.69
시도-지방자치단체,강원특별자치도 화천군,438,438,0,100
시도-지방자치단체,강원특별자치도 횡성군,1140,1071,69,93.95
시도-지방자치단체,경기도 가평군,1933,1923,10,99.48
시도-지방자치단체,경기도 고양시,48770,48372,398,99.18
시도-지방자치단체,경기도 과천시,2552,2541,11,99.57
시도-지방자치단체,경기도 광명시,12637,12504,133,98.95
시도-지방자치단체,경기도 광주시,11085,11016,69,99.38
시도-지방자치단체,경기도 구리시,7030,7008,22,99.69
시도-지방자치단체,경기도 군포시,12202,12046,156,98.72
시도-지방자치단체,경기도 김포시,19369,19259,110,99.43
시도-지방자치단체,경기도 남양주시,26724,26585,139,99.48
시도-지방자치단체,경기도 동두천시,2467,2465,2,99.92
시도-지방자치단체,경기도 부천시,30633,30605,28,99.91
시도-지방자치단체,경기도 성남시,56831,56420,411,99.28
시도-지방자치단체,경기도 수원시,113242,113137,105,99.91
시도-지방자치단체,경기도 시흥시,34396,34324,72,99.79
시도-지방자치단체,경기도 안산시,44099,44084,15,99.97
시도-지방자치단체,경기도 안성시,7156,7130,26,99.64
시도-지방자치단체,경기도 안양시,32958,32790,168,99.49
시도-지방자치단체,경기도 양주시,10249,10210,39,99.62
시도-지방자치단체,경기도 양평군,3102,3056,46,98.52
시도-지방자치단체,경기도 여주시,2725,2657,68,97.5
시도-지방자치단체,경기도 연천군,1266,1255,11,99.13
시도-지방자치단체,경기도 오산시,12602,12396,206,98.37
시도-지방자치단체,경기도 용인시,41706,41690,16,99.96
시도-지방자치단체,경기도 의왕시,4750,4741,9,99.81
시도-지방자치단체,경기도 의정부시,21404,21382,22,99.9
시도-지방자치단체,경기도 이천시,7559,7354,205,97.29
시도-지방자치단체,경기도 파주시,15277,15156,121,99.21
시도-지방자치단체,경기도 평택시,34394,34123,271,99.21
시도-지방자치단체,경기도 포천시,3802,3791,11,99.71
시도-지방자치단체,경기도 하남시,11906,11463,443,96.28
시도-지방자치단체,경기도 화성시,47015,46879,136,99.71
시도-지방자치단체,경상남도 거제시,7246,7242,4,99.94
시도-지방자치단체,경상남도 거창군,1682,1648,34,97.98
시도-지방자치단체,경상남도 고성군,757,753,4,99.47
시도-지방자치단체,경상남도 김해시,19708,19690,18,99.91
시도-지방자치단체,경상남도 남해군,534,517,17,96.82
시도-지방자치단체,경상남도 밀양시,2301,2278,23,99
시도-지방자치단체,경상남도 사천시,2435,2420,15,99.38
시도-지방자치단체,경상남도 산청군,463,462,1,99.78
시도-지방자치단체,경상남도 양산시,12309,12271,38,99.69
시도-지방자치단체,경상남도 의령군,298,290,8,97.32
시도-지방자치단체,경상남도 진주시,17478,6589,10889,37.7
시도-지방자치단체,경상남도 창녕군,754,752,2,99.73
시도-지방자치단체,경상남도 창원시,45627,45400,227,99.5
시도-지방자치단체,경상남도 통영시,4088,4086,2,99.95
시도-지방자치단체,경상남도 하동군,641,640,1,99.84
시도-지방자치단체,경상남도 함안군,1438,1315,123,91.45
시도-지방자치단체,경상남도 함양군,739,715,24,96.75
시도-지방자치단체,경상남도 합천군,340,313,27,92.06
시도-지방자치단체,경상북도 경산시,13085,13076,9,99.93
시도-지방자치단체,경상북도 경주시,7181,6786,395,94.5
시도-지방자치단체,경상북도 고령군,506,461,45,91.11
시도-지방자치단체,경상북도 구미시,22183,22013,170,99.23
시도-지방자치단체,경상북도 김천시,4051,3974,77,98.1
시도-지방자치단체,경상북도 문경시,1440,1370,70,95.14
시도-지방자치단체,경상북도 봉화군,343,286,57,83.38
시도-지방자치단체,경상북도 상주시,1773,1693,80,95.49
시도-지방자치단체,경상북도 성주군,569,560,9,98.42
시도-지방자치단체,경상북도 안동시,6140,6136,4,99.93
시도-지방자치단체,경상북도 영덕군,457,451,6,98.69
시도-지방자치단체,경상북도 영양군,179,175,4,97.77
시도-지방자치단체,경상북도 영주시,2448,2377,71,97.1
시도-지방자치단체,경상북도 영천시,1987,1953,34,98.29
시도-지방자치단체,경상북도 예천군,1409,1404,5,99.65
시도-지방자치단체,경상북도 울릉군,244,234,10,95.9
시도-지방자치단체,경상북도 울진군,769,746,23,97.01
시도-지방자치단체,경상북도 의성군,988,942,46,95.34
시도-지방자치단체,경상북도 청도군,948,927,21,97.78
시도-지방자치단체,경상북도 청송군,245,242,3,98.78
시도-지방자치단체,경상북도 칠곡군,3057,3047,10,99.67
시도-지방자치단체,경상북도 포항시,16885,16793,92,99.46
시도-지방자치단체,광주광역시 광산구,25883,25867,16,99.94
시도-지방자치단체,광주광역시 남구,11070,11036,34,99.69
시도-지방자치단체,광주광역시 동구,6666,6484,182,97.27
시도-지방자치단체,광주광역시 북구,22836,22793,43,99.81
시도-지방자치단체,광주광역시 서구,18915,18894,21,99.89
시도-지방자치단체,대구광역시 군위군,303,280,23,92.41
시도-지방자치단체,대구광역시 남구,5155,5002,153,97.03
시도-지방자치단체,대구광역시 달서구,22180,22142,38,99.83
시도-지방자치단체,대구광역시 달성군,7518,7394,124,98.35
시도-지방자치단체,대구광역시 동구,18470,17679,791,95.72
시도-지방자치단체,대구광역시 북구,21862,21768,94,99.57
시도-지방자치단체,대구광역시 서구,21761,21749,12,99.94
시도-지방자치단체,대구광역시 수성구,19339,19289,50,99.74
시도-지방자치단체,대구광역시 중구,16181,16121,60,99.63
시도-지방자치단체,대전광역시 대덕구,13172,13046,126,99.04
시도-지방자치단체,대전광역시 동구,10859,10850,9,99.92
시도-지방자치단체,대전광역시 서구,38811,38404,407,98.95
시도-지방자치단체,대전광역시 유성구,30727,30588,139,99.55
시도-지방자치단체,대전광역시 중구,11859,11854,5,99.96
시도-지방자치단체,부산광역시 강서구,8682,8638,44,99.49
시도-지방자치단체,부산광역시 금정구,6872,6870,2,99.97
시도-지방자치단체,부산광역시 기장군,6611,6588,23,99.65
시도-지방자치단체,부산광역시 남구,7534,7533,1,99.99
시도-지방자치단체,부산광역시 동구,7734,7706,28,99.64
시도-지방자치단체,부산광역시 동래구,7964,4919,3045,61.77
시도-지방자치단체,부산광역시 부산진구,21351,21292,59,99.72
시도-지방자치단체,부산광역시 북구,7572,7566,6,99.92
시도-지방자치단체,부산광역시 사상구,8774,8770,4,99.95
시도-지방자치단체,부산광역시 사하구,8971,8942,29,99.68
시도-지방자치단체,부산광역시 서구,4572,4559,13,99.72
시도-지방자치단체,부산광역시 수영구,7761,7752,9,99.88
시도-지방자치단체,부산광역시 연제구,8806,8793,13,99.85
시도-지방자치단체,부산광역시 영도구,3417,3413,4,99.88
시도-지방자치단체,부산광역시 중구,3817,3811,6,99.84
시도-지방자치단체,부산광역시 해운대구,14869,14823,46,99.69
시도-지방자치단체,서울특별시 강남구,23388,22933,455,98.05
시도-지방자치단체,서울특별시 강동구,9753,9723,30,99.69
시도-지방자치단체,서울특별시 강북구,5254,5220,34,99.35
시도-지방자치단체,서울특별시 강서구,13498,13357,141,98.96
시도-지방자치단체,서울특별시 관악구,11402,11314,88,99.23
시도-지방자치단체,서울특별시 광진구,7141,7051,90,98.74
시도-지방자치단체,서울특별시 구로구,8451,7532,919,89.13
시도-지방자치단체,서울특별시 금천구,6512,6467,45,99.31
시도-지방자치단체,서울특별시 노원구,8711,8662,49,99.44
시도-지방자치단체,서울특별시 도봉구,4509,4287,222,95.08
시도-지방자치단체,서울특별시 동대문구,8196,7512,684,91.65
시도-지방자치단체,서울특별시 동작구,5446,5419,27,99.5
시도-지방자치단체,서울특별시 마포구,9999,9596,403,95.97
시도-지방자치단체,서울특별시 서대문구,5239,5089,150,97.14
시도-지방자치단체,서울특별시 서초구,14324,14278,46,99.68
시도-지방자치단체,서울특별시 성동구,5888,5882,6,99.9
시도-지방자치단체,서울특별시 성북구,6253,6249,4,99.94
시도-지방자치단체,서울특별시 송파구,14508,14437,71,99.51
시도-지방자치단체,서울특별시 양천구,8409,8375,34,99.6
시도-지방자치단체,서울특별시 영등포구,10966,10891,75,99.32
시도-지방자치단체,서울특별시 용산구,7382,7307,75,98.98
시도-지방자치단체,서울특별시 은평구,6161,6092,69,98.88
시도-지방자치단체,서울특별시 종로구,7524,7443,81,98.92
시도-지방자치단체,서울특별시 중구,7400,7363,37,99.5
시도-지방자치단체,서울특별시 중랑구,9295,9225,70,99.25
시도-지방자치단체,울산광역시 남구,25208,25169,39,99.85
시도-지방자치단체,울산광역시 동구,4589,4557,32,99.3
시도-지방자치단체,울산광역시 북구,8269,8154,115,98.61
시도-지방자치단체,울산광역시 울주군,8414,8299,115,98.63
시도-지방자치단체,울산광역시 중구,10809,10759,50,99.54
시도-지방자치단체,인천광역시 강화군,1408,1400,8,99.43
시도-지방자치단체,인천광역시 계양구,12101,12060,41,99.66
시도-지방자치단체,인천광역시 남동구,24037,23787,250,98.96
시도-지방자치단체,인천광역시 동구,1872,1843,29,98.45
시도-지방자치단체,인천광역시 미추홀구,16014,15984,30,99.81
시도-지방자치단체,인천광역시 부평구,20362,20347,15,99.93
시도-지방자치단체,인천광역시 서구,36758,36145,613,98.33
시도-지방자치단체,인천광역시 연수구,17066,17051,15,99.91
시도-지방자치단체,인천광역시 옹진군,277,271,6,97.83
시도-지방자치단체,인천광역시 중구,14777,14691,86,99.42
시도-지방자치단체,전라남도 강진군,326,308,18,94.48
시도-지방자치단체,전라남도 고흥군,966,954,12,98.76
시도-지방자치단체,전라남도 곡성군,386,367,19,95.08
시도-지방자치단체,전라남도 광양시,6527,6442,85,98.7
시도-지방자치단체,전라남도 구례군,339,338,1,99.71
시도-지방자치단체,전라남도 나주시,6159,6078,81,98.68
시도-지방자치단체,전라남도 담양군,764,752,12,98.43
시도-지방자치단체,전라남도 목포시,20501,20490,11,99.95
시도-지방자치단체,전라남도 무안군,2794,2774,20,99.28
시도-지방자치단체,전라남도 보성군,530,497,33,93.77
시도-지방자치단체,전라남도 순천시,10901,10696,205,98.12
시도-지방자치단체,전라남도 신안군,374,348,26,93.05
시도-지방자치단체,전라남도 여수시,10504,10495,9,99.91
시도-지방자치단체,전라남도 영광군,1039,1031,8,99.23
시도-지방자치단체,전라남도 영암군,2059,2015,44,97.86
시도-지방자치단체,전라남도 완도군,1590,1096,494,68.93
시도-지방자치단체,전라남도 장성군,735,701,34,95.37
시도-지방자치단체,전라남도 장흥군,506,479,27,94.66
시도-지방자치단체,전라남도 진도군,410,405,5,98.78
시도-지방자치단체,전라남도 함평군,612,574,38,93.79
시도-지방자치단체,전라남도 해남군,1165,1160,5,99.57
시도-지방자치단체,전라남도 화순군,1653,1648,5,99.7
시도-지방자치단체,전라북도 고창군,1278,1259,19,98.51
시도-지방자치단체,전라북도 군산시,9206,9192,14,99.85
시도-지방자치단체,전라북도 김제시,1554,1518,36,97.68
시도-지방자치단체,전라북도 남원시,2385,2355,30,98.74
시도-지방자치단체,전라북도 무주군,313,309,4,98.72
시도-지방자치단체,전라북도 부안군,1389,1378,11,99.21
시도-지방자치단체,전라북도 순창군,233,233,0,100
시도-지방자치단체,전라북도 완주군,3290,3190,100,96.96
시도-지방자치단체,전라북도 익산시,8656,8536,120,98.61
시도-지방자치단체,전라북도 임실군,657,638,19,97.11
시도-지방자치단체,전라북도 장수군,348,332,16,95.4
시도-지방자치단체,전라북도 전주시,28505,27864,641,97.75
시도-지방자치단체,전라북도 정읍시,1850,1832,18,99.03
시도-지방자치단체,전라북도 진안군,1111,1094,17,98.47
시도-지방자치단체,제주특별자치도 서귀포시,4950,4925,25,99.49
시도-지방자치단체,제주특별자치도 제주시,20408,20373,35,99.83
시도-지방자치단체,충청남도 계룡시,2747,2699,48,98.25
시도-지방자치단체,충청남도 공주시,3369,3359,10,99.7
시도-지방자치단체,충청남도 금산군,1634,1598,36,97.8
시도-지방자치단체,충청남도 논산시,2569,2551,18,99.3
시도-지방자치단체,충청남도 당진시,6566,6415,151,97.7
시도-지방자치단체,충청남도 보령시,2724,2715,9,99.67
시도-지방자치단체,충청남도 부여군,1313,1297,16,98.78
시도-지방자치단체,충청남도 서산시,6437,6412,25,99.61
시도-지방자치단체,충청남도 서천군,851,840,11,98.71
시도-지방자치단체,충청남도 아산시,14000,13729,271,98.06
시도-지방자치단체,충청남도 예산군,1974,1973,1,99.95
시도-지방자치단체,충청남도 천안시,46320,46133,187,99.6
시도-지방자치단체,충청남도 청양군,462,456,6,98.7
시도-지방자치단체,충청남도 태안군,1227,1227,0,100
시도-지방자치단체,충청남도 홍성군,3953,3942,11,99.72
시도-지방자치단체,충청북도 괴산군,759,746,13,98.29
시도-지방자치단체,충청북도 단양군,726,714,12,98.35
시도-지방자치단체,충청북도 보은군,573,570,3,99.48
시도-지방자치단체,충청북도 영동군,1140,1137,3,99.74
시도-지방자치단체,충청북도 옥천군,1345,1334,11,99.18
시도-지방자치단체,충청북도 음성군,3821,3721,100,97.38
시도-지방자치단체,충청북도 제천시,7857,7840,17,99.78
시도-지방자치단체,충청북도 증평군,1157,1140,17,98.53
시도-지방자치단체,충청북도 진천군,2898,2889,9,99.69
시도-지방자치단체,충청북도 청주시,56336,56187,149,99.74
시도-지방자치단체,충청북도 충주시,6422,6149,273,95.75
시도교육청,강원특별자치도교육청,740,729,11,98.51
시도교육청,경기도교육청,10842,10823,19,99.82
시도교육청,경상남도교육청,2366,2366,0,100
시도교육청,경상북도교육청,665,660,5,99.25
시도교육청,광주광역시교육청,466,465,1,99.79
시도교육청,대구광역시교육청,948,948,0,100
시도교육청,대전광역시교육청,523,521,2,99.62
시도교육청,부산광역시교육청,1966,1966,0,100
시도교육청,서울특별시교육청,3658,3646,12,99.67
시도교육청,세종특별자치시교육청,232,230,2,99.14
시도교육청,울산광역시교육청,384,383,1,99.74
시도교육청,인천광역시교육청,931,931,0,100
시도교육청,전라남도교육청,670,669,1,99.85
시도교육청,전라북도교육청,530,517,13,97.55
시도교육청,제주특별자치도교육청,290,290,0,100
시도교육청,충청남도교육청,785,780,5,99.36
시도교육청,충청북도교육청,589,584,5,99.15
공공기관,(사)남북교류협력지원협회,4,4,0,100
공공기관,(재)경기도수원월드컵경기장관리재단,10,10,0,100
공공기관,(주)강원랜드,21,21,0,100
공공기관,88관광개발,3,3,0,100
공공기관,APEC기후센터,1,1,0,100
공공기관,FITI시험연구원,15,14,1,93.33
공공기관,KATRI시험연구원,157,157,0,100
공공기관,KOTITI시험연구원,20,19,1,95
공공기관,㈜공영홈쇼핑,6,6,0,100
공공기관,㈜에스알,112,82,30,73.21
공공기관,㈜인천대교,26,26,0,100
공공기관,가축위생방역지원본부,110,102,8,92.73
공공기관,건강보험심사평가원,1525,1525,0,100
공공기관,건설근로자공제회,46,46,0,100
공공기관,게임물관리위원회,692,687,5,99.28
공공기관,경기고속도로(주),43,43,0,100
공공기관,경기교통공사,131,131,0,100
공공기관,경기도경제과학진흥원,12,12,0,100
공공기관,경기도여성가족재단,3,3,0,100
공공기관,경기도의료원,13,13,0,100
공공기관,경기도체육회,32,29,3,90.63
공공기관,경기도학교안전공제회,5,5,0,100
공공기관,경기동서순환도로㈜,30,28,2,93.33
공공기관,경기문화재단,18,18,0,100
공공기관,경기신용보증재단,50,47,3,94
공공기관,경기아트센터,4,4,0,100
공공기관,경기주택도시공사,349,338,11,96.85
공공기관,경기콘텐츠진흥원,22,21,1,95.45
공공기관,경기평택항만공사,8,8,0,100
공공기관,경남개발공사,19,18,1,94.74
공공기관,경상북도개발공사,31,31,0,100
공공기관,경상북도문화관광공사,39,38,1,97.44
공공기관,경수고속도로㈜,21,21,0,100
공공기관,경제인문사회연구회,11,11,0,100
공공기관,경주시시설관리공단,9,9,0,100
공공기관,고양도시관리공사,95,88,7,92.63
공공기관,공무원연금공단,131,130,1,99.24
공공기관,과천도시공사,28,28,0,100
공공기관,광주광역시도시공사,43,43,0,100
공공기관,광주교통공사,30,30,0,100
공공기관,광주도시관리공사,160,159,1,99.38
공공기관,광주북구시설관리공단,27,26,1,96.3
공공기관,광주서구시설관리공단,27,27,0,100
공공기관,광주환경공단,32,32,0,100
공공기관,구미도시공사,15,15,0,100
공공기관,국가과학기술연구회,50,50,0,100
공공기관,국가철도공단,17170,17170,0,100
공공기관,국가평생교육진흥원,96,93,3,96.88
공공기관,국립공원공단,315,305,10,96.83
공공기관,국립박물관문화재단,3,3,0,100
공공기관,국립생태원,27,27,0,100
공공기관,국립암센터,38,38,0,100
공공기관,국립중앙의료원,43,43,0,100
공공기관,국립해양과학관,6,6,0,100
공공기관,국립해양박물관,4,3,1,75
공공기관,국민건강보험공단,2443,2426,17,99.3
공공기관,국민연금공단,665,653,12,98.2
공공기관,국민체육진흥공단,101,101,0,100
공공기관,국방과학연구소,28,28,0,100
공공기관,국방기술품질원,3,3,0,100
공공기관,국악방송,2,2,0,100
공공기관,국제방송교류재단,24,23,1,95.83
공공기관,국제식물검역인증원,26,26,0,100
공공기관,국토안전관리원,113,113,0,100
공공기관,국토연구원,9,9,0,100
공공기관,그랜드코리아레저(주),1,1,0,100
공공기관,극지연구소,6,6,0,100
공공기관,근로복지공단,1093,997,96,91.22
공공기관,금융감독원,12042,8967,3075,74.46
공공기관,금융결제원,48,48,0,100
공공기관,기술보증기금,80,77,3,96.25
공공기관,기장군도시관리공단,71,71,0,100
공공기관,김천시시설관리공단,10,10,0,100
공공기관,김해시도시개발공사,45,45,0,100
공공기관,남동구도시관리공단,20,20,0,100
공공기관,남양주도시공사,34,34,0,100
공공기관,노사발전재단,5,5,0,100
공공기관,농림수산식품교육문화정보원,15,15,0,100
공공기관,농림식품기술기획평가원,5,5,0,100
공공기관,농업정책보험금융원,34,34,0,100
공공기관,농협중앙회,218,218,0,100
공공기관,단양관광공사,27,21,6,77.78
공공기관,대구경북과학기술원,7,7,0,100
공공기관,대구교통공사,78,78,0,100
공공기관,대구도시개발공사,22,22,0,100
공공기관,대전관광공사,17,17,0,100
공공기관,대전광역시시설관리공단,19,19,0,100
공공기관,대전교통공사,47,47,0,100
공공기관,대전도시공사,33,32,1,96.97
공공기관,대전환경사업지방자치단체조합,41,41,0,100
공공기관,대한무역투자진흥공사,21,21,0,100
공공기관,대한법률구조공단,2364,2283,81,96.57
공공기관,대한변호사협회,358,356,2,99.44
공공기관,대한석탄공사,1,1,0,100
공공기관,대한장애인체육회,39,39,0,100
공공기관,대한적십자사,98,88,10,89.8
공공기관,대한체육회,285,269,16,94.39
공공기관,도로교통공단,249,249,0,100
공공기관,독립기념관,18,18,0,100
공공기관,동북아역사재단,13,13,0,100
공공기관,동해시시설관리공단,9,9,0,100
공공기관,미추홀구시설관리공단,290,290,0,100
공공기관,방송통신심의위원회,3039,2927,112,96.31
공공기관,별정우체국연금관리단,24,24,0,100
공공기관,부마민주항쟁진상규명및관련자명예회복심의위원회,2,2,0,100
공공기관,부산관광공사,22,22,0,100
공공기관,부산교통공사,212,205,7,96.7
공공기관,부산도시공사,39,38,1,97.44
공공기관,부산시설공단,193,192,1,99.48
공공기관,부산울산고속도로주식회사,2,2,0,100
공공기관,부산항만공사,71,71,0,100
공공기관,부산항보안공사,5,5,0,100
공공기관,부산환경공단,95,95,0,100
공공기관,부천도시공사,822,822,0,100
공공기관,북한이탈주민지원재단,18,17,1,94.44
공공기관,사립학교교직원연금공단,23,23,0,100
공공기관,산림조합중앙회,16,13,3,81.25
공공기관,상주영천고속도로 주식회사,17,11,6,64.71
공공기관,서민금융진흥원,173,173,0,100
공공기관,서부내륙고속도로,38,38,0,100
공공기관,서서울고속도로㈜,14,14,0,100
공공기관,서울고속도로㈜,41,41,0,100
공공기관,서울문산고속도로㈜,16,16,0,100
공공기관,서울북부고속도로(주),27,27,0,100
공공기관,서울춘천고속도로,37,37,0,100
공공기관,세종도시교통공사,123,108,15,87.8
공공기관,세종학당재단,3,3,0,100
공공기관,소상공인시장진흥공단,148,136,12,91.89
공공기관,속초시시설관리공단,8,8,0,100
공공기관,수도권매립지관리공사,45,45,0,100
공공기관,수도권서부고속도로,32,32,0,100
공공기관,수원도시공사,222,212,10,95.5
공공기관,수원문화재단,10,10,0,100
공공기관,수자원환경산업진흥(주),16,16,0,100
공공기관,시청자미디어재단,35,35,0,100
공공기관,시흥도시공사,104,104,0,100
공공기관,식품안전정보원,224,224,0,100
공공기관,신공항하이웨이㈜,29,29,0,100
공공기관,신대구부산고속도로주식회사,36,36,0,100
공공기관,신용보증기금,70,70,0,100
공공기관,신용보증재단중앙회,55,55,0,100
공공기관,신용회복위원회,145,144,1,99.31
공공기관,아산시시설관리공단,34,34,0,100
공공기관,안산도시공사,63,63,0,100
공공기관,언론중재위원회,241,241,0,100
공공기관,에너지경제연구원,2,2,0,100
공공기관,여수광양항만공사,29,28,1,96.55
공공기관,여수시도시관리공단,55,55,0,100
공공기관,영상물등급위원회,12,12,0,100
공공기관,영화진흥위원회,30,29,1,96.67
공공기관,예금보험공사,60,60,0,100
공공기관,예술의전당,20,20,0,100
공공기관,옥산오창고속도로,5,5,0,100
공공기관,용인도시공사,43,43,0,100
공공기관,우체국물류지원단,113,73,40,64.6
공공기관,우체국시설관리단,10,10,0,100
공공기관,울산광역시 중구 도시관리공단,10,10,0,100
공공기관,울산광역시남구도시관리공단,54,54,0,100
공공기관,울산광역시도시공사,12,12,0,100
공공기관,울산시설공단,163,163,0,100
공공기관,울산항만공사,7,7,0,100
공공기관,울주군시설관리공단,15,15,0,100
공공기관,원주시시설관리공단,61,61,0,100
공공기관,의료기관평가인증원,14,14,0,100
공공기관,의왕도시공사,125,120,5,96
공공기관,이천시시설관리공단,7,7,0,100
공공기관,인천광역시 교통공사,173,172,1,99.42
공공기관,인천광역시사회서비스원,2,2,0,100
공공기관,인천국제공항공사,143,140,3,97.9
공공기관,인천김포고속도로,24,22,2,91.67
공공기관,인천도시공사,1888,1886,2,99.89
공공기관,인천시설공단,420,417,3,99.29
공공기관,인천항만공사,47,46,1,97.87
공공기관,인천환경공단,20,19,1,95
공공기관,자동차손해배상진흥원,362,362,0,100
공공기관,전남개발공사,4,3,1,75
공공기관,전략물자관리원,24,24,0,100
공공기관,전북개발공사,7,7,0,100
공공기관,전주시시설관리공단,57,57,0,100
공공기관,정보통신산업진흥원,58,51,7,87.93
공공기관,정부법무공단,29,29,0,100
공공기관,제이경인연결고속도로(주),55,55,0,100
공공기관,제이서해안고속도로㈜,85,82,3,96.47
공공기관,제이영동고속도로㈜,22,22,0,100
공공기관,제주국제자유도시개발센터,10,10,0,100
공공기관,제주영상문화산업진흥원,3,3,0,100
공공기관,주택도시보증공사,1603,1521,82,94.88
공공기관,중소기업기술정보진흥원,62,62,0,100
공공기관,중소기업유통센터,41,41,0,100
공공기관,중소기업은행,26,25,1,96.15
공공기관,중소벤처기업진흥공단,39,38,1,97.44
공공기관,창업진흥원,41,41,0,100
공공기관,창원시설공단,59,55,4,93.22
공공기관,천안논산고속도로㈜,32,32,0,100
공공기관,천안도시공사,48,47,1,97.92
공공기관,청주시시설관리공단,28,28,0,100
공공기관,축산물품질평가원,14,14,0,100
공공기관,춘천도시공사,22,21,1,95.45
공공기관,춘천문화재단,2,2,0,100
공공기관,충북개발공사,7,7,0,100
공공기관,충주시시설관리공단,27,27,0,100
공공기관,충청남도개발공사,187,186,1,99.47
공공기관,태권도진흥재단,2,2,0,100
공공기관,평택도시공사,37,37,0,100
공공기관,포천화도고속도로주식회사,39,37,2,94.87
공공기관,포항시시설관리공단,42,42,0,100
공공기관,하남도시공사,145,140,5,96.55
공공기관,학교법인한국폴리텍,44,42,2,95.45
공공기관,한국가스공사,345,345,0,100
공공기관,한국가스기술공사,36,36,0,100
공공기관,한국가스안전공사,192,190,2,98.96
공공기관,한국개발연구원,51,51,0,100
공공기관,한국거래소,3724,3723,1,99.97
공공기관,한국건강가정진흥원,42,42,0,100
공공기관,한국건설생활환경시험연구원,65,65,0,100
공공기관,한국고용정보원,59,57,2,96.61
공공기관,한국고전번역원,9,9,0,100
공공기관,한국공정거래조정원,663,663,0,100
공공기관,한국공항공사,169,169,0,100
공공기관,한국과학기술기획평가원,45,45,0,100
공공기관,한국과학기술연구원,15,15,0,100
공공기관,한국과학기술원,55,55,0,100
공공기관,한국과학기술원부설고등과학원,13,13,0,100
공공기관,한국과학창의재단,35,32,3,91.43
공공기관,한국관광공사,47,47,0,100
공공기관,한국광해광업공단,37,37,0,100
공공기관,한국교육개발원,41,41,0,100
공공기관,한국교육과정평가원,36,36,0,100
공공기관,한국교육학술정보원,27,27,0,100
공공기관,한국교직원공제회,16,16,0,100
공공기관,한국교통안전공단,340,340,0,100
공공기관,한국국제교류재단,36,36,0,100
공공기관,한국국제협력단,34,34,0,100
공공기관,한국국토정보공사,129,129,0,100
공공기관,한국기계전기전자시험연구원,292,291,1,99.66
공공기관,한국기술교육대학교,18,18,0,100
공공기관,한국남동발전,17,17,0,100
공공기관,한국남부발전,6,4,2,66.67
공공기관,한국농수산식품유통공사,18,18,0,100
공공기관,한국농어촌공사,1060,1001,59,94.43
공공기관,한국농업기술진흥원,11,11,0,100
공공기관,한국농촌경제연구원,2,1,1,50
공공기관,한국도로공사,2381,2372,9,99.62
공공기관,한국도로공사서비스(주),843,839,4,99.53
공공기관,한국도박문제예방치유원,4,4,0,100
공공기관,한국도자재단,43,43,0,100
공공기관,한국동서발전,43,43,0,100
공공기관,한국로봇산업진흥원,21,21,0,100
공공기관,한국마사회,20,20,0,100
공공기관,한국무역보험공사,28,28,0,100
공공기관,한국문학번역원,7,7,0,100
공공기관,한국문화관광연구원,5,5,0,100
공공기관,한국문화예술교육진흥원,9,9,0,100
공공기관,한국문화예술위원회,38,36,2,94.74
공공기관,한국문화재재단,23,21,2,91.3
공공기관,한국방송광고진흥공사,44,44,0,100
공공기관,한국방송통신전파진흥원,50,50,0,100
공공기관,한국법무보호복지공단,67,67,0,100
공공기관,한국법제연구원,15,15,0,100
공공기관,한국벤처투자,5,5,0,100
공공기관,한국보건복지인재원,32,32,0,100
공공기관,한국보건사회연구원,6,6,0,100
공공기관,한국보건산업진흥원,31,31,0,100
공공기관,한국보건의료연구원,37,37,0,100
공공기관,한국보건의료인국가시험원,56,56,0,100
공공기관,한국보훈복지의료공단,92,92,0,100
공공기관,한국부동산원,251,240,11,95.62
공공기관,한국사학진흥재단,9,9,0,100
공공기관,한국사회보장정보원,26,26,0,100
공공기관,한국사회적기업진흥원,18,18,0,100
공공기관,한국산림복지진흥원,40,40,0,100
공공기관,한국산업기술시험원,40,35,5,87.5
공공기관,한국산업기술진흥원,41,41,0,100
공공기관,한국산업기술평가관리원,7,5,2,71.43
공공기관,한국산업단지공단,85,85,0,100
공공기관,한국산업안전보건공단,2622,2263,359,86.31
공공기관,한국산업은행,41,41,0,100
공공기관,한국산업인력공단,6612,6599,13,99.8
공공기관,한국생산기술연구원,8,8,0,100
공공기관,한국서부발전(주),13,13,0,100
공공기관,한국석유공사,33,33,0,100
공공기관,한국석유관리원,48,48,0,100
공공기관,한국세라믹기술원,24,24,0,100
공공기관,한국소방산업기술원,27,27,0,100
공공기관,한국소방안전원,48,48,0,100
공공기관,한국소비자원,5592,5581,11,99.8
공공기관,한국수력원자력(주),76,75,1,98.68
공공기관,한국수목원정원관리원,38,38,0,100
공공기관,한국수산자원공단,13,13,0,100
공공기관,한국수자원공사,439,434,5,98.86
공공기관,한국수출입은행,35,35,0,100
공공기관,한국승강기안전공단,234,233,1,99.57
공공기관,한국식품안전관리인증원,180,180,0,100
공공기관,한국식품연구원,5,5,0,100
공공기관,한국식품연구원부설세계김치연구소,1,1,0,100
공공기관,한국양성평등교육진흥원,7,7,0,100
공공기관,한국언론진흥재단,14,14,0,100
공공기관,한국에너지공단,145,139,6,95.86
공공기관,한국에너지기술평가원,46,46,0,100
공공기관,한국에너지재단,9,7,2,77.78
공공기관,한국여성인권진흥원,20,20,0,100
공공기관,한국영상자료원,20,20,0,100
공공기관,한국예탁결제원,23,23,0,100
공공기관,한국우편사업진흥원,49,49,0,100
공공기관,한국원자력안전기술원,16,16,0,100
공공기관,한국원자력연구원,6,6,0,100
공공기관,한국원자력의학원,2,2,0,100
공공기관,한국원자력통제기술원,18,18,0,100
공공기관,한국원자력환경공단,20,20,0,100
공공기관,한국은행,115,114,1,99.13
공공기관,한국의료기기안전정보원,185,175,10,94.59
공공기관,한국의료분쟁조정중재원,202,201,1,99.5
공공기관,한국의약품안전관리원,18,18,0,100
공공기관,한국인터넷진흥원,1140,1136,4,99.65
공공기관,한국임업진흥원,11,11,0,100
공공기관,한국자산관리공사,665,665,0,100
공공기관,한국자활복지개발원,26,26,0,100
공공기관,한국잡월드,6,6,0,100
공공기관,한국장애인고용공단,171,171,0,100
공공기관,한국장학재단,65,65,0,100
공공기관,한국재료연구원,3,2,1,66.67
공공기관,한국재정정보원,90,90,0,100
공공기관,한국저작권보호원,54,54,0,100
공공기관,한국저작권위원회,55,54,1,98.18
공공기관,한국전기안전공사,136,135,1,99.26
공공기관,한국전력거래소,13,11,2,84.62
공공기관,한국전력공사,5899,5612,287,95.13
공공기관,한국정보통신진흥협회,948,675,273,71.2
공공기관,한국제품안전관리원,1972,1514,458,76.77
공공기관,한국조폐공사,18,18,0,100
공공기관,한국주택금융공사,120,105,15,87.5
공공기관,한국중부발전주식회사,13,12,1,92.31
공공기관,한국지능정보사회진흥원,58,57,1,98.28
공공기관,한국지식재산보호원,606,600,6,99.01
공공기관,한국지역난방공사,90,89,1,98.89
공공기관,한국직업능력연구원,12,12,0,100
공공기관,한국천문연구원,12,12,0,100
공공기관,한국철도공사,3197,3028,169,94.71
공공기관,한국철도기술연구원,2,2,0,100
공공기관,한국청소년상담복지개발원,4,4,0,100
공공기관,한국청소년활동진흥원,5,4,1,80
공공기관,한국체육산업개발주식회사,56,53,3,94.64
공공기관,한국출판문화산업진흥원,50,45,5,90
공공기관,한국콘텐츠진흥원,363,361,2,99.45
공공기관,한국토지주택공사,45262,45239,23,99.95
공공기관,한국통신사업자연합회,3200,3181,19,99.41
공공기관,한국학중앙연구원,10,10,0,100
공공기관,한국항공우주연구원,7,7,0,100
공공기관,한국항로표지기술원,19,19,0,100
공공기관,한국항만협회,7,7,0,100
공공기관,한국해양과학기술원,9,9,0,100
공공기관,한국해양교통안전공단,44,44,0,100
공공기관,한국해양수산연수원,18,18,0,100
공공기관,한국해양조사협회,3,3,0,100
공공기관,한국해양진흥공사,24,24,0,100
공공기관,한국형사·법무정책연구원,32,29,3,90.63
공공기관,한국화학융합시험연구원,1422,1421,1,99.93
공공기관,한국환경공단,442,442,0,100
공공기관,한국환경보전원,26,26,0,100
공공기관,한국환경산업기술원,694,634,60,91.35
공공기관,한국환경연구원,13,13,0,100
공공기관,한국희귀의약품센터,2,2,0,100
공공기관,한식진흥원,5,5,0,100
공공기관,한전KDN,34,34,0,100
공공기관,한전KPS(주),20,19,1,95
공공기관,해양환경공단,11,11,0,100
공공기관,화성광주고속도로주식회사,34,34,0,100
공공기관,화성도시공사,292,292,0,100
공공기관,화성시여성가족청소년재단,7,7,0,100
고등교육기관,가천대학교,7,7,0,100
고등교육기관,가톨릭대학교,10,10,0,100
고등교육기관,강릉원주대학교,16,16,0,100
고등교육기관,강원대학교,55,51,4,92.73
고등교육기관,건국대학교,11,11,0,100
고등교육기관,경기대학교,6,6,0,100
고등교육기관,경남정보대학교,4,4,0,100
고등교육기관,경북대학교,81,80,1,98.77
고등교육기관,경상국립대학교,50,49,1,98
고등교육기관,경운대학교,6,6,0,100
고등교육기관,경인교육대학교,20,20,0,100
고등교육기관,경희대학교,62,62,0,100
고등교육기관,계명문화대학교,10,10,0,100
고등교육기관,고신대학교,7,7,0,100
고등교육기관,공주교육대학교,11,11,0,100
고등교육기관,공주대학교,34,32,2,94.12
고등교육기관,광주교육대학교,12,12,0,100
고등교육기관,군산대학교,7,7,0,100
고등교육기관,금오공과대학교,12,12,0,100
고등교육기관,대구교육대학교,4,4,0,100
고등교육기관,대구대학교,9,9,0,100
고등교육기관,대림대학교,6,6,0,100
고등교육기관,대전보건대학교,5,5,0,100
고등교육기관,동국대학교,21,21,0,100
고등교육기관,동서울대학교,9,9,0,100
고등교육기관,동의과학대학교,8,8,0,100
고등교육기관,마산대학교,5,5,0,100
고등교육기관,명지전문대학,4,2,2,50
고등교육기관,목원대학교,12,12,0,100
고등교육기관,목포대학교,16,16,0,100
고등교육기관,목포해양대학교,23,23,0,100
고등교육기관,백석대학교,22,22,0,100
고등교육기관,부경대학교,26,26,0,100
고등교육기관,부산교육대학교,13,13,0,100
고등교육기관,부산대학교,26,25,1,96.15
고등교육기관,부산외국어대학교,6,6,0,100
고등교육기관,부천대학교,5,5,0,100
고등교육기관,서영대학교,2,2,0,100
고등교육기관,서울과학기술대학교,14,13,1,92.86
고등교육기관,서울교육대학교,8,6,2,75
고등교육기관,서울대학교,50,50,0,100
고등교육기관,서원대학교,5,5,0,100
고등교육기관,수원과학대학교,7,7,0,100
고등교육기관,숙명여자대학교,3,3,0,100
고등교육기관,순천대학교,14,14,0,100
고등교육기관,숭실대학교,3,3,0,100
고등교육기관,신한대학교,6,6,0,100
고등교육기관,안동대학교,9,9,0,100
고등교육기관,안산대학교,32,32,0,100
고등교육기관,영남대학교,10,10,0,100
고등교육기관,우송정보대학,7,7,0,100
고등교육기관,원광대학교,13,13,0,100
고등교육기관,유한대학교,22,21,1,95.45
고등교육기관,인천대학교,24,24,0,100
고등교육기관,인하공업전문대학,9,9,0,100
고등교육기관,전남대학교,57,55,2,96.49
고등교육기관,전북대학교,45,44,1,97.78
고등교육기관,전주교육대학교,8,8,0,100
고등교육기관,중앙대학교,14,14,0,100
고등교육기관,진주교육대학교,6,6,0,100
고등교육기관,창원대학교,8,8,0,100
고등교육기관,청운대학교,6,6,0,100
고등교육기관,청주교육대학교,5,5,0,100
고등교육기관,춘천교육대학교,12,12,0,100
고등교육기관,충남대학교,43,42,1,97.67
고등교육기관,충북대학교,35,34,1,97.14
고등교육기관,평택대학교,17,17,0,100
고등교육기관,한경국립대학교,13,13,0,100
고등교육기관,한국교원대학교,17,17,0,100
고등교육기관,한국교통대학교,4,4,0,100
고등교육기관,한국방송통신대학교,47,47,0,100
고등교육기관,한국체육대학교,7,7,0,100
고등교육기관,한국해양대학교,22,22,0,100
고등교육기관,한림대학교,10,10,0,100
고등교육기관,한밭대학교,5,5,0,100
고등교육기관,한세대학교,9,9,0,100
고등교육기관,한양대학교,8,6,2,75
고등교육기관,한양여자대학교,7,7,0,100
고등교육기관,호원대학교,3,3,0,100
고등교육기관,홍익대학교,7,7,0,100
헌법기관,감사원,1929,1465,464,75.95
헌법기관,법원행정처(대법원),6056,5681,375,93.81
헌법기관,중앙선거관리위원회,487,475,12,97.54
헌법기관,헌법재판소,971,969,2,99.79
