청원번호,대,청원명,청원인,소개의원,접수일자,위원회회부일,소관위,의안구분,상세보기URL,상세보기URL2
2100182,21,"전이성 삼중음성 유방암, 유방암 4기 항암제 신약인 트로델비의 신속한 건강보험 적용에 관한 청원","정재훈외 50,992인",국민동의청원,2024-01-15,2024-01-15,보건복지위원회,계류의안,https://likms.assembly.go.kr/bill/billDetail.do?billId=PRC_J2D4S0D1B1N5Z1C6R1E2N1X2J6N3R6,https://likms.assembly.go.kr/bill/billDetail.do?billId=PRC_J2D4S0D1B1N5Z1C6R1E2N1X2J6N3R6
2100181,21,주식백지신탁 직무관련성 심사결과 공개를 위한 공직자윤리법 일부개정법률안에 관한 청원,김성달,박주민의원,2024-01-10,2024-01-10,행정안전위원회,계류의안,https://likms.assembly.go.kr/bill/billDetail.do?billId=PRC_U2I4R0P1N1Y0L1A4D5P7R2V3E8H6A2,https://likms.assembly.go.kr/bill/billDetail.do?billId=PRC_U2I4R0P1N1Y0L1A4D5P7R2V3E8H6A2
2100180,21,청각장애인 문자통역 지원 전국 확대에 관한 청원,박원진,최혜영의원,2023-12-28,2023-12-28,보건복지위원회,계류의안,https://likms.assembly.go.kr/bill/billDetail.do?billId=PRC_P2I3P1T2I2J8N1G6D1V1P2Z5L4B4V7,https://likms.assembly.go.kr/bill/billDetail.do?billId=PRC_P2I3P1T2I2J8N1G6D1V1P2Z5L4B4V7
2100179,21,"서민의 주거생활 안정을 도모하기 위한 비아파트 주거시설, 다세대, 도시형 생활주택, 다가구 등의 공동주택과 오피스텔, 생활숙박시설 등 준주택의 규제완화 요구에 관한 청원","장교진외 50,788인",국민동의청원,2023-12-16,2023-12-18,국토교통위원회,계류의안,https://likms.assembly.go.kr/bill/billDetail.do?billId=PRC_A2S3C1K2O1D8I1E5H1U1D2M7N7Z6B1,https://likms.assembly.go.kr/bill/billDetail.do?billId=PRC_A2S3C1K2O1D8I1E5H1U1D2M7N7Z6B1
2100178,21,독도 수호 대책 강화를 위한 예산 증액 및 인원 확충에 관한 청원,"최소연외 50,075인",국민동의청원,2023-12-08,2023-12-08,행정안전위원회,계류의안,https://likms.assembly.go.kr/bill/billDetail.do?billId=PRC_S2I3V1W2O0K8Q1A0V3H9Z3Z5O1Q6F8,https://likms.assembly.go.kr/bill/billDetail.do?billId=PRC_S2I3V1W2O0K8Q1A0V3H9Z3Z5O1Q6F8
2100177,21,독도의 날 법정 기념일 지정 요청에 관한 청원,"김수영외 53,227인",국민동의청원,2023-12-05,2023-12-06,행정안전위원회,계류의안,https://likms.assembly.go.kr/bill/billDetail.do?billId=PRC_O2W3W1D2K0K6B1S0O2I4L5V5I1E8J8,https://likms.assembly.go.kr/bill/billDetail.do?billId=PRC_O2W3W1D2K0K6B1S0O2I4L5V5I1E8J8
2100176,21,불법 무차입 공매도가 의심되는 국내 증권사에 대한 전수조사 요청 및 공매도제도 중단기간 내 반드시 개혁해야 할 사항에 관한 청원,"강창민외 50,158인",국민동의청원,2023-12-05,2023-12-05,정무위원회,계류의안,https://likms.assembly.go.kr/bill/billDetail.do?billId=PRC_F2C3W1M2G0L5R0K9T2P4F2R3C3K1A5,https://likms.assembly.go.kr/bill/billDetail.do?billId=PRC_F2C3W1M2G0L5R0K9T2P4F2R3C3K1A5
2100175,21,「수원전투비행장화성시 이전 반대」 및 김진표 국회의장 대표발의 「수원 군공항 이전 및 경기남부통합국제공항 건설을 위한 특별법」 폐지에 관한 청원,"홍진선외 32,666인",송옥주의원,2023-12-04,2023-12-04,국토교통위원회,계류의안,https://likms.assembly.go.kr/bill/billDetail.do?billId=PRC_I2I3T1J2Q0T4F1P5D3K0K5Z0Y7W9L3,https://likms.assembly.go.kr/bill/billDetail.do?billId=PRC_I2I3T1J2Q0T4F1P5D3K0K5Z0Y7W9L3
2100174,21,공공기관의 민주적 운영과 공공성 강화를 위해 공공기관운영법 개정 및 민영화금지법 제정에 관한 청원,"배동산외 52,771인",국민동의청원,2023-11-29,2023-11-29,기획재정위원회,계류의안,https://likms.assembly.go.kr/bill/billDetail.do?billId=PRC_I2Z3J1V1B2W9U1S5N1X7T2T8K8N7U1,https://likms.assembly.go.kr/bill/billDetail.do?billId=PRC_I2Z3J1V1B2W9U1S5N1X7T2T8K8N7U1
2100173,21,위성정당 창당 방지 및 완전 연동형 비례대표제 도입 등을 위한 「공직선거법 일부개정 법률안」에 관한 청원,이상수외 42인,이용선의원,2023-11-23,2023-11-23,행정안전위원회,계류의안,https://likms.assembly.go.kr/bill/billDetail.do?billId=PRC_E2O3O1S1T2H3M1J6V2B0I4Z3L8J7N6,https://likms.assembly.go.kr/bill/billDetail.do?billId=PRC_E2O3O1S1T2H3M1J6V2B0I4Z3L8J7N6
2100172,21,진주시 편의점 여성 아르바이트생을 무차별적으로 폭행한 20대 남성의 강력처벌과 신상공개 촉구에 관한 청원,"송시훈외 50,834인",국민동의청원,2023-11-22,2023-11-22,법제사법위원회,계류의안,https://likms.assembly.go.kr/bill/billDetail.do?billId=PRC_N2X3N1B1C2D2T1U4A1F2X3K6R8D1M8,https://likms.assembly.go.kr/bill/billDetail.do?billId=PRC_N2X3N1B1C2D2T1U4A1F2X3K6R8D1M8
2100171,21,농민기본법(농업·농촌 및 식품산업 기본법 전부개정법률안)에 관한 청원,하원오,강성희의원,2023-11-21,2023-11-21,농림축산식품해양수산위원회,계류의안,https://likms.assembly.go.kr/bill/billDetail.do?billId=PRC_C2S3B1U1M2V1B1K7G2P4R0R9U9F0Y8,https://likms.assembly.go.kr/bill/billDetail.do?billId=PRC_C2S3B1U1M2V1B1K7G2P4R0R9U9F0Y8
2100170,21,한시적 공매도 금지 및 공매도 제도 개선 후 재개에 관한 청원,"유형우외 50,429인",국민동의청원,2023-11-18,2023-11-20,정무위원회,계류의안,https://likms.assembly.go.kr/bill/billDetail.do?billId=PRC_B2J3V1O1X2K0L1Y0M3B6D5U9P2N7W6,https://likms.assembly.go.kr/bill/billDetail.do?billId=PRC_B2J3V1O1X2K0L1Y0M3B6D5U9P2N7W6
2100169,21,"늘봄 비교과 교사 체제, 늘봄 특별법 추진 중단에 관한 청원","이기백외 52,860인",국민동의청원,2023-11-15,2023-11-16,교육위원회,계류의안,https://likms.assembly.go.kr/bill/billDetail.do?billId=PRC_N2X3E1J1H1Q6J1C4A5K1N5R5P3K8H7,https://likms.assembly.go.kr/bill/billDetail.do?billId=PRC_N2X3E1J1H1Q6J1C4A5K1N5R5P3K8H7
2100168,21,철도안전을 위협할 ‘철도산업발전기본법 제38조 개정안’ 논의 중단 요청에 관한 청원,"홍영희외 50,000인",국민동의청원,2023-11-05,2023-11-06,국토교통위원회,계류의안,https://likms.assembly.go.kr/bill/billDetail.do?billId=PRC_H2V3A1D1V0Z6U1B4L3O8T0Y7S8R2C5,https://likms.assembly.go.kr/bill/billDetail.do?billId=PRC_H2V3A1D1V0Z6U1B4L3O8T0Y7S8R2C5
2100167,21,의료민영화의 신호탄이 될 수 있는 보험업법 개정안에 관한 청원,"김우신외 50,000인",국민동의청원,2023-11-05,2023-11-06,정무위원회,계류의안,https://likms.assembly.go.kr/bill/billDetail.do?billId=PRC_M2I3N1T1J0L6H1M4G3E4E0G0T6G5T5,https://likms.assembly.go.kr/bill/billDetail.do?billId=PRC_M2I3N1T1J0L6H1M4G3E4E0G0T6G5T5
2100166,21,유방암 치료제 투카티닙 국내 승인 요청에 관한 청원,"홍가영외 50,000인",국민동의청원,2023-11-01,2023-11-01,보건복지위원회,계류의안,https://likms.assembly.go.kr/bill/billDetail.do?billId=PRC_P2L3D1M1H0Z1X1I7R1L5I2D6V2H3X6,https://likms.assembly.go.kr/bill/billDetail.do?billId=PRC_P2L3D1M1H0Z1X1I7R1L5I2D6V2H3X6
2100165,21,"윤석열 대통령의 대선공약인 불법 공매도 개선의 즉각 시행과 국회와 감사원의 금감원, 금융위, 한국거래소 감사 요청에 관한 청원","서경호외 50,000인",국민동의청원,2023-10-30,2023-10-30,정무위원회,계류의안,https://likms.assembly.go.kr/bill/billDetail.do?billId=PRC_F2C3B1V0J3S0Q1G5L0B2B1Z1W8Q0U3,https://likms.assembly.go.kr/bill/billDetail.do?billId=PRC_F2C3B1V0J3S0Q1G5L0B2B1Z1W8Q0U3
2100164,21,철도 민영화 반대에 관한 청원,"이미순외 50,000인",국민동의청원,2023-10-16,2023-10-17,국토교통위원회,계류의안,https://likms.assembly.go.kr/bill/billDetail.do?billId=PRC_Y2G3Z1Y0D1C7C0D9Y5U1C2F6O4R2W9,https://likms.assembly.go.kr/bill/billDetail.do?billId=PRC_Y2G3Z1Y0D1C7C0D9Y5U1C2F6O4R2W9
2100163,21,증권시장의 안정성 및 공정성 유지를 위한 공매도 제도 개선에 관한 청원,"최재혁외 50,000인",국민동의청원,2023-10-12,2023-10-13,정무위원회,계류의안,https://likms.assembly.go.kr/bill/billDetail.do?billId=PRC_K2N3I1B0Y1F3K1I0T4J9Q0I3Q0J9T8,https://likms.assembly.go.kr/bill/billDetail.do?billId=PRC_K2N3I1B0Y1F3K1I0T4J9Q0I3Q0J9T8
2100162,21,교원 등의 연수에 관한 규정 제18조부터 제23조까지 교원능력개발평가 폐지에 관한 청원,"최연선외 50,000인",국민동의청원,2023-10-12,2023-10-13,교육위원회,계류의안,https://likms.assembly.go.kr/bill/billDetail.do?billId=PRC_H2Z3Y1Z0K1L3T1O0N4W8U5U6E0L4D5,https://likms.assembly.go.kr/bill/billDetail.do?billId=PRC_H2Z3Y1Z0K1L3T1O0N4W8U5U6E0L4D5
2100161,21,게임물 사전심의의무 폐지 청원의 심사요청에 관한 청원,"백승우외 50,000인",국민동의청원,2023-10-12,2023-10-13,문화체육관광위원회,계류의안,https://likms.assembly.go.kr/bill/billDetail.do?billId=PRC_A2M3Q1Z0C1K3U1Y0X4J8Q4K5U1R2O8,https://likms.assembly.go.kr/bill/billDetail.do?billId=PRC_A2M3Q1Z0C1K3U1Y0X4J8Q4K5U1R2O8
2100160,21,생명안전기본법 제정에 관한 청원,"김순길외 50,000인",국민동의청원,2023-09-28,2023-10-04,행정안전위원회,계류의안,https://likms.assembly.go.kr/bill/billDetail.do?billId=PRC_G2W3N1K0F0M4Y1A5J3S9Y2W5J8A1U4,https://likms.assembly.go.kr/bill/billDetail.do?billId=PRC_G2W3N1K0F0M4Y1A5J3S9Y2W5J8A1U4
2100159,21,학교폭력예방 및 대책에 관한 법률의 제2조 학교폭력 정의 개정에 관한 청원,"하은경외 50,000인",국민동의청원,2023-09-22,2023-09-22,교육위원회,계류의안,https://likms.assembly.go.kr/bill/billDetail.do?billId=PRC_D2B3D0L9I2W2Y1L5S2W5F2Q9N4S7L8,https://likms.assembly.go.kr/bill/billDetail.do?billId=PRC_D2B3D0L9I2W2Y1L5S2W5F2Q9N4S7L8
2100158,21,"국회 법사위에 윤석열 대통령, 한동훈 장관을 범죄자라고 주장하는 변희재 대표에 대한 증인 출석 요청에 관한 청원","임세은외 50,000인",국민동의청원,2023-09-20,2023-09-20,법제사법위원회,계류의안,https://likms.assembly.go.kr/bill/billDetail.do?billId=PRC_V2F3R0F9Y2W0S1T3R4N7R2Q7Q9M2N2,https://likms.assembly.go.kr/bill/billDetail.do?billId=PRC_V2F3R0F9Y2W0S1T3R4N7R2Q7Q9M2N2
2100157,21,노인장기요양보험법 개정에 관한 청원,김태경,한기호의원,2023-09-19,2023-09-19,보건복지위원회,계류의안,https://likms.assembly.go.kr/bill/billDetail.do?billId=PRC_O2O3I0C9N1L9H1G6U3D4R5Q8L8K7R0,https://likms.assembly.go.kr/bill/billDetail.do?billId=PRC_O2O3I0C9N1L9H1G6U3D4R5Q8L8K7R0
2100155,21,국민연금 수급개시연령과 연계한 정년연장을 위한 고령자고용법 및 관련 법률 개정에 관한 청원,"김동명외 50,000인",국민동의청원,2023-09-14,2023-09-14,환경노동위원회,계류의안,https://likms.assembly.go.kr/bill/billDetail.do?billId=PRC_M2M3D0X9A1H4M1X6N0K9V1H3A5J7C9,https://likms.assembly.go.kr/bill/billDetail.do?billId=PRC_M2M3D0X9A1H4M1X6N0K9V1H3A5J7C9
2100154,21,교원지위법에 교육활동의 법률적 근거 마련에 관한 청원,"김지성외 50,000인",국민동의청원,2023-09-13,2023-09-14,교육위원회,계류의안,https://likms.assembly.go.kr/bill/billDetail.do?billId=PRC_K2P3Q0K9A1H4X1R3R1L7H5Y4G0F1B0,https://likms.assembly.go.kr/bill/billDetail.do?billId=PRC_K2P3Q0K9A1H4X1R3R1L7H5Y4G0F1B0
2100153,21,교권 개념 명시 및 교권 보장을 위한 교육기본법 개정에 관한 청원,"김지성외 50,000인",국민동의청원,2023-09-09,2023-09-11,교육위원회,계류의안,https://likms.assembly.go.kr/bill/billDetail.do?billId=PRC_K2L3E0I9U1K1S1B4K3O0I4P8I8V7J7,https://likms.assembly.go.kr/bill/billDetail.do?billId=PRC_K2L3E0I9U1K1S1B4K3O0I4P8I8V7J7
2100152,21,전세사기에 이어 임대관리 사기까지! 더 이상은 안됩니다에 관한 청원,구성진,최인호의원,2023-08-28,2023-08-28,국토교통위원회,계류의안,https://likms.assembly.go.kr/bill/billDetail.do?billId=PRC_G2Q3N0R8T2F8R1N5O4Q1N0X8S7H2C8,https://likms.assembly.go.kr/bill/billDetail.do?billId=PRC_G2Q3N0R8T2F8R1N5O4Q1N0X8S7H2C8
2100151,21,해병대 故채수근 상병 사망 사건 진상규명을 위한 국정조사 실시에 관한 청원,"김**외 50,000인",국민동의청원,2023-08-26,2023-08-28,국방위원회,계류의안,https://likms.assembly.go.kr/bill/billDetail.do?billId=PRC_C2D3E0J8Z2R8V1T1B2P1C5G7L2A3A2,https://likms.assembly.go.kr/bill/billDetail.do?billId=PRC_C2D3E0J8Z2R8V1T1B2P1C5G7L2A3A2
2100150,21,10·29이태원참사 피해자 권리보장과 진상규명 및 재발방지를 위한 특별법안 제정에 관한 청원,"김덕진외 78,467인",남인순의원외 4인,2023-08-21,2023-08-21,행정안전위원회,계류의안,https://likms.assembly.go.kr/bill/billDetail.do?billId=PRC_V2P3A0Q8I2U1P1L6I5R3J4Y0L2Z4A3,https://likms.assembly.go.kr/bill/billDetail.do?billId=PRC_V2P3A0Q8I2U1P1L6I5R3J4Y0L2Z4A3
2100149,21,공교육을 붕괴시킨 아동복지법 및 아동학대처벌법 연내 개정에 관한 청원,"김승현외 50,000인",국민동의청원,2023-08-20,2023-08-21,보건복지위원회,계류의안,https://likms.assembly.go.kr/bill/billDetail.do?billId=PRC_F2W3H0D8R2G1S1K0G2P2L0D1S8U1R7,https://likms.assembly.go.kr/bill/billDetail.do?billId=PRC_F2W3H0D8R2G1S1K0G2P2L0D1S8U1R7
2100148,21,초등학교 수업을 방해하는 학생을 즉시 분리시킬 수 있는 방법 마련에 관한 청원,"정호성외 50,000인",국민동의청원,2023-08-20,2023-08-21,교육위원회,계류의안,https://likms.assembly.go.kr/bill/billDetail.do?billId=PRC_D2N3C0Q8Q2A1R1M0O2J1H5M0R5F3U3,https://likms.assembly.go.kr/bill/billDetail.do?billId=PRC_D2N3C0Q8Q2A1R1M0O2J1H5M0R5F3U3
2100147,21,산업재해 예방과 구직자 알권리를 위한 직업안정법 개정에 관한 청원,김유승,용혜인의원,2023-08-11,2023-08-11,환경노동위원회,계류의안,https://likms.assembly.go.kr/bill/billDetail.do?billId=PRC_N2H3F0O8Z1A1G1X3W0N0A5J0F1M9Z1,https://likms.assembly.go.kr/bill/billDetail.do?billId=PRC_N2H3F0O8Z1A1G1X3W0N0A5J0F1M9Z1
2100146,21,검찰 특수활동비 의혹 진상규명을 위한 국정조사 및 특별검사 도입에 관한 청원,"김예찬외 50,000인",국민동의청원,2023-07-31,2023-07-31,법제사법위원회,계류의안,https://likms.assembly.go.kr/bill/billDetail.do?billId=PRC_P2F3W0O7O3O1R1B4O1T9O0E7X6J9D7,https://likms.assembly.go.kr/bill/billDetail.do?billId=PRC_P2F3W0O7O3O1R1B4O1T9O0E7X6J9D7
2100145,21,군무원의 국민기본권 보장 및 처우 개선을 위한 법률 개정에 관한 청원,"손**외 50,000인",국민동의청원,2023-07-24,2023-07-25,국방위원회,계류의안,https://likms.assembly.go.kr/bill/billDetail.do?billId=PRC_L2F3P0O7I2A5F1F3A2C8U2J1O0S8T7,https://likms.assembly.go.kr/bill/billDetail.do?billId=PRC_L2F3P0O7I2A5F1F3A2C8U2J1O0S8T7
2100144,21,부전-마산선 사고현장 복구와 중소기업 보호 위한 비용부담 문제 ‘중재’ 해결에 관한 청원,김주일,엄태영의원,2023-07-24,2023-07-24,국토교통위원회,계류의안,https://likms.assembly.go.kr/bill/billDetail.do?billId=PRC_Z2J3U0L7G2N4I1W7B1Q0E5X0G8A0T1,https://likms.assembly.go.kr/bill/billDetail.do?billId=PRC_Z2J3U0L7G2N4I1W7B1Q0E5X0G8A0T1
2100142,21,학교폭력법 개정 및 악의적인 아동학대신고로부터 교사 보호에 관한 청원,"이수민외 50,000인",국민동의청원,2023-07-23,2023-07-24,교육위원회,계류의안,https://likms.assembly.go.kr/bill/billDetail.do?billId=PRC_P2R3W0E7G2B4V1A3C3S9H3V2R0X8U7,https://likms.assembly.go.kr/bill/billDetail.do?billId=PRC_P2R3W0E7G2B4V1A3C3S9H3V2R0X8U7
2100139,21,중국인과 조선족 투표권 박탈 요청에 관한 청원,"우길영외 50,000인",국민동의청원,2023-07-11,2023-07-12,행정안전위원회,계류의안,https://likms.assembly.go.kr/bill/billDetail.do?billId=PRC_X2Z3A0N7T1R2W1K5H3O1M4E9W9A3F6,https://likms.assembly.go.kr/bill/billDetail.do?billId=PRC_X2Z3A0N7T1R2W1K5H3O1M4E9W9A3F6
2100138,21,생활동반자관계에 관한 법률안 반대에 관한 청원,"신효성외 50,000인",국민동의청원,2023-07-11,2023-07-12,법제사법위원회,계류의안,https://likms.assembly.go.kr/bill/billDetail.do?billId=PRC_N2F3B0Q7F1P2R1E5N2S6E2V5O3U9J4,https://likms.assembly.go.kr/bill/billDetail.do?billId=PRC_N2F3B0Q7F1P2R1E5N2S6E2V5O3U9J4
2100137,21,일본의 후쿠시마 방사성 오염수 해양 방출 관련 일본산 수산물 전면 수입금지 법 제정에 관한 청원,"노세극외 50,000인",국민동의청원,2023-07-11,2023-07-12,보건복지위원회,계류의안,https://likms.assembly.go.kr/bill/billDetail.do?billId=PRC_H2T3B0H7U1X1B1L7M0N1P2L9D7L8Y6,https://likms.assembly.go.kr/bill/billDetail.do?billId=PRC_H2T3B0H7U1X1B1L7M0N1P2L9D7L8Y6
2100136,21,아동안전 관련 아동복지법 개정안 통과 촉구에 관한 청원,김성아외 481인,김상희의원,2023-06-29,2023-06-29,보건복지위원회,계류의안,https://likms.assembly.go.kr/bill/billDetail.do?billId=PRC_X2S3U0H6K2N9T1G0D5T5I4Z0J9A3I1,https://likms.assembly.go.kr/bill/billDetail.do?billId=PRC_X2S3U0H6K2N9T1G0D5T5I4Z0J9A3I1
2100135,21,"사전투표 폐지, 전자개표기 사용금지 등 선거제도 개선에 관한 청원","오상종외 50,000인",국민동의청원,2023-06-16,2023-06-16,행정안전위원회,계류의안,https://likms.assembly.go.kr/bill/billDetail.do?billId=PRC_G2W3D0X6Z1H6Q1W1D1D0N2D5M7O0Q4,https://likms.assembly.go.kr/bill/billDetail.do?billId=PRC_G2W3D0X6Z1H6Q1W1D1D0N2D5M7O0Q4
2100134,21,유엔 강제실종방지협약 국내 이행법안에 관한 청원,신희석,유상범의원,2023-06-01,2023-06-01,법제사법위원회,계류의안,https://likms.assembly.go.kr/bill/billDetail.do?billId=PRC_M2R3W0K6G0Q1P1D7V1K2E2T1S0R0D4,https://likms.assembly.go.kr/bill/billDetail.do?billId=PRC_M2R3W0K6G0Q1P1D7V1K2E2T1S0R0D4
2100133,21,치매관리법을 치매 및 퇴행성뇌질환 관리법으로 전부 개정에 관한 청원,공덕구외 36인,강은미의원외 4인,2023-05-26,2023-05-26,보건복지위원회,계류의안,https://likms.assembly.go.kr/bill/billDetail.do?billId=PRC_B2H3H0R5Q2P6F1O3H3M9Y1G8O1M6Q9,https://likms.assembly.go.kr/bill/billDetail.do?billId=PRC_B2H3H0R5Q2P6F1O3H3M9Y1G8O1M6Q9
2100132,21,"초기업, 산별 교섭 활성화 입법에 관한 청원","양경수외 50,000인",국민동의청원,2023-05-23,2023-05-23,환경노동위원회,계류의안,https://likms.assembly.go.kr/bill/billDetail.do?billId=PRC_R2W3I0R5T2F3G1W4Z3O7B2F6H0A3C4,https://likms.assembly.go.kr/bill/billDetail.do?billId=PRC_R2W3I0R5T2F3G1W4Z3O7B2F6H0A3C4
2100131,21,접경지역 군사시설보호구역 등의 규제완화를 위한 입법 등에 관한 청원,박상진,송기헌의원,2023-05-02,2023-05-02,국방위원회,계류의안,https://likms.assembly.go.kr/bill/billDetail.do?billId=PRC_Z2Y3I0Y5Q0F2A1B5Q1V0N4X6Q4Y4U2,https://likms.assembly.go.kr/bill/billDetail.do?billId=PRC_Z2Y3I0Y5Q0F2A1B5Q1V0N4X6Q4Y4U2
2100129,21,AI 이미지 생성기의 무분별한 사용과 악용을 막기 위한 법적 규제에 관한 청원,"안성현외 50,000인",국민동의청원,2023-05-01,2023-05-02,문화체육관광위원회,계류의안,https://likms.assembly.go.kr/bill/billDetail.do?billId=PRC_Y2T3H0Y5L0V2V1G3U3Q2F2U4C3Z9G4,https://likms.assembly.go.kr/bill/billDetail.do?billId=PRC_Y2T3H0Y5L0V2V1G3U3Q2F2U4C3Z9G4
2100128,21,아동학대살인 가해자의 엄벌과 신상공개에 관한 청원,"최재형외 50,000인",국민동의청원,2023-04-27,2023-04-27,법제사법위원회,계류의안,https://likms.assembly.go.kr/bill/billDetail.do?billId=PRC_W2T3G0X4K2B7Y1L4Q4Y4L2N9D0Z7Z0,https://likms.assembly.go.kr/bill/billDetail.do?billId=PRC_W2T3G0X4K2B7Y1L4Q4Y4L2N9D0Z7Z0
2100127,21,중도금 가산금리 인하 및 시스템 개편에 관한 청원,"이수명외 50,000인",국민동의청원,2023-04-27,2023-04-27,정무위원회,계류의안,https://likms.assembly.go.kr/bill/billDetail.do?billId=PRC_X2P3X0W4Y2J7A1B4A4N4R2P2J0W7B8,https://likms.assembly.go.kr/bill/billDetail.do?billId=PRC_X2P3X0W4Y2J7A1B4A4N4R2P2J0W7B8
2100126,21,대규모 비영리체육시설에 안전기준을 적용하지 않는 체육시설법에 관한 청원,유아영,김예지의원,2023-04-27,2023-04-27,문화체육관광위원회,계류의안,https://likms.assembly.go.kr/bill/billDetail.do?billId=PRC_W2B3Z0E4C2J7R1P1J2E9X4T1R6L9E6,https://likms.assembly.go.kr/bill/billDetail.do?billId=PRC_W2B3Z0E4C2J7R1P1J2E9X4T1R6L9E6
2100125,21,"한전은 공기업, 송전시장 민영화 반대에 관한 청원","이미순외 50,000인",국민동의청원,2023-04-20,2023-04-21,산업통상자원중소벤처기업위원회,계류의안,https://likms.assembly.go.kr/bill/billDetail.do?billId=PRC_T2T3M0P4X2J1P0G9Z5T3F2P2I3T3S3,https://likms.assembly.go.kr/bill/billDetail.do?billId=PRC_T2T3M0P4X2J1P0G9Z5T3F2P2I3T3S3
2100124,21,12년간 당한 학교폭력에 관한 청원,"표예림외 50,000인",국민동의청원,2023-04-19,2023-04-19,법제사법위원회,계류의안,https://likms.assembly.go.kr/bill/billDetail.do?billId=PRC_L2T3N0B4D1J9Z1E5W1T3V3N5X9U2G8,https://likms.assembly.go.kr/bill/billDetail.do?billId=PRC_L2T3N0B4D1J9Z1E5W1T3V3N5X9U2G8
2100123,21,오렌지카운티 영사관 출장소 개설에 관한 청원,권석대,임종성의원,2023-04-06,2023-04-06,외교통일위원회,계류의안,https://likms.assembly.go.kr/bill/billDetail.do?billId=PRC_X2P3I0Y4P0T6V1Y7U5O0U0C5T9E1D9,https://likms.assembly.go.kr/bill/billDetail.do?billId=PRC_X2P3I0Y4P0T6V1Y7U5O0U0C5T9E1D9
2100122,21,10·29 이태원참사진상규명특별법 제정에 관한 청원,"이재근외 50,000인",국민동의청원,2023-04-03,2023-04-03,행정안전위원회,계류의안,https://likms.assembly.go.kr/bill/billDetail.do?billId=PRC_L2D3B0L4N0G3N1E6A2L4R5Y5D5B2E6,https://likms.assembly.go.kr/bill/billDetail.do?billId=PRC_L2D3B0L4N0G3N1E6A2L4R5Y5D5B2E6
2100121,21,한국 공인 중개사협회 법정단체화에 관한 청원,"주경식외 50,000인",국민동의청원,2023-03-18,2023-03-20,국토교통위원회,계류의안,https://likms.assembly.go.kr/bill/billDetail.do?billId=PRC_C2T3C0F3O2A0N1M3I3S8N2B8P1Q1U8,https://likms.assembly.go.kr/bill/billDetail.do?billId=PRC_C2T3C0F3O2A0N1M3I3S8N2B8P1Q1U8
2100120,21,사형폐지·대체형벌 입법화를 위한 청원,"김선태외 75,842인",이상민의원외 5인,2023-03-13,2023-03-13,법제사법위원회,계류의안,https://likms.assembly.go.kr/bill/billDetail.do?billId=PRC_W2T3B0L3T1S3J1Z6H1W1Y4R6A0M2P6,https://likms.assembly.go.kr/bill/billDetail.do?billId=PRC_W2T3B0L3T1S3J1Z6H1W1Y4R6A0M2P6
2100119,21,급발진 의심 사고 발생시 “결함 원인 입증책임 전환”  제조물책임법 개정에 관한 청원,"이상훈외 50,000인",국민동의청원,2023-02-28,2023-02-28,정무위원회,계류의안,https://likms.assembly.go.kr/bill/billDetail.do?billId=PRC_B2S3E0D2Z2K8C1O6K3F8H5R8S7J3R3,https://likms.assembly.go.kr/bill/billDetail.do?billId=PRC_B2S3E0D2Z2K8C1O6K3F8H5R8S7J3R3
2100118,21,폐암 치료제 ‘타그리소’의 1차 치료급여 요청에 관한 청원,"김은이외 50,000인",국민동의청원,2023-02-27,2023-02-27,보건복지위원회,계류의안,https://likms.assembly.go.kr/bill/billDetail.do?billId=PRC_I2A3R0Y2X2M7A0S9G2X6Z2T1K1P8R1,https://likms.assembly.go.kr/bill/billDetail.do?billId=PRC_I2A3R0Y2X2M7A0S9G2X6Z2T1K1P8R1
2100117,21,직업군인들의 처우개선에 관한 청원,"이**외 50,000인",국민동의청원,2023-02-24,2023-02-24,국방위원회,계류의안,https://likms.assembly.go.kr/bill/billDetail.do?billId=PRC_X2X3E0C2S2F4Q1Q6S4M8G5D5G1J7M0,https://likms.assembly.go.kr/bill/billDetail.do?billId=PRC_X2X3E0C2S2F4Q1Q6S4M8G5D5G1J7M0
2100116,21,고등교육 경쟁력 강화를 위한 사립대학구조개선법 제정에 관한 청원,정진택,이태규의원,2023-02-13,2023-02-13,교육위원회,계류의안,https://likms.assembly.go.kr/bill/billDetail.do?billId=PRC_A2S3M0S2U1L3J1B6M5J3L0F8W9U0U0,https://likms.assembly.go.kr/bill/billDetail.do?billId=PRC_A2S3M0S2U1L3J1B6M5J3L0F8W9U0U0
2100115,21,현실성 없는 유보통합 반대에 관한 청원,"김수아외 50,000인",국민동의청원,2023-02-05,2023-02-06,교육위원회,계류의안,https://likms.assembly.go.kr/bill/billDetail.do?billId=PRC_E2L3T0S2F0B6U1A4W5F1T3G2T6B2Q6,https://likms.assembly.go.kr/bill/billDetail.do?billId=PRC_E2L3T0S2F0B6U1A4W5F1T3G2T6B2Q6
2100114,21,"100% 연동형 비례대표제 도입, 위성정당 창당 방지를 위한 공직선거법 일부개정법률안에 관한 입법청원",김성달,이상민의원,2023-02-03,2023-02-03,정치개혁특별위원회,계류의안,https://likms.assembly.go.kr/bill/billDetail.do?billId=PRC_H2K3I0K2N0X3W1G4K5J9P2F9C9A7C6,https://likms.assembly.go.kr/bill/billDetail.do?billId=PRC_H2K3I0K2N0X3W1G4K5J9P2F9C9A7C6
2100113,21,유방암 치료제 엔허투의 건강보험 승인 촉구에 관한 청원,"임여정외 50,000인",국민동의청원,2023-02-03,2023-02-03,보건복지위원회,계류의안,https://likms.assembly.go.kr/bill/billDetail.do?billId=PRC_D2E3Z0G2B0U3O1Q1W1E8U0I5U6Z2C0,https://likms.assembly.go.kr/bill/billDetail.do?billId=PRC_D2E3Z0G2B0U3O1Q1W1E8U0I5U6Z2C0
2100111,21,군복무 휴가 중 지시에 의한 대민봉사자의 공상군경 인정 요청에 관한 청원,윤범석,이형석의원,2022-12-14,2022-12-14,정무위원회,계류의안,https://likms.assembly.go.kr/bill/billDetail.do?billId=PRC_S2B2E1W2Y1C4G1K0D5M2N4Y9J7W9E5,https://likms.assembly.go.kr/bill/billDetail.do?billId=PRC_S2B2E1W2Y1C4G1K0D5M2N4Y9J7W9E5
2100110,21,국가정보원이 입법예고한 국가사이버안보 기본법의 조속한 입법 처리에 관한 청원,최지영,윤상현의원,2022-12-12,2022-12-12,정보위원회,계류의안,https://likms.assembly.go.kr/bill/billDetail.do?billId=PRC_B2F2B1I2V1H2G1Q6M1Q2S0O4G0V2X8,https://likms.assembly.go.kr/bill/billDetail.do?billId=PRC_B2F2B1I2V1H2G1Q6M1Q2S0O4G0V2X8
2100109,21,연쇄 성범죄자 수원발발이 박○○의 퇴거를 강력히  촉구합니다에 관한 청원,"이**외 50,000인",국민동의청원,2022-12-05,2022-12-07,법제사법위원회,계류의안,https://likms.assembly.go.kr/bill/billDetail.do?billId=PRC_L2A2Z1R2S0S5F1U1H1B9L0U1B5N5Y8,https://likms.assembly.go.kr/bill/billDetail.do?billId=PRC_L2A2Z1R2S0S5F1U1H1B9L0U1B5N5Y8
2100107,21,XLH저인산혈증구루병 치료제 크리스비타의 신속 사용 승인에 관한 청원,"박순배외 50,000인",국민동의청원,2022-11-14,2022-11-14,보건복지위원회,계류의안,https://likms.assembly.go.kr/bill/billDetail.do?billId=PRC_O2V2N1J1Z1H4D1H5D3U6K1G2V3Q6A0,https://likms.assembly.go.kr/bill/billDetail.do?billId=PRC_O2V2N1J1Z1H4D1H5D3U6K1G2V3Q6A0
2100105,21,이태원 사고 관련 상황의 세금 사용에 관한 법률 개정에 관한 청원,"김초원외 50,000인",국민동의청원,2022-11-06,2022-11-07,행정안전위원회,계류의안,https://likms.assembly.go.kr/bill/billDetail.do?billId=PRC_G2R2C1A1Y0M7Q1Z1X2A2V1G8R6W2T7,https://likms.assembly.go.kr/bill/billDetail.do?billId=PRC_G2R2C1A1Y0M7Q1Z1X2A2V1G8R6W2T7
2100104,21,접근금지와 심신미약에 관한 법 강화에 관한 청원,"김가희외 50,000인",국민동의청원,2022-11-05,2022-11-07,법제사법위원회,계류의안,https://likms.assembly.go.kr/bill/billDetail.do?billId=PRC_P2B2K1K1J0D7X1S1J1D6N5Y1R1V6Z1,https://likms.assembly.go.kr/bill/billDetail.do?billId=PRC_P2B2K1K1J0D7X1S1J1D6N5Y1R1V6Z1
2100102,21,공무원연금 소득공백 해소 및 온전한 퇴직금 보장에 관한 청원,"석현정외 50,000인",국민동의청원,2022-10-20,2022-10-20,행정안전위원회,계류의안,https://likms.assembly.go.kr/bill/billDetail.do?billId=PRC_C2H2Q1X0Z2A0C1X5O5Y4G4Q1M8R5X4,https://likms.assembly.go.kr/bill/billDetail.do?billId=PRC_C2H2Q1X0Z2A0C1X5O5Y4G4Q1M8R5X4
2100101,21,"온라인, 패키지, 콘솔, 모바일 등 게임물에 대한 사전심의의무 폐지에 관한 청원","김민영외 50,000인",국민동의청원,2022-10-13,2022-10-14,문화체육관광위원회,계류의안,https://likms.assembly.go.kr/bill/billDetail.do?billId=PRC_I2O2N1C0O1N4G1O3A1Z4Q1P3F2C8B3,https://likms.assembly.go.kr/bill/billDetail.do?billId=PRC_I2O2N1C0O1N4G1O3A1Z4Q1P3F2C8B3
2100100,21,신규 석탄발전소 철회를 위한 탈석탄법 제정에 관한 청원,"이지언외 50,000인",국민동의청원,2022-09-29,2022-09-30,산업통상자원중소벤처기업위원회,계류의안,https://likms.assembly.go.kr/bill/billDetail.do?billId=PRC_K2A2R0G9U3N0Z1D4M0G1S3F5K6M4R7,https://likms.assembly.go.kr/bill/billDetail.do?billId=PRC_K2A2R0G9U3N0Z1D4M0G1S3F5K6M4R7
2100097,21,노인복지법의 개정에 관한 청원,서봉교,장동혁의원,2022-08-19,2022-08-19,보건복지위원회,계류의안,https://likms.assembly.go.kr/bill/billDetail.do?billId=PRC_L2G2W0O8K1U9S1F6E1T0O3P0C3L2R2,https://likms.assembly.go.kr/bill/billDetail.do?billId=PRC_L2G2W0O8K1U9S1F6E1T0O3P0C3L2R2
2100096,21,의료법상 간호사 정원 기준 개정에 관한 청원,"박시영외 50,000인",국민동의청원,2022-07-31,2022-08-01,보건복지위원회,계류의안,https://likms.assembly.go.kr/bill/billDetail.do?billId=PRC_W2T2J0T8K0P1D1F4Z4J1Q3R2H2N2Y6,https://likms.assembly.go.kr/bill/billDetail.do?billId=PRC_W2T2J0T8K0P1D1F4Z4J1Q3R2H2N2Y6
2100095,21,의료인 등의 정원기준 위반 의료기관 실태조사 실시에 관한 청원,"박시영외 50,000인",국민동의청원,2022-07-29,2022-08-01,보건복지위원회,계류의안,https://likms.assembly.go.kr/bill/billDetail.do?billId=PRC_K2I2M0B8H0G1D1N4L4I1O1R3B5D0X6,https://likms.assembly.go.kr/bill/billDetail.do?billId=PRC_K2I2M0B8H0G1D1N4L4I1O1R3B5D0X6
2100093,21,차별금지법 반대에 관한 청원,"조수민외 50,000인",국민동의청원,2022-07-11,2022-07-22,법제사법위원회,계류의안,https://likms.assembly.go.kr/bill/billDetail.do?billId=PRC_W2X2S0I7Z1S1G1C0R2X1W0X1R7Q9G4,https://likms.assembly.go.kr/bill/billDetail.do?billId=PRC_W2X2S0I7Z1S1G1C0R2X1W0X1R7Q9G4
2100091,21,동물은 물건이 아니다 민법 개정안 통과 촉구에 관한 청원,"신주운외 50,000인",국민동의청원,2022-06-20,2022-07-22,법제사법위원회,계류의안,https://likms.assembly.go.kr/bill/billDetail.do?billId=PRC_L2R2S0K6X2R2H1M5V1C2Y2K8B2B9F5,https://likms.assembly.go.kr/bill/billDetail.do?billId=PRC_L2R2S0K6X2R2H1M5V1C2Y2K8B2B9F5
2100090,21,"윤석열 당선자가 주장한 지역별, 업종별 최저임금 차등적용의 근거가 되는 최저임금법 제4조 조문 삭제 요청에 관한 청원","김수근외 50,000인",국민동의청원,2022-06-01,2022-07-22,환경노동위원회,계류의안,https://likms.assembly.go.kr/bill/billDetail.do?billId=PRC_T2S2K0I6X0F2K1X3A5W2Z5E1K1B5S0,https://likms.assembly.go.kr/bill/billDetail.do?billId=PRC_T2S2K0I6X0F2K1X3A5W2Z5E1K1B5S0
2100089,21,여성가족부 폐지 찬성 및 동의에 관한 청원,"배인규외 50,000인",국민동의청원,2022-05-22,2022-05-23,행정안전위원회,계류의안,https://likms.assembly.go.kr/bill/billDetail.do?billId=PRC_E2K2F0C5O2E3C1R3E1H4X2I4P7B5J3,https://likms.assembly.go.kr/bill/billDetail.do?billId=PRC_E2K2F0C5O2E3C1R3E1H4X2I4P7B5J3
2100088,21,중대범죄수사청 입법 조치 및 발족 시한의 법제화에 관한 청원,"최세라외 50,000인",국민동의청원,2022-05-16,2022-05-16,법제사법위원회,계류의안,https://likms.assembly.go.kr/bill/billDetail.do?billId=PRC_V2K2Q0Y5O1Q6N0W9R3V6C5A5Q9C0W5,https://likms.assembly.go.kr/bill/billDetail.do?billId=PRC_V2K2Q0Y5O1Q6N0W9R3V6C5A5Q9C0W5
2100085,21,전력 판매 시장 민간 개방 반대를 위한 전기사업법 개정에 관한 청원,"오준영외 50,000인",국민동의청원,2022-05-04,2022-05-04,산업통상자원중소벤처기업위원회,계류의안,https://likms.assembly.go.kr/bill/billDetail.do?billId=PRC_K2I2R0Y5H0M4T0O9S3P0H1G8I5Y3E1,https://likms.assembly.go.kr/bill/billDetail.do?billId=PRC_K2I2R0Y5H0M4T0O9S3P0H1G8I5Y3E1
2100084,21,건강기능식품에 관한 법률의 개정 및 제도 보완에 관한 청원,박춘식외 14인,전혜숙의원,2022-04-29,2022-04-29,보건복지위원회,계류의안,https://likms.assembly.go.kr/bill/billDetail.do?billId=PRC_B2L2L0B4Y2F9O1A5Z0X1E0H6D4S5E5,https://likms.assembly.go.kr/bill/billDetail.do?billId=PRC_B2L2L0B4Y2F9O1A5Z0X1E0H6D4S5E5
2100082,21,우크라이나-러시아 사태에 따른 재산권 제한의 보상에 관한 청원,강예정,이명수의원,2022-04-20,2022-04-21,정무위원회,계류의안,https://likms.assembly.go.kr/bill/billDetail.do?billId=PRC_R2M2Z0I4B2H0A1I6T0F5T5F3M5M2M6,https://likms.assembly.go.kr/bill/billDetail.do?billId=PRC_R2M2Z0I4B2H0A1I6T0F5T5F3M5M2M6
2100081,21,(가칭)신길유치원 설립 위치 변경에 관한 청원,이은주,김윤덕의원,2022-04-08,2022-04-08,교육위원회,계류의안,https://likms.assembly.go.kr/bill/billDetail.do?billId=PRC_E2K2A0P4H0K8D1O3H5Z7U2P5C4D4I0,https://likms.assembly.go.kr/bill/billDetail.do?billId=PRC_E2K2A0P4H0K8D1O3H5Z7U2P5C4D4I0
2100080,21,윤석열 당선자의 대장동 부산저축은행 부실수사 봐주기 의혹과 김건희의 주가조작 실체의 진상조사 확인을 위한 특검 요청에 관한 청원,"최광현외 50,000인",국민동의청원,2022-04-07,2022-04-07,법제사법위원회,계류의안,https://likms.assembly.go.kr/bill/billDetail.do?billId=PRC_J2O2A0Y4G0L7B1F3I3G2T5V5Q0Q5X8,https://likms.assembly.go.kr/bill/billDetail.do?billId=PRC_J2O2A0Y4G0L7B1F3I3G2T5V5Q0Q5X8
2100079,21,포괄적 차별금지법을 우회 입법하려는 국가인권위원회법 개정안 반대에 관한 청원,"전윤성외 50,000인",국민동의청원,2022-03-21,2022-03-21,국회운영위원회,계류의안,https://likms.assembly.go.kr/bill/billDetail.do?billId=PRC_Z2S2R0F3Q2O1P1V0R4K3P1X5F1N0M1,https://likms.assembly.go.kr/bill/billDetail.do?billId=PRC_Z2S2R0F3Q2O1P1V0R4K3P1X5F1N0M1
2100078,21,인권정책기본법안 제정 반대에 관한 청원,"장해욱외 50,000인",국민동의청원,2022-03-16,2022-03-17,법제사법위원회,계류의안,https://likms.assembly.go.kr/bill/billDetail.do?billId=PRC_C2G2A0X3E1I7E0H9L2Z6B5R5V8Q4J8,https://likms.assembly.go.kr/bill/billDetail.do?billId=PRC_C2G2A0X3E1I7E0H9L2Z6B5R5V8Q4J8
2100077,21,공직선거법 개정에 관한 청원,"신기훈외 50,000인",국민동의청원,2022-02-10,2022-07-22,행정안전위원회,계류의안,https://likms.assembly.go.kr/bill/billDetail.do?billId=PRC_E2Y2Q0G2B1D0P1G6D2T5M2Z4N3W6N3,https://likms.assembly.go.kr/bill/billDetail.do?billId=PRC_E2Y2Q0G2B1D0P1G6D2T5M2Z4N3W6N3
2100075,21,한국형PPP법의 2월 임시국회 처리에 관한 청원,경기석외 2인,김경만의원외 3인,2022-02-07,2022-02-07,기획재정위원회,계류의안,https://likms.assembly.go.kr/bill/billDetail.do?billId=PRC_B2U2Y0W2A0R7A1B1Y0M5W0O8Y1A3Q6,https://likms.assembly.go.kr/bill/billDetail.do?billId=PRC_B2U2Y0W2A0R7A1B1Y0M5W0O8Y1A3Q6
2100074,21,노점상 생계보호 특별법 제정에 관한 청원,"최영찬외 50,000인",국민동의청원,2022-01-20,2022-01-20,산업통상자원중소벤처기업위원회,계류의안,https://likms.assembly.go.kr/bill/billDetail.do?billId=PRC_G2T2W0G1F2F0F1S5Z3E7Q2N5D5W0N1,https://likms.assembly.go.kr/bill/billDetail.do?billId=PRC_G2T2W0G1F2F0F1S5Z3E7Q2N5D5W0N1
2100073,21,"돌봄의 국가책임을 규정하고, 110만 돌봄노동자들의 처우개선을 담은 돌봄기본법 제정에 관한 청원","김재연외 50,000인",국민동의청원,2022-01-19,2022-01-20,환경노동위원회,계류의안,https://likms.assembly.go.kr/bill/billDetail.do?billId=PRC_Y2L2V0K1X2K0B1H0C5X6Z2P9G1Z0G5,https://likms.assembly.go.kr/bill/billDetail.do?billId=PRC_Y2L2V0K1X2K0B1H0C5X6Z2P9G1Z0G5
2100072,21,농업·농촌·농민기본법에 관한 청원,"박흥식외 50,000인",국민동의청원,2022-01-19,2022-01-19,농림축산식품해양수산위원회,계류의안,https://likms.assembly.go.kr/bill/billDetail.do?billId=PRC_D2A2A0T1V1C9Y0V9A0C7H5K2A5V5P8,https://likms.assembly.go.kr/bill/billDetail.do?billId=PRC_D2A2A0T1V1C9Y0V9A0C7H5K2A5V5P8
2100071,21,22년 3월 대선에서 수개표 시행을 위한 공직선거법 개정에 관한 청원,"김한나외 100,000인",국민동의청원,2022-01-06,2022-07-22,행정안전위원회,계류의안,https://likms.assembly.go.kr/bill/billDetail.do?billId=PRC_V2B2X0Q1B0J6H1A4L5P0R4E8H8I2E0,https://likms.assembly.go.kr/bill/billDetail.do?billId=PRC_V2B2X0Q1B0J6H1A4L5P0R4E8H8I2E0
2100070,21,구금 중 수당 지급 중단을 위한 국회의원수당 등에 관한 법률 개정에 관한 청원,진영종,윤영덕의원,2021-12-15,2021-12-15,국회운영위원회,계류의안,https://likms.assembly.go.kr/bill/billDetail.do?billId=PRC_R2R1L1K2D1T5N1H4A0C2K1K2N7S1O8,https://likms.assembly.go.kr/bill/billDetail.do?billId=PRC_R2R1L1K2D1T5N1H4A0C2K1K2N7S1O8
2100069,21,국민의 실질적 청원권 보장을 위한 국회법과 국회청원심사규칙 개정에 관한 청원,진영종외 4인,박주민의원,2021-11-23,2021-11-23,국회운영위원회,계류의안,https://likms.assembly.go.kr/bill/billDetail.do?billId=PRC_P2I1O1F1E2F3N1Z4B2G9F5E8G7Q4X6,https://likms.assembly.go.kr/bill/billDetail.do?billId=PRC_P2I1O1F1E2F3N1Z4B2G9F5E8G7Q4X6
2100068,21,2021년산 쌀 30만톤 시장격리 실시에 관한 청원,"국영석외 3,034인",위성곤의원,2021-10-28,2021-10-28,농림축산식품해양수산위원회,계류의안,https://likms.assembly.go.kr/bill/billDetail.do?billId=PRC_Z2N1P1H0X2Z8G1Y6P2U9Y1Q3S7H4F7,https://likms.assembly.go.kr/bill/billDetail.do?billId=PRC_Z2N1P1H0X2Z8G1Y6P2U9Y1Q3S7H4F7
2100067,21,간호사 1인당 담당 환자 수 축소에 관한 청원,"현지현외 100,000인",국민동의청원,2021-10-25,2021-10-25,보건복지위원회,계류의안,https://likms.assembly.go.kr/bill/billDetail.do?billId=PRC_H2N1E1V0E2K5C0V8I4O3G2A5Z2P3A0,https://likms.assembly.go.kr/bill/billDetail.do?billId=PRC_H2N1E1V0E2K5C0V8I4O3G2A5Z2P3A0
2100066,21,2021년산 벼 30만톤 공공비축 요청에 관한 청원,지인구외 190인,송석준의원,2021-10-22,2021-10-22,농림축산식품해양수산위원회,계류의안,https://likms.assembly.go.kr/bill/billDetail.do?billId=PRC_M2F1L1Z0Z2M2P0T9K4J1F2O9S3Y5Y2,https://likms.assembly.go.kr/bill/billDetail.do?billId=PRC_M2F1L1Z0Z2M2P0T9K4J1F2O9S3Y5Y2
2100065,21,평등에 관한 법률안 반대에 관한 청원,"박은희외 100,000인",국민동의청원,2021-09-23,2021-09-23,법제사법위원회,계류의안,https://likms.assembly.go.kr/bill/billDetail.do?billId=PRC_S2W1O0L9U2Z3I1P2Z1E0T3R5R9W1N2,https://likms.assembly.go.kr/bill/billDetail.do?billId=PRC_S2W1O0L9U2Z3I1P2Z1E0T3R5R9W1N2
2100064,21,故손○○군 사건 CCTV공개와 함께 과학적인 재수사 엄중촉구에 관한 청원,"김보나외 100,000인",국민동의청원,2021-09-12,2021-11-04,법제사법위원회,계류의안,https://likms.assembly.go.kr/bill/billDetail.do?billId=PRC_W2L1D0I9S1U3B0W8K4B5K1W8R0X9R6,https://likms.assembly.go.kr/bill/billDetail.do?billId=PRC_W2L1D0I9S1U3B0W8K4B5K1W8R0X9R6
2100063,21,국가경찰과 자치경찰의 조직 및 운영에 관한 법률 개정에 관한 청원,진영종외 6인,이은주의원,2021-09-02,2021-09-02,행정안전위원회,계류의안,https://likms.assembly.go.kr/bill/billDetail.do?billId=PRC_A2X1P0B9Y0J2Z1L7G0A3F2K0U5M8P4,https://likms.assembly.go.kr/bill/billDetail.do?billId=PRC_A2X1P0B9Y0J2Z1L7G0A3F2K0U5M8P4
2100062,21,재외국민 참정권 실질적 보장 촉구에 관한 청원,곽상열,서영교의원,2021-08-27,2022-07-22,행정안전위원회,계류의안,https://likms.assembly.go.kr/bill/billDetail.do?billId=PRC_U2D1Q0X8C2A7Q1L4G5E1K4V8E9E9D1,https://likms.assembly.go.kr/bill/billDetail.do?billId=PRC_U2D1Q0X8C2A7Q1L4G5E1K4V8E9E9D1
2100061,21,월남전쟁 참전 인정기간 확대에 관한 청원,박수영,민홍철의원,2021-08-26,2021-08-26,정무위원회,계류의안,https://likms.assembly.go.kr/bill/billDetail.do?billId=PRC_N2O1V0V8N2O6W1I4Q4D1Y3X2V3L3W8,https://likms.assembly.go.kr/bill/billDetail.do?billId=PRC_N2O1V0V8N2O6W1I4Q4D1Y3X2V3L3W8
2100060,21,2021년 대학 기본역량 진단 심사 기준 및 평가 결과 산정 이유 공개에 관한 청원,전승환,윤상현의원,2021-08-23,2021-08-23,교육위원회,계류의안,https://likms.assembly.go.kr/bill/billDetail.do?billId=PRC_V2O1Y0K8H2W3Z1G0R5X0P5U5S0U6M1,https://likms.assembly.go.kr/bill/billDetail.do?billId=PRC_V2O1Y0K8H2W3Z1G0R5X0P5U5S0U6M1
2100059,21,건강가정기본법 개정안 반대에 관한 청원,"이경희외 100,000인",국민동의청원,2021-08-16,2021-08-17,여성가족위원회,계류의안,https://likms.assembly.go.kr/bill/billDetail.do?billId=PRC_M2A1D0K8F1S7N0C8C5O6N1R6O0N7Q5,https://likms.assembly.go.kr/bill/billDetail.do?billId=PRC_M2A1D0K8F1S7N0C8C5O6N1R6O0N7Q5
2100058,21,채무자 회생 및 파산에 관한 법률 일부 개정에 관한 청원,진영종외 4인,박주민의원,2021-08-10,2021-08-10,법제사법위원회,계류의안,https://likms.assembly.go.kr/bill/billDetail.do?billId=PRC_F2R1C0M8L1G0K1H4T2B4R1W4Y9Q7K8,https://likms.assembly.go.kr/bill/billDetail.do?billId=PRC_F2R1C0M8L1G0K1H4T2B4R1W4Y9Q7K8
2100057,21,채권의 공정한 추심에 관한 법률 일부 개정에 관한 청원,진영종외 4인,이수진의원,2021-08-05,2021-08-05,법제사법위원회,계류의안,https://likms.assembly.go.kr/bill/billDetail.do?billId=PRC_C2V1A0J8O0K5Q1H3E2T5J5I6P1R9E9,https://likms.assembly.go.kr/bill/billDetail.do?billId=PRC_C2V1A0J8O0K5Q1H3E2T5J5I6P1R9E9
2100056,21,보증인 보호를 위한 특별법 일부 개정에 관한 청원,진영종외 4인,이수진의원,2021-08-05,2021-08-05,법제사법위원회,계류의안,https://likms.assembly.go.kr/bill/billDetail.do?billId=PRC_W2C1A0F8H0O5S1W1R3M2I5T3E0I9O3,https://likms.assembly.go.kr/bill/billDetail.do?billId=PRC_W2C1A0F8H0O5S1W1R3M2I5T3E0I9O3
2100055,21,대부업 등의 등록 및 금융이용자 보호에 관한 법률 일부 개정에 관한 청원,진영종외 4인,민병덕의원,2021-08-03,2021-08-03,정무위원회,계류의안,https://likms.assembly.go.kr/bill/billDetail.do?billId=PRC_O2D1E0A8T0A3C1J1J0R9L0J3F3P1I3,https://likms.assembly.go.kr/bill/billDetail.do?billId=PRC_O2D1E0A8T0A3C1J1J0R9L0J3F3P1I3
2100054,21,이자제한법 일부 개정에 관한 청원,진영종외 4인,민병덕의원,2021-08-03,2021-08-03,법제사법위원회,계류의안,https://likms.assembly.go.kr/bill/billDetail.do?billId=PRC_S2B1S0U8A0A3K1I1F0U7O4O0B1S8O3,https://likms.assembly.go.kr/bill/billDetail.do?billId=PRC_S2B1S0U8A0A3K1I1F0U7O4O0B1S8O3
2100053,21,제헌절 공휴일 지정에 관한 청원,김태훈외 5인,유상범의원,2021-07-16,2021-07-16,행정안전위원회,계류의안,https://likms.assembly.go.kr/bill/billDetail.do?billId=PRC_N2F1E0W7R1M6X1P2L0K0H0W8R0D8P2,https://likms.assembly.go.kr/bill/billDetail.do?billId=PRC_N2F1E0W7R1M6X1P2L0K0H0W8R0D8P2
2100052,21,김명수 대법원장 탄핵 소추에 관한 청원,김태훈외 5인,유상범의원,2021-07-16,2021-07-16,법제사법위원회,계류의안,https://likms.assembly.go.kr/bill/billDetail.do?billId=PRC_U2B1R0N7T1G6N1P1N5U3X3T1O6M6I2,https://likms.assembly.go.kr/bill/billDetail.do?billId=PRC_U2B1R0N7T1G6N1P1N5U3X3T1O6M6I2
2100051,21,박대출 의원이 대표발의한 공직선거법 개정안 조속 통과 요청에 관한 청원,김한나,박대출의원,2021-07-01,2022-07-22,행정안전위원회,계류의안,https://likms.assembly.go.kr/bill/billDetail.do?billId=PRC_Q2Z1S0B7A0D1O1I3S5P3G1W0Q5F8B4,https://likms.assembly.go.kr/bill/billDetail.do?billId=PRC_Q2Z1S0B7A0D1O1I3S5P3G1W0Q5F8B4
2100050,21,학급당 학생 수 20명 상한을 위한 초ㆍ중등교육법 개정에 관한 청원,"전희영외 100,000인",국민동의청원,2021-06-22,2021-06-22,교육위원회,계류의안,https://likms.assembly.go.kr/bill/billDetail.do?billId=PRC_D2V1M0G6F2L2J1H6M3S6X4U1I2P0T4,https://likms.assembly.go.kr/bill/billDetail.do?billId=PRC_D2V1M0G6F2L2J1H6M3S6X4U1I2P0T4
2100049,21,평등에 관한 법률안 반대에 관한 청원,"길원평외 100,000인",국민동의청원,2021-06-22,2021-06-22,법제사법위원회,계류의안,https://likms.assembly.go.kr/bill/billDetail.do?billId=PRC_X2D1V0V6D2F2S1E3F3K1P4Y6U8E6X9,https://likms.assembly.go.kr/bill/billDetail.do?billId=PRC_X2D1V0V6D2F2S1E3F3K1P4Y6U8E6X9
2100048,21,차별금지법 제정에 관한 청원,"김두나외 100,000인",국민동의청원,2021-06-14,2021-06-14,법제사법위원회,계류의안,https://likms.assembly.go.kr/bill/billDetail.do?billId=PRC_Z2Q1G0R6R1R4F1Y6J4B3K5E8F5Z9H7,https://likms.assembly.go.kr/bill/billDetail.do?billId=PRC_Z2Q1G0R6R1R4F1Y6J4B3K5E8F5Z9H7
2100047,21,국가보안법 폐지 반대에 관한 청원,"최영심외 100,000인",국민동의청원,2021-06-09,2021-06-09,법제사법위원회,계류의안,https://likms.assembly.go.kr/bill/billDetail.do?billId=PRC_F2P1C0T6S0G9Z0Z8X4L9O4M9U2R3J3,https://likms.assembly.go.kr/bill/billDetail.do?billId=PRC_F2P1C0T6S0G9Z0Z8X4L9O4M9U2R3J3
2100046,21,낚시행위 제한 근거 조항 개정에 관한 청원,"유원기외 100,000인",국민동의청원,2021-05-25,2022-02-11,환경노동위원회,계류의안,https://likms.assembly.go.kr/bill/billDetail.do?billId=PRC_E2T1P0K5L2E6X1M7B0B5P2I7I0C1M6,https://likms.assembly.go.kr/bill/billDetail.do?billId=PRC_E2T1P0K5L2E6X1M7B0B5P2I7I0C1M6
2100044,21,농가부담 경감을 위한 전기사업법 일부개정에 관한 청원,지인구외 250인,송석준의원,2021-05-25,2021-05-25,산업통상자원중소벤처기업위원회,계류의안,https://likms.assembly.go.kr/bill/billDetail.do?billId=PRC_D2A1B0Y5T2W5L1J3B4B8G0T7Y3A8J5,https://likms.assembly.go.kr/bill/billDetail.do?billId=PRC_D2A1B0Y5T2W5L1J3B4B8G0T7Y3A8J5
2100043,21,국가보안법 폐지에 관한 청원,"박석운외 100,000인",국민동의청원,2021-05-19,2021-05-20,법제사법위원회,계류의안,https://likms.assembly.go.kr/bill/billDetail.do?billId=PRC_Q2X1U0E5H2R0Q0P8D3I7W4G6H6C8T5,https://likms.assembly.go.kr/bill/billDetail.do?billId=PRC_Q2X1U0E5H2R0Q0P8D3I7W4G6H6C8T5
2100042,21,여성 의무 군복무에 관한 「병역법」 개정에 관한 청원,"조원준외 100,000인",국민동의청원,2021-05-14,2021-05-14,국방위원회,계류의안,https://likms.assembly.go.kr/bill/billDetail.do?billId=PRC_T2J1A0M5R1N4V0F6B5T1G1L5K2R4S0,https://likms.assembly.go.kr/bill/billDetail.do?billId=PRC_T2J1A0M5R1N4V0F6B5T1G1L5K2R4S0
2100040,21,국가유공자 등 단체 설립에 관한 법률 개정에 관한 청원,이동일외 24인,이낙연의원,2021-04-29,2021-04-29,정무위원회,계류의안,https://likms.assembly.go.kr/bill/billDetail.do?billId=PRC_F2D1K0P4K2G9N1O8Z1I8A3H5I3R5M0,https://likms.assembly.go.kr/bill/billDetail.do?billId=PRC_F2D1K0P4K2G9N1O8Z1I8A3H5I3R5M0
2100039,21,토지초과이득세법 제정에 관한 청원,진영종,심상정의원,2021-04-27,2021-04-27,기획재정위원회,계류의안,https://likms.assembly.go.kr/bill/billDetail.do?billId=PRC_P2H1E0Z4G2X7V1C6H5C1M1V3K6O9J4,https://likms.assembly.go.kr/bill/billDetail.do?billId=PRC_P2H1E0Z4G2X7V1C6H5C1M1V3K6O9J4
2100038,21,장애인보청기 사용환경 개선을 위한 관련법 개정추진에 관한 청원,김주현외 99인,김윤덕의원,2021-04-22,2021-04-22,보건복지위원회,계류의안,https://likms.assembly.go.kr/bill/billDetail.do?billId=PRC_K2Q1I0O4I2D2I1U5Q2N6G3T8G1A7V6,https://likms.assembly.go.kr/bill/billDetail.do?billId=PRC_K2Q1I0O4I2D2I1U5Q2N6G3T8G1A7V6
2100033,21,공소청과 중대범죄수사청의 설치 및 검찰청의 폐지 입법추진 반대에 관한 청원,신영무,김기현의원외 8인,2021-03-04,2021-03-04,법제사법위원회,계류의안,https://likms.assembly.go.kr/bill/billDetail.do?billId=PRC_M2O1U0W3V0Y4A1M5G4W4R5D7W3Z1J7,https://likms.assembly.go.kr/bill/billDetail.do?billId=PRC_M2O1U0W3V0Y4A1M5G4W4R5D7W3Z1J7
2100029,21,감염병의 예방 및 관리에 관한 법률 일부개정법률안에 관한 청원,정강자,진성준의원,2021-02-05,2021-02-05,보건복지위원회,계류의안,https://likms.assembly.go.kr/bill/billDetail.do?billId=PRC_R2V1U0I2T0E5Y1N4Y1M0T2P5F6R4D4,https://likms.assembly.go.kr/bill/billDetail.do?billId=PRC_R2V1U0I2T0E5Y1N4Y1M0T2P5F6R4D4
2100028,21,성폭력 피해교사 징계 구제와 제도개선에 관한 청원,이현수,권인숙의원,2021-01-27,2021-01-27,교육위원회,계류의안,https://likms.assembly.go.kr/bill/billDetail.do?billId=PRC_L2W1P0I1L2P7T1M4Q3X9E3A5T1M9S9,https://likms.assembly.go.kr/bill/billDetail.do?billId=PRC_L2W1P0I1L2P7T1M4Q3X9E3A5T1M9S9
2100027,21,해양경찰 경비정 속초72정 인양 예산 지원에 관한 청원,강태윤,이철규의원,2021-01-21,2021-01-22,농림축산식품해양수산위원회,계류의안,https://likms.assembly.go.kr/bill/billDetail.do?billId=PRC_U2A1M0R1I2X1Y1L7V5G3Y4U8S8D6V7,https://likms.assembly.go.kr/bill/billDetail.do?billId=PRC_U2A1M0R1I2X1Y1L7V5G3Y4U8S8D6V7
2100026,21,태아 생명을 보호하는 낙태법 개정안 요청에 관한 청원,"박은희외 100,000인",국민동의청원,2020-12-26,2020-12-28,보건복지위원회,계류의안,https://likms.assembly.go.kr/bill/billDetail.do?billId=PRC_H2T0W1G2Y2Z8J1V0R3O5F5X7N6P7X2,https://likms.assembly.go.kr/bill/billDetail.do?billId=PRC_H2T0W1G2Y2Z8J1V0R3O5F5X7N6P7X2
2100025,21,판결문 공개제도 수수료 폐지를 위한 민사소송법 개정에 관한 청원,정강자,박주민의원,2020-12-22,2020-12-22,법제사법위원회,계류의안,https://likms.assembly.go.kr/bill/billDetail.do?billId=PRC_M2G0Q1B2O2H2O1N5A2Z1J4A1P9Q4R8,https://likms.assembly.go.kr/bill/billDetail.do?billId=PRC_M2G0Q1B2O2H2O1N5A2Z1J4A1P9Q4R8
2100024,21,판결문 공개제도 확대를 위한 형사소송법 개정에 관한 청원,정강자,박주민의원,2020-12-22,2020-12-22,법제사법위원회,계류의안,https://likms.assembly.go.kr/bill/billDetail.do?billId=PRC_A2Q0X1H2Q2Z2A1N5O2Q0P1H1O8Q3J4,https://likms.assembly.go.kr/bill/billDetail.do?billId=PRC_A2Q0X1H2Q2Z2A1N5O2Q0P1H1O8Q3J4
2100023,21,연합국 무공훈장 수훈자의 권익회복을 위한 “국가유공자 등 예우 및 지원에 관한 법률 개정안” 처리에 관한 청원,이선호외 100인,장경태의원,2020-12-03,2020-12-03,정무위원회,계류의안,https://likms.assembly.go.kr/bill/billDetail.do?billId=PRC_P2K0Z1I2B0I3R1F4Z3L9Q4I9E3I5Q6,https://likms.assembly.go.kr/bill/billDetail.do?billId=PRC_P2K0Z1I2B0I3R1F4Z3L9Q4I9E3I5Q6
2100022,21,공직자의 이해충돌방지법 제정에 관한 청원,정강자,이정문의원,2020-11-24,2020-11-24,정무위원회,계류의안,https://likms.assembly.go.kr/bill/billDetail.do?billId=PRC_M2B0S1H1L2E4F1C4O0R2E2J1J0T2U9,https://likms.assembly.go.kr/bill/billDetail.do?billId=PRC_M2B0S1H1L2E4F1C4O0R2E2J1J0T2U9
2100021,21,교육공무직원과 방과후학교·돌봄교실의 법적 근거 마련을 위한 교육관련법 개정에 관한 청원,"박정호외 100,000인",국민동의청원,2020-11-15,2020-11-16,교육위원회,계류의안,https://likms.assembly.go.kr/bill/billDetail.do?billId=PRC_K2T0Q1N1S1H6E0J7Z1A1D2O1W5J2Q8,https://likms.assembly.go.kr/bill/billDetail.do?billId=PRC_K2T0Q1N1S1H6E0J7Z1A1D2O1W5J2Q8
2100020,21,공무원ㆍ교원 정치기본권 보장 관련 법률 개정에 관한 청원,"전호일외 100,000인",국민동의청원,2020-11-04,2022-07-22,행정안전위원회,계류의안,https://likms.assembly.go.kr/bill/billDetail.do?billId=PRC_F2M0E1W1W0P5L0W7I5W4U3O2V4F4B0,https://likms.assembly.go.kr/bill/billDetail.do?billId=PRC_F2M0E1W1W0P5L0W7I5W4U3O2V4F4B0
2100019,21,낙태죄 전면 폐지와 여성의 재생산권 보장에 관한 청원,"노세영외 100,000인",국민동의청원,2020-11-03,2020-11-03,보건복지위원회,계류의안,https://likms.assembly.go.kr/bill/billDetail.do?billId=PRC_J2Q0S1R1P0H3H0M8S2S2R2N2H7L9G7,https://likms.assembly.go.kr/bill/billDetail.do?billId=PRC_J2Q0S1R1P0H3H0M8S2S2R2N2H7L9G7
2100018,21,보전가치가 낮은 농경지에 대한 국립공원 지정 해제 요구에 관한 청원,이재억,유상범의원,2020-11-02,2020-11-02,환경노동위원회,계류의안,https://likms.assembly.go.kr/bill/billDetail.do?billId=PRC_N2T0X1A1S0S2W1M5Y3A2T1Q4K6K6R3,https://likms.assembly.go.kr/bill/billDetail.do?billId=PRC_N2T0X1A1S0S2W1M5Y3A2T1Q4K6K6R3
2100017,21,4.16세월호참사 관련 박근혜 전 대통령 기록물 공개 결의에 관한 청원,"이주연외 100,000인",국민동의청원,2020-10-31,2020-11-17,행정안전위원회,계류의안,https://likms.assembly.go.kr/bill/billDetail.do?billId=PRC_A2P0O1X1K0P2U0O9F4I3U0S3I7S4T1,https://likms.assembly.go.kr/bill/billDetail.do?billId=PRC_A2P0O1X1K0P2U0O9F4I3U0S3I7S4T1
2100012,21,차별금지법 제정 반대에 관한 청원,"최병국외 17,015인",장제원의원외 1인,2020-09-22,2020-09-22,법제사법위원회,계류의안,https://likms.assembly.go.kr/bill/billDetail.do?billId=PRC_N2E0X0J9U2N2X1S0X2M4C2Q2M4G3J1,https://likms.assembly.go.kr/bill/billDetail.do?billId=PRC_N2E0X0J9U2N2X1S0X2M4C2Q2M4G3J1
2100011,21,모든 노동자에 대해 근로기준법을 적용하도록 하고 노조활동을 할 수 있도록 하는 근로기준법 및 노동조합법 개정에 관한 청원,"김재하외 100,000인",국민동의청원,2020-09-19,2020-09-21,환경노동위원회,계류의안,https://likms.assembly.go.kr/bill/billDetail.do?billId=PRC_Q2T0I0H9B2B1R0P7G1J8E4U1E8T5J5,https://likms.assembly.go.kr/bill/billDetail.do?billId=PRC_Q2T0I0H9B2B1R0P7G1J8E4U1E8T5J5
2100010,21,지역의사제 관련 법안 제·개정 반대 및 한의대 정원을 이용한 의사 확충 재고에 관한 청원,"노영서외 100,000인",국민동의청원,2020-08-15,2020-08-18,보건복지위원회,계류의안,https://likms.assembly.go.kr/bill/billDetail.do?billId=PRC_B2G0E0N8P1B8P0A9Z2K2N3N8P3D1S4,https://likms.assembly.go.kr/bill/billDetail.do?billId=PRC_B2G0E0N8P1B8P0A9Z2K2N3N8P3D1S4
2100008,21,개정 주택임대차보호법 폐지에 관한 청원,홍세욱,박성중의원,2020-08-12,2020-08-12,법제사법위원회,계류의안,https://likms.assembly.go.kr/bill/billDetail.do?billId=PRC_T2U0F0W8P1N2Z1L4T3J1I5H4K0Z5K9,https://likms.assembly.go.kr/bill/billDetail.do?billId=PRC_T2U0F0W8P1N2Z1L4T3J1I5H4K0Z5K9
2100007,21,개정 주택법 및 개정 부동산 거래신고 등에 관한 법률 폐지에 관한 청원,홍세욱,박성중의원,2020-08-12,2020-08-12,국토교통위원회,계류의안,https://likms.assembly.go.kr/bill/billDetail.do?billId=PRC_U2B0O0H8X1U2S1Y4X3G0J3Q0R6N6I5,https://likms.assembly.go.kr/bill/billDetail.do?billId=PRC_U2B0O0H8X1U2S1Y4X3G0J3Q0R6N6I5
2100006,21,인문사회 분야의 안정적인 연구교육 기반 조성에 관한 청원,류재한,이낙연의원,2020-08-04,2020-08-05,교육위원회,계류의안,https://likms.assembly.go.kr/bill/billDetail.do?billId=PRC_H2S0T0T8J0S4E1M6T1B1C5M5O9K9O5,https://likms.assembly.go.kr/bill/billDetail.do?billId=PRC_H2S0T0T8J0S4E1M6T1B1C5M5O9K9O5
2100004,21,군 휴가 중 폭행사건 관련 보훈혜택 부여에 관한 청원,함석인,문진석의원,2020-07-08,2020-07-09,정무위원회,계류의안,https://likms.assembly.go.kr/bill/billDetail.do?billId=PRC_G2V0U0H7M0X8T1F7I2W6P2G0O4T1F5,https://likms.assembly.go.kr/bill/billDetail.do?billId=PRC_G2V0U0H7M0X8T1F7I2W6P2G0O4T1F5
2100003,21,포괄적 차별금지법 반대에 관한 청원,"이연국외 100,000인",국민동의청원,2020-07-07,2020-07-08,법제사법위원회,계류의안,https://likms.assembly.go.kr/bill/billDetail.do?billId=PRC_H2Q0N0C7W0O8Y1W4V3Q5I3L5B9W8F0,https://likms.assembly.go.kr/bill/billDetail.do?billId=PRC_H2Q0N0C7W0O8Y1W4V3Q5I3L5B9W8F0

